"../../../Engine/Config/Android/DataDrivenPlatformInfo.ini" 1
"../../../Engine/Config/Base.ini" 2
"../../../Engine/Config/BaseEngine.ini" 3
"../../../Engine/Config/Android/BaseAndroidEngine.ini" 4
"D:/Users/Yaroslav/OneDrive/Unreal/Unreal Projects/Project/JamProject05/Config/DefaultEngine.ini" 5
"../../../Engine/Config/Android/AndroidEngine.ini" 6
"../../../Engine/Config/HoloLens/DataDrivenPlatformInfo.ini" 7
"../../../Engine/Config/IOS/DataDrivenPlatformInfo.ini" 8
"../../../Engine/Config/Linux/DataDrivenPlatformInfo.ini" 9
"../../../Engine/Config/LinuxAArch64/DataDrivenPlatformInfo.ini" 10
"../../../Engine/Config/Lumin/DataDrivenPlatformInfo.ini" 11
"../../../Engine/Config/Mac/DataDrivenPlatformInfo.ini" 12
"../../../Engine/Config/TVOS/DataDrivenPlatformInfo.ini" 13
"../../../Engine/Config/Windows/DataDrivenPlatformInfo.ini" 14
"../../../Engine/Config/Windows/BaseWindowsEngine.ini" 15
"../../../Engine/Config/Windows/WindowsEngine.ini" 16
"D:/Users/Yaroslav/OneDrive/Unreal/Unreal Projects/Project/JamProject05/Saved/Config/Windows/Engine.ini" 17
"D:/Users/Yaroslav/OneDrive/Unreal/Unreal Projects/Project/JamProject05/JamProject05.uproject" 18
"../../../Engine/Plugins/2D/Paper2D/Paper2D.uplugin" 19
"../../../Engine/Plugins/AI/AISupport/AISupport.uplugin" 20
"../../../Engine/Plugins/AI/HTNPlanner/HTNPlanner.uplugin" 21
"../../../Engine/Plugins/Animation/GameplayInsights/GameplayInsights.uplugin" 22
"../../../Engine/Plugins/Animation/LiveLink/LiveLink.uplugin" 23
"../../../Engine/Plugins/Animation/LiveLinkCurveDebugUI/LiveLinkCurveDebugUI.uplugin" 24
"../../../Engine/Plugins/Blendables/LightPropagationVolume/LightPropagationVolume.uplugin" 25
"../../../Engine/Plugins/BlueprintFileUtils/BlueprintFileUtils.uplugin" 26
"../../../Engine/Plugins/Cameras/CameraShakePreviewer/CameraShakePreviewer.uplugin" 27
"../../../Engine/Plugins/Compositing/Composure/Composure.uplugin" 28
"../../../Engine/Plugins/Compositing/LensDistortion/LensDistortion.uplugin" 29
"../../../Engine/Plugins/Compositing/OpenColorIO/OpenColorIO.uplugin" 30
"../../../Engine/Plugins/Compositing/OpenCVLensDistortion/OpenCVLensDistortion.uplugin" 31
"../../../Engine/Plugins/Developer/ActorLayerUtilities/ActorLayerUtilities.uplugin" 32
"../../../Engine/Plugins/Developer/AnimationSharing/AnimationSharing.uplugin" 33
"../../../Engine/Plugins/Developer/BlankPlugin/BlankPlugin.uplugin" 34
"../../../Engine/Plugins/Developer/CLionSourceCodeAccess/CLionSourceCodeAccess.uplugin" 35
"../../../Engine/Plugins/Developer/CodeLiteSourceCodeAccess/CodeLiteSourceCodeAccess.uplugin" 36
"../../../Engine/Plugins/Developer/Concert/ConcertMain/ConcertMain.uplugin" 37
"../../../Engine/Plugins/Developer/Concert/ConcertSync/ConcertSyncClient/ConcertSyncClient.uplugin" 38
"../../../Engine/Plugins/Developer/Concert/ConcertSync/ConcertSyncCore/ConcertSyncCore.uplugin" 39
"../../../Engine/Plugins/Developer/Concert/ConcertSync/ConcertSyncServer/ConcertSyncServer.uplugin" 40
"../../../Engine/Plugins/Developer/Concert/ConcertSync/ConcertSyncTest/ConcertSyncTest.uplugin" 41
"../../../Engine/Plugins/Developer/Concert/DisasterRecoveryClient/DisasterRecoveryClient.uplugin" 42
"../../../Engine/Plugins/Developer/Concert/MultiUserClient/MultiUserClient.uplugin" 43
"../../../Engine/Plugins/Developer/GitSourceControl/GitSourceControl.uplugin" 44
"../../../Engine/Plugins/Developer/KDevelopSourceCodeAccess/KDevelopSourceCodeAccess.uplugin" 45
"../../../Engine/Plugins/Developer/NullSourceCodeAccess/NullSourceCodeAccess.uplugin" 46
"../../../Engine/Plugins/Developer/OneSkyLocalizationService/OneSkyLocalizationService.uplugin" 47
"../../../Engine/Plugins/Developer/PerforceSourceControl/PerforceSourceControl.uplugin" 48
"../../../Engine/Plugins/Developer/PlasticSourceControl/PlasticSourceControl.uplugin" 49
"../../../Engine/Plugins/Developer/RenderDocPlugin/RenderDocPlugin.uplugin" 50
"../../../Engine/Plugins/Developer/RiderSourceCodeAccess/RiderSourceCodeAccess.uplugin" 51
"../../../Engine/Plugins/Developer/SubversionSourceControl/SubversionSourceControl.uplugin" 52
"../../../Engine/Plugins/Developer/TraceDataFiltering/TraceDataFilters.uplugin" 53
"../../../Engine/Plugins/Developer/TraceSourceFiltering/TraceSourceFilters.uplugin" 54
"../../../Engine/Plugins/Developer/UObjectPlugin/UObjectPlugin.uplugin" 55
"../../../Engine/Plugins/Developer/VisualStudioCodeSourceCodeAccess/VisualStudioCodeSourceCodeAccess.uplugin" 56
"../../../Engine/Plugins/Developer/VisualStudioSourceCodeAccess/VisualStudioSourceCodeAccess.uplugin" 57
"../../../Engine/Plugins/Developer/XCodeSourceCodeAccess/XCodeSourceCodeAccess.uplugin" 58
"../../../Engine/Plugins/Editor/AssetManagerEditor/AssetManagerEditor.uplugin" 59
"../../../Engine/Plugins/Editor/BlueprintMaterialTextureNodes/BlueprintMaterialTextureNodes.uplugin" 60
"../../../Engine/Plugins/Editor/CryptoKeys/CryptoKeys.uplugin" 61
"../../../Engine/Plugins/Editor/CurveEditorTools/CurveEditorTools.uplugin" 62
"../../../Engine/Plugins/Editor/DataValidation/DataValidation.uplugin" 63
"../../../Engine/Plugins/Editor/EditorScriptingUtilities/EditorScriptingUtilities.uplugin" 64
"../../../Engine/Plugins/Editor/FacialAnimation/FacialAnimation.uplugin" 65
"../../../Engine/Plugins/Editor/GameplayTagsEditor/GameplayTagsEditor.uplugin" 66
"../../../Engine/Plugins/Editor/GeometryMode/GeometryMode.uplugin" 67
"../../../Engine/Plugins/Editor/GLTFImporter/GLTFImporter.uplugin" 68
"../../../Engine/Plugins/Editor/MacGraphicsSwitching/MacGraphicsSwitching.uplugin" 69
"../../../Engine/Plugins/Editor/MaterialAnalyzer/MaterialAnalyzer.uplugin" 70
"../../../Engine/Plugins/Editor/MeshEditor/MeshEditor.uplugin" 71
"../../../Engine/Plugins/Editor/MobileLauncherProfileWizard/MobileLauncherProfileWizard.uplugin" 72
"../../../Engine/Plugins/Editor/PluginBrowser/PluginBrowser.uplugin" 73
"../../../Engine/Plugins/Editor/SpeedTreeImporter/SpeedTreeImporter.uplugin" 74
"../../../Engine/Plugins/Editor/StylusInput/StylusInput.uplugin" 75
"../../../Engine/Plugins/Enterprise/AxFImporter/AxFImporter.uplugin" 76
"../../../Engine/Plugins/Enterprise/DataprepEditor/DataprepEditor.uplugin" 77
"../../../Engine/Plugins/Enterprise/DatasmithC4DImporter/DatasmithC4DImporter.uplugin" 78
"../../../Engine/Plugins/Enterprise/DatasmithCADImporter/DatasmithCADImporter.uplugin" 79
"../../../Engine/Plugins/Enterprise/DatasmithContent/DatasmithContent.uplugin" 80
"../../../Engine/Plugins/Enterprise/DatasmithFBXImporter/DatasmithFBXImporter.uplugin" 81
"../../../Engine/Plugins/Enterprise/DatasmithGLTFImporter/DatasmithGLTFImporter.uplugin" 82
"../../../Engine/Plugins/Enterprise/DatasmithIFCImporter/DatasmithIFCImporter.uplugin" 83
"../../../Engine/Plugins/Enterprise/DatasmithImporter/DatasmithImporter.uplugin" 84
"../../../Engine/Plugins/Enterprise/LidarPointCloud/LidarPointCloud.uplugin" 85
"../../../Engine/Plugins/Enterprise/MDLImporter/MDLImporter.uplugin" 86
"../../../Engine/Plugins/Enterprise/StaticMeshEditorExtension/StaticMeshEditorExtension.uplugin" 87
"../../../Engine/Plugins/Enterprise/VariantManager/VariantManager.uplugin" 88
"../../../Engine/Plugins/Enterprise/VariantManagerContent/VariantManagerContent.uplugin" 89
"../../../Engine/Plugins/Experimental/AlembicHairImporter/AlembicHairImporter.uplugin" 90
"../../../Engine/Plugins/Experimental/AlembicImporter/AlembicImporter.uplugin" 91
"../../../Engine/Plugins/Experimental/AppleVision/AppleVision.uplugin" 92
"../../../Engine/Plugins/Experimental/AR/PointCloud/PointCloud.uplugin" 93
"../../../Engine/Plugins/Experimental/AutomationUtils/AutomationUtils.uplugin" 94
"../../../Engine/Plugins/Experimental/BackChannel/BackChannel.uplugin" 95
"../../../Engine/Plugins/Experimental/BlastPlugin/BlastPlugin.uplugin" 96
"../../../Engine/Plugins/Experimental/BlueprintStats/BlueprintStats.uplugin" 97
"../../../Engine/Plugins/Experimental/ChaosCloth/ChaosCloth.uplugin" 98
"../../../Engine/Plugins/Experimental/ChaosClothEditor/ChaosClothEditor.uplugin" 99
"../../../Engine/Plugins/Experimental/ChaosEditor/ChaosEditor.uplugin" 100
"../../../Engine/Plugins/Experimental/ChaosNiagara/ChaosNiagara.uplugin" 101
"../../../Engine/Plugins/Experimental/ChaosSolverPlugin/ChaosSolverPlugin.uplugin" 102
"../../../Engine/Plugins/Experimental/CharacterAI/CharacterAI.uplugin" 103
"../../../Engine/Plugins/Experimental/CodeEditor/CodeEditor.uplugin" 104
"../../../Engine/Plugins/Experimental/CodeView/CodeView.uplugin" 105
"../../../Engine/Plugins/Experimental/ControlRig/ControlRig.uplugin" 106
"../../../Engine/Plugins/Experimental/DigitalMultiplex/DMXEngine/DMXEngine.uplugin" 107
"../../../Engine/Plugins/Experimental/DigitalMultiplex/DMXFixtures/DMXFixtures.uplugin" 108
"../../../Engine/Plugins/Experimental/DigitalMultiplex/DMXProtocol/DMXProtocol.uplugin" 109
"../../../Engine/Plugins/Experimental/FieldSystemPlugin/FieldSystemPlugin.uplugin" 110
"../../../Engine/Plugins/Experimental/Gauntlet/Gauntlet.uplugin" 111
"../../../Engine/Plugins/Experimental/GeometryCache/GeometryCache.uplugin" 112
"../../../Engine/Plugins/Experimental/GeometryCacheAbcFile/GeometryCacheAbcFile.uplugin" 113
"../../../Engine/Plugins/Experimental/GeometryCollectionPlugin/GeometryCollectionPlugin.uplugin" 114
"../../../Engine/Plugins/Experimental/GeometryProcessing/GeometryProcessing.uplugin" 115
"../../../Engine/Plugins/Experimental/HairStrands/HairStrands.uplugin" 116
"../../../Engine/Plugins/Experimental/ImagePlate/ImagePlate.uplugin" 117
"../../../Engine/Plugins/Experimental/Landmass/Landmass.uplugin" 118
"../../../Engine/Plugins/Experimental/LiveLinkControlRig/LiveLinkControlRig.uplugin" 119
"../../../Engine/Plugins/Experimental/MeshModelingToolset/MeshModelingToolset.uplugin" 120
"../../../Engine/Plugins/Experimental/ModelingToolsEditorMode/ModelingToolsEditorMode.uplugin" 121
"../../../Engine/Plugins/Experimental/PanoramicCapture/PanoramicCapture.uplugin" 122
"../../../Engine/Plugins/Experimental/PlanarCutPlugin/PlanarCut.uplugin" 123
"../../../Engine/Plugins/Experimental/PlatformCrypto/PlatformCrypto.uplugin" 124
"../../../Engine/Plugins/Experimental/ProxyLODPlugin/ProxyLODPlugin.uplugin" 125
"../../../Engine/Plugins/Experimental/PythonScriptPlugin/PythonScriptPlugin.uplugin" 126
"../../../Engine/Plugins/Experimental/RawInput/RawInput.uplugin" 127
"../../../Engine/Plugins/Experimental/RemoteSession/RemoteSession.uplugin" 128
"../../../Engine/Plugins/Experimental/SampleToolsEditorMode/SampleToolsEditorMode.uplugin" 129
"../../../Engine/Plugins/Experimental/ShallowWater/ShallowWater.uplugin" 130
"../../../Engine/Plugins/Experimental/Shotgun/Shotgun.uplugin" 131
"../../../Engine/Plugins/Experimental/SimpleHMD/SimpleHMD.uplugin" 132
"../../../Engine/Plugins/Experimental/SkeletalReduction/SkeletalReduction.uplugin" 133
"../../../Engine/Plugins/Experimental/Text3D/Text3D.uplugin" 134
"../../../Engine/Plugins/Experimental/VirtualCamera/VirtualCamera.uplugin" 135
"../../../Engine/Plugins/Experimental/VirtualProductionUtilities/VirtualProductionUtilities.uplugin" 136
"../../../Engine/Plugins/Experimental/Volumetrics/Volumetrics.uplugin" 137
"../../../Engine/Plugins/Experimental/WebSocketNetworking/WebSocketNetworking.uplugin" 138
"../../../Engine/Plugins/FX/HoudiniNiagara/HoudiniNiagara.uplugin" 139
"../../../Engine/Plugins/FX/Niagara/Niagara.uplugin" 140
"../../../Engine/Plugins/FX/NiagaraExtras/NiagaraExtras.uplugin" 141
"../../../Engine/Plugins/Importers/Experimental/RemoteImport/RemoteImport.uplugin" 142
"../../../Engine/Plugins/Importers/USDImporter/USDImporter.uplugin" 143
"../../../Engine/Plugins/Lumin/MagicLeap/MagicLeap.uplugin" 144
"../../../Engine/Plugins/Lumin/MagicLeapCamera/MagicLeapCamera.uplugin" 145
"../../../Engine/Plugins/Lumin/MagicLeapConnections/MagicLeapConnections.uplugin" 146
"../../../Engine/Plugins/Lumin/MagicLeapContacts/MagicLeapContacts.uplugin" 147
"../../../Engine/Plugins/Lumin/MagicLeapDispatch/MagicLeapDispatch.uplugin" 148
"../../../Engine/Plugins/Lumin/MagicLeapLightEstimation/MagicLeapLightEstimation.uplugin" 149
"../../../Engine/Plugins/Lumin/MagicLeapLocation/MagicLeapLocation.uplugin" 150
"../../../Engine/Plugins/Lumin/MagicLeapMedia/MagicLeapMedia.uplugin" 151
"../../../Engine/Plugins/Lumin/MagicLeapMovement/MagicLeapMovement.uplugin" 152
"../../../Engine/Plugins/Lumin/MagicLeapMusicService/MagicLeapMusicService.uplugin" 153
"../../../Engine/Plugins/Lumin/MagicLeapNetworking/MagicLeapNetworking.uplugin" 154
"../../../Engine/Plugins/Lumin/MagicLeapPassableWorld/MagicLeapPassableWorld.uplugin" 155
"../../../Engine/Plugins/Lumin/MagicLeapScreens/MagicLeapScreens.uplugin" 156
"../../../Engine/Plugins/Lumin/MagicLeapSharedFile/MagicLeapSharedFile.uplugin" 157
"../../../Engine/Plugins/Lumin/MagicLeapTablet/MagicLeapTablet.uplugin" 158
"../../../Engine/Plugins/Lumin/MLSDK/MLSDK.uplugin" 159
"../../../Engine/Plugins/Marketplace/EasyBallistics/EasyBallistics.uplugin" 160
"../../../Engine/Plugins/Marketplace/PlayFabSDK/PlayFab.uplugin" 161
"../../../Engine/Plugins/Media/AjaMedia/AjaMedia.uplugin" 162
"../../../Engine/Plugins/Media/AndroidCamera/AndroidCamera.uplugin" 163
"../../../Engine/Plugins/Media/AndroidMedia/AndroidMedia.uplugin" 164
"../../../Engine/Plugins/Media/AppleProResMedia/AppleProResMedia.uplugin" 165
"../../../Engine/Plugins/Media/AudioCaptureTimecodeProvider/AudioCaptureTimecodeProvider.uplugin" 166
"../../../Engine/Plugins/Media/AvfMedia/AvfMedia.uplugin" 167
"../../../Engine/Plugins/Media/AvidDNxMedia/AvidDNxMedia.uplugin" 168
"../../../Engine/Plugins/Media/BlackmagicMedia/BlackmagicMedia.uplugin" 169
"../../../Engine/Plugins/Media/HAPMedia/HAPMedia.uplugin" 170
"../../../Engine/Plugins/Media/ImgMedia/ImgMedia.uplugin" 171
"../../../Engine/Plugins/Media/LinearTimecode/LinearTimecode.uplugin" 172
"../../../Engine/Plugins/Media/MediaCompositing/MediaCompositing.uplugin" 173
"../../../Engine/Plugins/Media/MediaFrameworkUtilities/MediaFrameworkUtilities.uplugin" 174
"../../../Engine/Plugins/Media/MediaIOFramework/MediaIOFramework.uplugin" 175
"../../../Engine/Plugins/Media/MediaPlayerEditor/MediaPlayerEditor.uplugin" 176
"../../../Engine/Plugins/Media/MfMedia/MfMedia.uplugin" 177
"../../../Engine/Plugins/Media/PixelStreaming/PixelStreaming.uplugin" 178
"../../../Engine/Plugins/Media/TimecodeSynchronizer/TimecodeSynchronizer.uplugin" 179
"../../../Engine/Plugins/Media/WebMMedia/WebMMedia.uplugin" 180
"../../../Engine/Plugins/Media/WmfMedia/WmfMedia.uplugin" 181
"../../../Engine/Plugins/MeshPainting/MeshPainting.uplugin" 182
"../../../Engine/Plugins/Messaging/MessagingDebugger/MessagingDebugger.uplugin" 183
"../../../Engine/Plugins/Messaging/TcpMessaging/TcpMessaging.uplugin" 184
"../../../Engine/Plugins/Messaging/UdpMessaging/UdpMessaging.uplugin" 185
"../../../Engine/Plugins/MovieScene/ActorSequence/ActorSequence.uplugin" 186
"../../../Engine/Plugins/MovieScene/LevelSequenceEditor/LevelSequenceEditor.uplugin" 187
"../../../Engine/Plugins/MovieScene/MatineeToLevelSequence/MatineeToLevelSequence.uplugin" 188
"../../../Engine/Plugins/MovieScene/MovieRenderPipeline/MovieRenderPipeline.uplugin" 189
"../../../Engine/Plugins/MovieScene/SequencerScripting/SequencerScripting.uplugin" 190
"../../../Engine/Plugins/MovieScene/TemplateSequence/TemplateSequence.uplugin" 191
"../../../Engine/Plugins/NetcodeUnitTest/NetcodeUnitTest/NetcodeUnitTest.uplugin" 192
"../../../Engine/Plugins/NetcodeUnitTest/NUTUnrealEngine4/NUTUnrealEngine4.uplugin" 193
"../../../Engine/Plugins/Online/Android/OnlineSubsystemGameCircle/OnlineSubsystemGameCircle.uplugin" 194
"../../../Engine/Plugins/Online/Android/OnlineSubsystemGooglePlay/OnlineSubsystemGooglePlay.uplugin" 195
"../../../Engine/Plugins/Online/IOS/OnlineSubsystemIOS/OnlineSubsystemIOS.uplugin" 196
"../../../Engine/Plugins/Online/OnlineFramework/OnlineFramework.uplugin" 197
"../../../Engine/Plugins/Online/OnlineSubsystem/OnlineSubsystem.uplugin" 198
"../../../Engine/Plugins/Online/OnlineSubsystemAmazon/OnlineSubsystemAmazon.uplugin" 199
"../../../Engine/Plugins/Online/OnlineSubsystemFacebook/OnlineSubsystemFacebook.uplugin" 200
"../../../Engine/Plugins/Online/OnlineSubsystemGoogle/OnlineSubsystemGoogle.uplugin" 201
"../../../Engine/Plugins/Online/OnlineSubsystemNull/OnlineSubsystemNull.uplugin" 202
"../../../Engine/Plugins/Online/OnlineSubsystemOculus/OnlineSubsystemOculus.uplugin" 203
"../../../Engine/Plugins/Online/OnlineSubsystemSteam/OnlineSubsystemSteam.uplugin" 204
"../../../Engine/Plugins/Online/OnlineSubsystemTencent/OnlineSubsystemTencent.uplugin" 205
"../../../Engine/Plugins/Online/OnlineSubsystemTwitch/OnlineSubsystemTwitch.uplugin" 206
"../../../Engine/Plugins/Online/OnlineSubsystemUtils/OnlineSubsystemUtils.uplugin" 207
"../../../Engine/Plugins/Online/VoiceChat/VivoxVoiceChat/VivoxVoiceChat.uplugin" 208
"../../../Engine/Plugins/Online/VoiceChat/VoiceChat/VoiceChat.uplugin" 209
"../../../Engine/Plugins/Online/WebAuth/WebAuth.uplugin" 210
"../../../Engine/Plugins/Performance/PerformanceMonitor/PerformanceMonitor.uplugin" 211
"../../../Engine/Plugins/Portal/LauncherChunkInstaller/LauncherChunkInstaller.uplugin" 212
"../../../Engine/Plugins/Runtime/Advertising/IOSTapJoy/IOSTapJoy.uplugin" 213
"../../../Engine/Plugins/Runtime/Analytics/Adjust/Adjust.uplugin" 214
"../../../Engine/Plugins/Runtime/Analytics/AnalyticsBlueprintLibrary/AnalyticsBlueprintLibrary.uplugin" 215
"../../../Engine/Plugins/Runtime/Analytics/AnalyticsMulticast/AnalyticsMulticast.uplugin" 216
"../../../Engine/Plugins/Runtime/Analytics/Apsalar/Apsalar.uplugin" 217
"../../../Engine/Plugins/Runtime/Analytics/FileLogging/FileLogging.uplugin" 218
"../../../Engine/Plugins/Runtime/Analytics/Flurry/Flurry.uplugin" 219
"../../../Engine/Plugins/Runtime/AndroidDeviceProfileSelector/AndroidDeviceProfileSelector.uplugin" 220
"../../../Engine/Plugins/Runtime/AndroidMoviePlayer/AndroidMoviePlayer.uplugin" 221
"../../../Engine/Plugins/Runtime/AndroidPermission/AndroidPermission.uplugin" 222
"../../../Engine/Plugins/Runtime/AnimationBudgetAllocator/AnimationBudgetAllocator.uplugin" 223
"../../../Engine/Plugins/Runtime/AnimDistanceMatching/AnimDistanceMatching.uplugin" 224
"../../../Engine/Plugins/Runtime/ApexDestruction/ApexDestruction.uplugin" 225
"../../../Engine/Plugins/Runtime/AppleImageUtils/AppleImageUtils.uplugin" 226
"../../../Engine/Plugins/Runtime/AppleMoviePlayer/AppleMoviePlayer.uplugin" 227
"../../../Engine/Plugins/Runtime/AR/Apple/AppleARKit/AppleARKit.uplugin" 228
"../../../Engine/Plugins/Runtime/AR/Apple/AppleARKitFaceSupport/AppleARKitFaceSupport.uplugin" 229
"../../../Engine/Plugins/Runtime/AR/Google/GoogleARCore/GoogleARCore.uplugin" 230
"../../../Engine/Plugins/Runtime/AR/Google/GoogleARCoreServices/GoogleARCoreServices.uplugin" 231
"../../../Engine/Plugins/Runtime/AR/Microsoft/AzureSpatialAnchors/AzureSpatialAnchors.uplugin" 232
"../../../Engine/Plugins/Runtime/AR/Microsoft/AzureSpatialAnchorsForWMR/AzureSpatialAnchorsForWMR.uplugin" 233
"../../../Engine/Plugins/Runtime/AR/Microsoft/HoloLensAR/HoloLensAR.uplugin" 234
"../../../Engine/Plugins/Runtime/ArchVisCharacter/ArchVisCharacter.uplugin" 235
"../../../Engine/Plugins/Runtime/AssetTags/AssetTags.uplugin" 236
"../../../Engine/Plugins/Runtime/AudioCapture/AudioCapture.uplugin" 237
"../../../Engine/Plugins/Runtime/AudioModulation/AudioModulation.uplugin" 238
"../../../Engine/Plugins/Runtime/AudioSynesthesia/AudioSynesthesia.uplugin" 239
"../../../Engine/Plugins/Runtime/CableComponent/CableComponent.uplugin" 240
"../../../Engine/Plugins/Runtime/CustomMeshComponent/CustomMeshComponent.uplugin" 241
"../../../Engine/Plugins/Runtime/Database/ADOSupport/ADOSupport.uplugin" 242
"../../../Engine/Plugins/Runtime/Database/DatabaseSupport/DatabaseSupport.uplugin" 243
"../../../Engine/Plugins/Runtime/Database/RemoteDatabaseSupport/RemoteDatabaseSupport.uplugin" 244
"../../../Engine/Plugins/Runtime/Database/SQLiteCore/SQLiteCore.uplugin" 245
"../../../Engine/Plugins/Runtime/Database/SQLiteSupport/SQLiteSupport.uplugin" 246
"../../../Engine/Plugins/Runtime/EditableMesh/EditableMesh.uplugin" 247
"../../../Engine/Plugins/Runtime/ExampleDeviceProfileSelector/ExampleDeviceProfileSelector.uplugin" 248
"../../../Engine/Plugins/Runtime/Firebase/Firebase.uplugin" 249
"../../../Engine/Plugins/Runtime/GameplayAbilities/GameplayAbilities.uplugin" 250
"../../../Engine/Plugins/Runtime/GoogleCloudMessaging/GoogleCloudMessaging.uplugin" 251
"../../../Engine/Plugins/Runtime/GooglePAD/GooglePAD.uplugin" 252
"../../../Engine/Plugins/Runtime/GoogleVR/GoogleVRController/GoogleVRController.uplugin" 253
"../../../Engine/Plugins/Runtime/GoogleVR/GoogleVRHMD/GoogleVRHMD.uplugin" 254
"../../../Engine/Plugins/Runtime/GoogleVR/GoogleVRTransition2D/GoogleVRTransition2D.uplugin" 255
"../../../Engine/Plugins/Runtime/HDRIBackdrop/HDRIBackdrop.uplugin" 256
"../../../Engine/Plugins/Runtime/HTTPChunkInstaller/HTTPChunkInstaller.uplugin" 257
"../../../Engine/Plugins/Runtime/IOSDeviceProfileSelector/IOSDeviceProfileSelector.uplugin" 258
"../../../Engine/Plugins/Runtime/IOSReplayKit/IOSReplayKit.uplugin" 259
"../../../Engine/Plugins/Runtime/LinuxDeviceProfileSelector/LinuxDeviceProfileSelector.uplugin" 260
"../../../Engine/Plugins/Runtime/LiveLinkOvernDisplay/LiveLinkOverNDisplay.uplugin" 261
"../../../Engine/Plugins/Runtime/LocationServicesAndroidImpl/LocationServicesAndroidImpl.uplugin" 262
"../../../Engine/Plugins/Runtime/LocationServicesBPLibrary/LocationServicesBPLibrary.uplugin" 263
"../../../Engine/Plugins/Runtime/LocationServicesIOSImpl/LocationServicesIOSImpl.uplugin" 264
"../../../Engine/Plugins/Runtime/MeshReconstruction/DummyMeshReconstructor/DummyMeshReconstructor.uplugin" 265
"../../../Engine/Plugins/Runtime/MicrosoftSpatialAudio/MicroSoftSpatialSound.uplugin" 266
"../../../Engine/Plugins/Runtime/MIDIDevice/MIDIDevice.uplugin" 267
"../../../Engine/Plugins/Runtime/MixedRealityCaptureFramework/MixedRealityCaptureFramework.uplugin" 268
"../../../Engine/Plugins/Runtime/MobilePatchingUtils/MobilePatchingUtils.uplugin" 269
"../../../Engine/Plugins/Runtime/nDisplay/nDisplay.uplugin" 270
"../../../Engine/Plugins/Runtime/NetworkPrediction/NetworkPrediction.uplugin" 271
"../../../Engine/Plugins/Runtime/NetworkPredictionExtras/NetworkPredictionExtras.uplugin" 272
"../../../Engine/Plugins/Runtime/Nvidia/Ansel/Ansel.uplugin" 273
"../../../Engine/Plugins/Runtime/Oculus/OculusAudio/OculusAudio.uplugin" 274
"../../../Engine/Plugins/Runtime/Oculus/OculusAvatar/OculusAvatar.uplugin" 275
"../../../Engine/Plugins/Runtime/Oculus/OculusVR/OculusVR.uplugin" 276
"../../../Engine/Plugins/Runtime/OpenXR/OpenXR.uplugin" 277
"../../../Engine/Plugins/Runtime/OptionalMobileFeaturesBPLibrary/OptionalMobileFeaturesBPLibrary.uplugin" 278
"../../../Engine/Plugins/Runtime/OSC/OSC.uplugin" 279
"../../../Engine/Plugins/Runtime/PacketHandlers/AESGCMHandlerComponent/AESGCMHandlerComponent.uplugin" 280
"../../../Engine/Plugins/Runtime/PacketHandlers/AESHandlerComponent/AESHandlerComponent.uplugin" 281
"../../../Engine/Plugins/Runtime/PacketHandlers/DTLSHandlerComponent/DTLSHandlerComponent.uplugin" 282
"../../../Engine/Plugins/Runtime/PhysXVehicles/PhysXVehicles.uplugin" 283
"../../../Engine/Plugins/Runtime/PostSplashScreen/PostSplashScreen.uplugin" 284
"../../../Engine/Plugins/Runtime/PreLoadScreenMoviePlayer/PreLoadScreenMoviePlayer.uplugin" 285
"../../../Engine/Plugins/Runtime/ProceduralMeshComponent/ProceduralMeshComponent.uplugin" 286
"../../../Engine/Plugins/Runtime/ReplicationGraph/ReplicationGraph.uplugin" 287
"../../../Engine/Plugins/Runtime/ResonanceAudio/ResonanceAudio.uplugin" 288
"../../../Engine/Plugins/Runtime/RuntimePhysXCooking/RuntimePhysXCooking.uplugin" 289
"../../../Engine/Plugins/Runtime/SignificanceManager/SignificanceManager.uplugin" 290
"../../../Engine/Plugins/Runtime/SoundCueTemplates/SoundCueTemplates.uplugin" 291
"../../../Engine/Plugins/Runtime/SoundFields/SoundFields.uplugin" 292
"../../../Engine/Plugins/Runtime/SoundMod/SoundMod.uplugin" 293
"../../../Engine/Plugins/Runtime/SoundUtilities/SoundUtilities.uplugin" 294
"../../../Engine/Plugins/Runtime/SoundVisualizations/SoundVisualizations.uplugin" 295
"../../../Engine/Plugins/Runtime/Spatialization/Spatialization.uplugin" 296
"../../../Engine/Plugins/Runtime/Steam/SteamAudio/SteamAudio.uplugin" 297
"../../../Engine/Plugins/Runtime/Steam/SteamController/SteamController.uplugin" 298
"../../../Engine/Plugins/Runtime/Steam/SteamShared/SteamShared.uplugin" 299
"../../../Engine/Plugins/Runtime/Steam/SteamSockets/SteamSockets.uplugin" 300
"../../../Engine/Plugins/Runtime/Steam/SteamVR/SteamVR.uplugin" 301
"../../../Engine/Plugins/Runtime/SunPosition/SunPosition.uplugin" 302
"../../../Engine/Plugins/Runtime/Synthesis/Synthesis.uplugin" 303
"../../../Engine/Plugins/Runtime/TimeSynth/TimeSynth.uplugin" 304
"../../../Engine/Plugins/Runtime/WarpUtils/WarpUtils.uplugin" 305
"../../../Engine/Plugins/Runtime/WebBrowserNativeProxy/WebBrowserNativeProxy.uplugin" 306
"../../../Engine/Plugins/Runtime/WebBrowserWidget/WebBrowserWidget.uplugin" 307
"../../../Engine/Plugins/Runtime/WebMMoviePlayer/WebMMoviePlayer.uplugin" 308
"../../../Engine/Plugins/Runtime/WindowsDeviceProfileSelector/WindowsDeviceProfileSelector.uplugin" 309
"../../../Engine/Plugins/Runtime/WindowsMixedReality/WindowsMixedReality.uplugin" 310
"../../../Engine/Plugins/Runtime/WindowsMoviePlayer/WindowsMoviePlayer.uplugin" 311
"../../../Engine/Plugins/ScriptPlugin/ScriptPlugin.uplugin" 312
"../../../Engine/Plugins/Sketchfab/Sketchfab.uplugin" 313
"../../../Engine/Plugins/Slate/SlateRemote/SlateRemote.uplugin" 314
"../../../Engine/Plugins/Tests/EditorTests/EditorTests.uplugin" 315
"../../../Engine/Plugins/Tests/FbxAutomationTestBuilder/FbxAutomationTestBuilder.uplugin" 316
"../../../Engine/Plugins/Tests/FunctionalTestingEditor/FunctionalTestingEditor.uplugin" 317
"../../../Engine/Plugins/Tests/PythonAutomationTest/PythonAutomationTest.uplugin" 318
"../../../Engine/Plugins/Tests/RuntimeTests/RuntimeTests.uplugin" 319
"../../../Engine/Plugins/Tests/ScreenshotTools/ScreenshotTools.uplugin" 320
"../../../Engine/Plugins/VirtualProduction/CompositePlane/CompositePlane.uplugin" 321
"../../../Engine/Plugins/VirtualProduction/DataCharts/DataCharts.uplugin" 322
"../../../Engine/Plugins/VirtualProduction/RemoteControl/RemoteControl.uplugin" 323
"../../../Engine/Plugins/VirtualProduction/Takes/Takes.uplugin" 324
"../../../Engine/Plugins/VirtualProduction/TimedDataMonitor/TimedDataMonitor.uplugin" 325
"../../../Engine/Content/Internationalization/icudt64l/cnvalias.icu" 326
"../../../Engine/Content/Internationalization/icudt64l/res_index.res" 327
"../../../Engine/Content/Internationalization/icudt64l/plurals.res" 328
"../../../Engine/Content/Internationalization/icudt64l/lang/ru.res" 329
"../../../Engine/Content/Internationalization/icudt64l/lang/pool.res" 330
"../../../Engine/Content/Internationalization/icudt64l/lang/root.res" 331
"../../../Engine/Content/Internationalization/icudt64l/region/ru.res" 332
"../../../Engine/Content/Internationalization/icudt64l/region/pool.res" 333
"../../../Engine/Content/Internationalization/icudt64l/region/root.res" 334
"../../../Engine/Content/Internationalization/icudt64l/lang/en.res" 335
"../../../Engine/Content/Internationalization/icudt64l/region/en.res" 336
"../../../Engine/Content/Internationalization/icudt64l/windowsZones.res" 337
"../../../Engine/Content/Internationalization/icudt64l/zoneinfo64.res" 338
"../../../Engine/Content/Internationalization/icudt64l/keyTypeData.res" 339
"../../../Engine/Content/Internationalization/icudt64l/timezoneTypes.res" 340
"../../../Engine/Content/Internationalization/icudt64l/likelySubtags.res" 341
"../../../Engine/Content/Internationalization/icudt64l/ru_RU.res" 342
"../../../Engine/Content/Internationalization/icudt64l/pool.res" 343
"../../../Engine/Content/Internationalization/icudt64l/ru.res" 344
"../../../Engine/Content/Internationalization/icudt64l/root.res" 345
"../../../Engine/Content/Internationalization/icudt64l/supplementalData.res" 346
"C:/Users/yarik/AppData/Local/UnrealEngine/4.25/Saved/Config/Windows/Manifest.ini" 347
"../../../Engine/Config/BaseGame.ini" 348
"D:/Users/Yaroslav/OneDrive/Unreal/Unreal Projects/Project/JamProject05/Config/DefaultGame.ini" 349
"../../../Engine/Config/Windows/WindowsGame.ini" 350
"D:/Users/Yaroslav/OneDrive/Unreal/Unreal Projects/Project/JamProject05/Saved/Config/Windows/Game.ini" 351
"../../../Engine/Config/BaseInput.ini" 352
"D:/Users/Yaroslav/OneDrive/Unreal/Unreal Projects/Project/JamProject05/Config/DefaultInput.ini" 353
"D:/Users/Yaroslav/OneDrive/Unreal/Unreal Projects/Project/JamProject05/Saved/Config/Windows/Input.ini" 354
"../../../Engine/Config/BaseEditor.ini" 355
"D:/Users/Yaroslav/OneDrive/Unreal/Unreal Projects/Project/JamProject05/Config/DefaultEditor.ini" 356
"D:/Users/Yaroslav/OneDrive/Unreal/Unreal Projects/Project/JamProject05/Saved/Config/Windows/Editor.ini" 357
"../../../Engine/Config/BaseEditorPerProjectUserSettings.ini" 358
"D:/Users/Yaroslav/OneDrive/Unreal/Unreal Projects/Project/JamProject05/Config/DefaultEditorPerProjectUserSettings.ini" 359
"D:/Users/Yaroslav/OneDrive/Unreal/Unreal Projects/Project/JamProject05/Saved/Config/Windows/EditorPerProjectUserSettings.ini" 360
"../../../Engine/Config/BaseEditorSettings.ini" 361
"C:/Users/yarik/AppData/Local/UnrealEngine/4.25/Saved/Config/Windows/EditorSettings.ini" 362
"../../../Engine/Config/BaseEditorKeyBindings.ini" 363
"C:/Users/yarik/AppData/Local/UnrealEngine/4.25/Saved/Config/Windows/EditorKeyBindings.ini" 364
"C:/Users/yarik/AppData/Local/UnrealEngine/4.25/Saved/Config/Windows/EditorLayout.ini" 365
"../../../Engine/Config/BaseCompat.ini" 366
"D:/Users/Yaroslav/OneDrive/Unreal/Unreal Projects/Project/JamProject05/Saved/Config/Windows/Compat.ini" 367
"../../../Engine/Config/BaseLightmass.ini" 368
"D:/Users/Yaroslav/OneDrive/Unreal/Unreal Projects/Project/JamProject05/Saved/Config/Windows/Lightmass.ini" 369
"../../../Engine/Config/BaseScalability.ini" 370
"D:/Users/Yaroslav/OneDrive/Unreal/Unreal Projects/Project/JamProject05/Saved/Config/Windows/Scalability.ini" 371
"../../../Engine/Config/BaseHardware.ini" 372
"D:/Users/Yaroslav/OneDrive/Unreal/Unreal Projects/Project/JamProject05/Saved/Config/Windows/Hardware.ini" 373
"../../../Engine/Config/BaseRuntimeOptions.ini" 374
"D:/Users/Yaroslav/OneDrive/Unreal/Unreal Projects/Project/JamProject05/Saved/Config/Windows/RuntimeOptions.ini" 375
"../../../Engine/Config/BaseInstallBundle.ini" 376
"../../../Engine/Config/BaseDeviceProfiles.ini" 377
"D:/Users/Yaroslav/OneDrive/Unreal/Unreal Projects/Project/JamProject05/Saved/Config/Windows/DeviceProfiles.ini" 378
"../../../Engine/Config/BaseGameUserSettings.ini" 379
"D:/Users/Yaroslav/OneDrive/Unreal/Unreal Projects/Project/JamProject05/Saved/Config/Windows/GameUserSettings.ini" 380
"../../../Engine/Plugins/2D/Paper2D/Config/BasePaper2D.ini" 381
"D:/Users/Yaroslav/OneDrive/Unreal/Unreal Projects/Project/JamProject05/Saved/Config/Windows/Paper2D.ini" 382
"../../../Engine/Plugins/Editor/EditorScriptingUtilities/Config/BaseEditorScriptingUtilities.ini" 383
"D:/Users/Yaroslav/OneDrive/Unreal/Unreal Projects/Project/JamProject05/Saved/Config/Windows/EditorScriptingUtilities.ini" 384
"../../../Engine/Plugins/Enterprise/VariantManagerContent/Config/BaseVariantManagerContent.ini" 385
"D:/Users/Yaroslav/OneDrive/Unreal/Unreal Projects/Project/JamProject05/Saved/Config/Windows/VariantManagerContent.ini" 386
"../../../Engine/Plugins/FX/Niagara/Config/BaseNiagara.ini" 387
"D:/Users/Yaroslav/OneDrive/Unreal/Unreal Projects/Project/JamProject05/Saved/Config/Windows/Niagara.ini" 388
"../../../Engine/Plugins/Lumin/MagicLeap/Config/BaseMagicLeap.ini" 389
"D:/Users/Yaroslav/OneDrive/Unreal/Unreal Projects/Project/JamProject05/Saved/Config/Windows/MagicLeap.ini" 390
"../../../Engine/Plugins/Lumin/MagicLeapLightEstimation/Config/BaseMagicLeapLightEstimation.ini" 391
"D:/Users/Yaroslav/OneDrive/Unreal/Unreal Projects/Project/JamProject05/Saved/Config/Windows/MagicLeapLightEstimation.ini" 392
"../../../Engine/Plugins/Runtime/Oculus/OculusVR/Config/BaseOculusVR.ini" 393
"D:/Users/Yaroslav/OneDrive/Unreal/Unreal Projects/Project/JamProject05/Saved/Config/Windows/OculusVR.ini" 394
"../../../Engine/Plugins/Runtime/PhysXVehicles/Config/BasePhysXVehicles.ini" 395
"D:/Users/Yaroslav/OneDrive/Unreal/Unreal Projects/Project/JamProject05/Saved/Config/Windows/PhysXVehicles.ini" 396
"../../../Engine/Plugins/Runtime/PostSplashScreen/Config/BasePostSplashScreen.ini" 397
"D:/Users/Yaroslav/OneDrive/Unreal/Unreal Projects/Project/JamProject05/Saved/Config/Windows/PostSplashScreen.ini" 398
"../../../Engine/Plugins/Runtime/Synthesis/Config/BaseSynthesis.ini" 399
"D:/Users/Yaroslav/OneDrive/Unreal/Unreal Projects/Project/JamProject05/Saved/Config/Windows/Synthesis.ini" 400
"../../../Engine/Plugins/2D/Paper2D/Binaries/Win64/UE4Editor.modules" 401
"../../../Engine/Plugins/AI/AISupport/Binaries/Win64/UE4Editor.modules" 402
"../../../Engine/Plugins/Blendables/LightPropagationVolume/Binaries/Win64/UE4Editor.modules" 403
"../../../Engine/Plugins/Cameras/CameraShakePreviewer/Binaries/Win64/UE4Editor.modules" 404
"../../../Engine/Plugins/Developer/ActorLayerUtilities/Binaries/Win64/UE4Editor.modules" 405
"../../../Engine/Plugins/Developer/AnimationSharing/Binaries/Win64/UE4Editor.modules" 406
"../../../Engine/Plugins/Runtime/SignificanceManager/Binaries/Win64/UE4Editor.modules" 407
"../../../Engine/Plugins/Developer/CLionSourceCodeAccess/Binaries/Win64/UE4Editor.modules" 408
"../../../Engine/Plugins/Developer/GitSourceControl/Binaries/Win64/UE4Editor.modules" 409
"../../../Engine/Plugins/Developer/PerforceSourceControl/Binaries/Win64/UE4Editor.modules" 410
"../../../Engine/Plugins/Developer/PlasticSourceControl/Binaries/Win64/UE4Editor.modules" 411
"../../../Engine/Plugins/Developer/RiderSourceCodeAccess/Binaries/Win64/UE4Editor.modules" 412
"../../../Engine/Plugins/Developer/SubversionSourceControl/Binaries/Win64/UE4Editor.modules" 413
"../../../Engine/Plugins/Developer/UObjectPlugin/Binaries/Win64/UE4Editor.modules" 414
"../../../Engine/Plugins/Developer/VisualStudioCodeSourceCodeAccess/Binaries/Win64/UE4Editor.modules" 415
"../../../Engine/Plugins/Developer/VisualStudioSourceCodeAccess/Binaries/Win64/UE4Editor.modules" 416
"../../../Engine/Plugins/Editor/AssetManagerEditor/Binaries/Win64/UE4Editor.modules" 417
"../../../Engine/Plugins/Editor/CryptoKeys/Binaries/Win64/UE4Editor.modules" 418
"../../../Engine/Plugins/Editor/CurveEditorTools/Binaries/Win64/UE4Editor.modules" 419
"../../../Engine/Plugins/Editor/DataValidation/Binaries/Win64/UE4Editor.modules" 420
"../../../Engine/Plugins/Editor/FacialAnimation/Binaries/Win64/UE4Editor.modules" 421
"../../../Engine/Plugins/Editor/GameplayTagsEditor/Binaries/Win64/UE4Editor.modules" 422
"../../../Engine/Plugins/Editor/GeometryMode/Binaries/Win64/UE4Editor.modules" 423
"../../../Engine/Plugins/Editor/MaterialAnalyzer/Binaries/Win64/UE4Editor.modules" 424
"../../../Engine/Plugins/Editor/MobileLauncherProfileWizard/Binaries/Win64/UE4Editor.modules" 425
"../../../Engine/Plugins/Editor/PluginBrowser/Binaries/Win64/UE4Editor.modules" 426
"../../../Engine/Plugins/Editor/SpeedTreeImporter/Binaries/Win64/UE4Editor.modules" 427
"../../../Engine/Plugins/Enterprise/DatasmithContent/Binaries/Win64/UE4Editor.modules" 428
"../../../Engine/Plugins/Enterprise/VariantManagerContent/Binaries/Win64/UE4Editor.modules" 429
"../../../Engine/Plugins/Experimental/AlembicImporter/Binaries/Win64/UE4Editor.modules" 430
"../../../Engine/Plugins/Experimental/GeometryCache/Binaries/Win64/UE4Editor.modules" 431
"../../../Engine/Plugins/Experimental/AutomationUtils/Binaries/Win64/UE4Editor.modules" 432
"../../../Engine/Plugins/Tests/ScreenshotTools/Binaries/Win64/UE4Editor.modules" 433
"../../../Engine/Plugins/Experimental/BackChannel/Binaries/Win64/UE4Editor.modules" 434
"../../../Engine/Plugins/Experimental/ChaosCloth/Binaries/Win64/UE4Editor.modules" 435
"../../../Engine/Plugins/Experimental/ChaosClothEditor/Binaries/Win64/UE4Editor.modules" 436
"../../../Engine/Plugins/Experimental/ChaosEditor/Binaries/Win64/UE4Editor.modules" 437
"../../../Engine/Plugins/Experimental/PlanarCutPlugin/Binaries/Win64/UE4Editor.modules" 438
"../../../Engine/Plugins/Runtime/EditableMesh/Binaries/Win64/UE4Editor.modules" 439
"../../../Engine/Plugins/Experimental/GeometryCollectionPlugin/Binaries/Win64/UE4Editor.modules" 440
"../../../Engine/Plugins/Experimental/GeometryProcessing/Binaries/Win64/UE4Editor.modules" 441
"../../../Engine/Plugins/Runtime/ProceduralMeshComponent/Binaries/Win64/UE4Editor.modules" 442
"../../../Engine/Plugins/Experimental/ChaosSolverPlugin/Binaries/Win64/UE4Editor.modules" 443
"../../../Engine/Plugins/Experimental/ChaosNiagara/Binaries/Win64/UE4Editor.modules" 444
"../../../Engine/Plugins/FX/Niagara/Binaries/Win64/UE4Editor.modules" 445
"../../../Engine/Plugins/Experimental/CharacterAI/Binaries/Win64/UE4Editor.modules" 446
"../../../Engine/Plugins/Experimental/PlatformCrypto/Binaries/Win64/UE4Editor.modules" 447
"../../../Engine/Plugins/Experimental/ProxyLODPlugin/Binaries/Win64/UE4Editor.modules" 448
"../../../Engine/Plugins/Experimental/SkeletalReduction/Binaries/Win64/UE4Editor.modules" 449
"../../../Engine/Plugins/Lumin/MagicLeap/Binaries/Win64/UE4Editor.modules" 450
"../../../Engine/Plugins/Lumin/MagicLeapPassableWorld/Binaries/Win64/UE4Editor.modules" 451
"../../../Engine/Plugins/Lumin/MagicLeapLightEstimation/Binaries/Win64/UE4Editor.modules" 452
"../../../Engine/Plugins/Lumin/MagicLeapMedia/Binaries/Win64/UE4Editor.modules" 453
"../../../Engine/Plugins/Media/AndroidMedia/Binaries/Win64/UE4Editor.modules" 454
"../../../Engine/Plugins/Media/AvfMedia/Binaries/Win64/UE4Editor.modules" 455
"../../../Engine/Plugins/Media/ImgMedia/Binaries/Win64/UE4Editor.modules" 456
"../../../Engine/Plugins/Media/MediaCompositing/Binaries/Win64/UE4Editor.modules" 457
"../../../Engine/Plugins/Media/MediaPlayerEditor/Binaries/Win64/UE4Editor.modules" 458
"../../../Engine/Plugins/Media/WmfMedia/Binaries/Win64/UE4Editor.modules" 459
"../../../Engine/Plugins/MeshPainting/Binaries/Win64/UE4Editor.modules" 460
"../../../Engine/Plugins/Messaging/TcpMessaging/Binaries/Win64/UE4Editor.modules" 461
"../../../Engine/Plugins/Messaging/UdpMessaging/Binaries/Win64/UE4Editor.modules" 462
"../../../Engine/Plugins/MovieScene/ActorSequence/Binaries/Win64/UE4Editor.modules" 463
"../../../Engine/Plugins/MovieScene/LevelSequenceEditor/Binaries/Win64/UE4Editor.modules" 464
"../../../Engine/Plugins/MovieScene/MatineeToLevelSequence/Binaries/Win64/UE4Editor.modules" 465
"../../../Engine/Plugins/MovieScene/TemplateSequence/Binaries/Win64/UE4Editor.modules" 466
"../../../Engine/Plugins/MovieScene/MovieRenderPipeline/Binaries/Win64/UE4Editor.modules" 467
"../../../Engine/Plugins/Editor/EditorScriptingUtilities/Binaries/Win64/UE4Editor.modules" 468
"../../../Engine/Plugins/NetcodeUnitTest/NetcodeUnitTest/Binaries/Win64/UE4Editor.modules" 469
"../../../Engine/Plugins/NetcodeUnitTest/NUTUnrealEngine4/Binaries/Win64/UE4Editor.modules" 470
"../../../Engine/Plugins/Online/OnlineSubsystem/Binaries/Win64/UE4Editor.modules" 471
"../../../Engine/Plugins/Runtime/AndroidPermission/Binaries/Win64/UE4Editor.modules" 472
"../../../Engine/Plugins/Online/OnlineSubsystemNull/Binaries/Win64/UE4Editor.modules" 473
"../../../Engine/Plugins/Online/OnlineSubsystemUtils/Binaries/Win64/UE4Editor.modules" 474
"../../../Engine/Plugins/Portal/LauncherChunkInstaller/Binaries/Win64/UE4Editor.modules" 475
"../../../Engine/Plugins/Runtime/AndroidDeviceProfileSelector/Binaries/Win64/UE4Editor.modules" 476
"../../../Engine/Plugins/Runtime/AppleImageUtils/Binaries/Win64/UE4Editor.modules" 477
"../../../Engine/Plugins/Runtime/ArchVisCharacter/Binaries/Win64/UE4Editor.modules" 478
"../../../Engine/Plugins/Runtime/AssetTags/Binaries/Win64/UE4Editor.modules" 479
"../../../Engine/Plugins/Runtime/AudioCapture/Binaries/Win64/UE4Editor.modules" 480
"../../../Engine/Plugins/Runtime/CableComponent/Binaries/Win64/UE4Editor.modules" 481
"../../../Engine/Plugins/Runtime/CustomMeshComponent/Binaries/Win64/UE4Editor.modules" 482
"../../../Engine/Plugins/Runtime/ExampleDeviceProfileSelector/Binaries/Win64/UE4Editor.modules" 483
"../../../Engine/Plugins/Runtime/GooglePAD/Binaries/Win64/UE4Editor.modules" 484
"../../../Engine/Plugins/Runtime/LocationServicesBPLibrary/Binaries/Win64/UE4Editor.modules" 485
"../../../Engine/Plugins/Runtime/MobilePatchingUtils/Binaries/Win64/UE4Editor.modules" 486
"../../../Engine/Plugins/Runtime/Oculus/OculusVR/Binaries/Win64/UE4Editor.modules" 487
"../../../Engine/Plugins/Runtime/PhysXVehicles/Binaries/Win64/UE4Editor.modules" 488
"../../../Engine/Plugins/Runtime/RuntimePhysXCooking/Binaries/Win64/UE4Editor.modules" 489
"../../../Engine/Plugins/Runtime/SoundFields/Binaries/Win64/UE4Editor.modules" 490
"../../../Engine/Plugins/Runtime/Steam/SteamVR/Binaries/Win64/UE4Editor.modules" 491
"../../../Engine/Plugins/Runtime/Synthesis/Binaries/Win64/UE4Editor.modules" 492
"../../../Engine/Plugins/Runtime/WebMMoviePlayer/Binaries/Win64/UE4Editor.modules" 493
"../../../Engine/Plugins/Media/WebMMedia/Binaries/Win64/UE4Editor.modules" 494
"../../../Engine/Plugins/Runtime/WindowsMoviePlayer/Binaries/Win64/UE4Editor.modules" 495
"../../../Engine/Plugins/Sketchfab/Binaries/Win64/UE4Editor.modules" 496
"../../../Engine/Content/Certificates/ThirdParty/cacert.pem" 497
"../../../Engine/Config/ConsoleVariables.ini" 498
"../../../Engine/Binaries/Win64/Android/UE4Editor.modules" 499
"../../../Engine/Binaries/Win64/IOS/UE4Editor.modules" 500
"../../../Engine/Binaries/Win64/Linux/UE4Editor.modules" 501
"../../../Engine/Binaries/Win64/Lumin/UE4Editor.modules" 502
"../../../Engine/Config/IOS/BaseIOSEngine.ini" 503
"../../../Engine/Config/IOS/IOSEngine.ini" 504
"../../../Engine/Config/Unix/UnixEngine.ini" 505
"../../../Engine/Config/Linux/LinuxEngine.ini" 506
"../../../Engine/Config/Lumin/LuminEngine.ini" 507
"../../../Engine/Config/TVOS/TVOSEngine.ini" 508
"../../../Engine/Plugins/Online/Android/OnlineSubsystemGooglePlay/Content/Localization/OnlineSubsystemGooglePlay/ru/OnlineSubsystemGooglePlay.locres" 509
"../../../Engine/Plugins/Online/IOS/OnlineSubsystemIOS/Content/Localization/OnlineSubsystemIOS/ru/OnlineSubsystemIOS.locres" 510
"../../../Engine/Plugins/Online/OnlineSubsystem/Content/Localization/OnlineSubsystem/ru/OnlineSubsystem.locres" 511
"../../../Engine/Plugins/Online/OnlineSubsystemUtils/Content/Localization/OnlineSubsystemUtils/ru/OnlineSubsystemUtils.locres" 512
"../../../Engine/Content/Internationalization/icudt64l/numberingSystems.res" 513
"../../../Engine/Content/Internationalization/icudt64l/curr/supplementalData.res" 514
"../../../Engine/Content/Internationalization/icudt64l/curr/ru.res" 515
"../../../Engine/Content/Internationalization/icudt64l/curr/pool.res" 516
"../../../Engine/Content/Internationalization/icudt64l/curr/root.res" 517
"../../../Engine/Content/Internationalization/icudt64l/lang/af.res" 518
"../../../Engine/Content/Internationalization/icudt64l/region/af.res" 519
"../../../Engine/Content/Internationalization/icudt64l/lang/agq.res" 520
"../../../Engine/Content/Internationalization/icudt64l/region/agq.res" 521
"../../../Engine/Content/Internationalization/icudt64l/lang/ak.res" 522
"../../../Engine/Content/Internationalization/icudt64l/region/ak.res" 523
"../../../Engine/Content/Internationalization/icudt64l/lang/am.res" 524
"../../../Engine/Content/Internationalization/icudt64l/region/am.res" 525
"../../../Engine/Content/Internationalization/icudt64l/lang/ar.res" 526
"../../../Engine/Content/Internationalization/icudt64l/region/ar.res" 527
"../../../Engine/Content/Internationalization/icudt64l/region/ar_AE.res" 528
"../../../Engine/Content/Internationalization/icudt64l/lang/ar_EG.res" 529
"../../../Engine/Content/Internationalization/icudt64l/lang/ar_LY.res" 530
"../../../Engine/Content/Internationalization/icudt64l/region/ar_LY.res" 531
"../../../Engine/Content/Internationalization/icudt64l/lang/ar_SA.res" 532
"../../../Engine/Content/Internationalization/icudt64l/region/ar_SA.res" 533
"../../../Engine/Content/Internationalization/icudt64l/lang/as.res" 534
"../../../Engine/Content/Internationalization/icudt64l/region/as.res" 535
"../../../Engine/Content/Internationalization/icudt64l/lang/asa.res" 536
"../../../Engine/Content/Internationalization/icudt64l/region/asa.res" 537
"../../../Engine/Content/Internationalization/icudt64l/lang/ast.res" 538
"../../../Engine/Content/Internationalization/icudt64l/region/ast.res" 539
"../../../Engine/Content/Internationalization/icudt64l/lang/az.res" 540
"../../../Engine/Content/Internationalization/icudt64l/lang/az_Cyrl.res" 541
"../../../Engine/Content/Internationalization/icudt64l/lang/az_AZ.res" 542
"../../../Engine/Content/Internationalization/icudt64l/lang/az_Latn_AZ.res" 543
"../../../Engine/Content/Internationalization/icudt64l/lang/az_Latn.res" 544
"../../../Engine/Content/Internationalization/icudt64l/region/az_AZ.res" 545
"../../../Engine/Content/Internationalization/icudt64l/region/az_Latn_AZ.res" 546
"../../../Engine/Content/Internationalization/icudt64l/region/az_Latn.res" 547
"../../../Engine/Content/Internationalization/icudt64l/region/az.res" 548
"../../../Engine/Content/Internationalization/icudt64l/region/az_Cyrl.res" 549
"../../../Engine/Content/Internationalization/icudt64l/lang/bas.res" 550
"../../../Engine/Content/Internationalization/icudt64l/region/bas.res" 551
"../../../Engine/Content/Internationalization/icudt64l/lang/be.res" 552
"../../../Engine/Content/Internationalization/icudt64l/region/be.res" 553
"../../../Engine/Content/Internationalization/icudt64l/lang/bem.res" 554
"../../../Engine/Content/Internationalization/icudt64l/region/bem.res" 555
"../../../Engine/Content/Internationalization/icudt64l/lang/bez.res" 556
"../../../Engine/Content/Internationalization/icudt64l/region/bez.res" 557
"../../../Engine/Content/Internationalization/icudt64l/lang/bg.res" 558
"../../../Engine/Content/Internationalization/icudt64l/region/bg.res" 559
"../../../Engine/Content/Internationalization/icudt64l/lang/bm.res" 560
"../../../Engine/Content/Internationalization/icudt64l/region/bm.res" 561
"../../../Engine/Content/Internationalization/icudt64l/lang/bn.res" 562
"../../../Engine/Content/Internationalization/icudt64l/region/bn.res" 563
"../../../Engine/Content/Internationalization/icudt64l/lang/bn_IN.res" 564
"../../../Engine/Content/Internationalization/icudt64l/region/bn_IN.res" 565
"../../../Engine/Content/Internationalization/icudt64l/lang/bo.res" 566
"../../../Engine/Content/Internationalization/icudt64l/region/bo.res" 567
"../../../Engine/Content/Internationalization/icudt64l/region/bo_IN.res" 568
"../../../Engine/Content/Internationalization/icudt64l/lang/br.res" 569
"../../../Engine/Content/Internationalization/icudt64l/region/br.res" 570
"../../../Engine/Content/Internationalization/icudt64l/lang/brx.res" 571
"../../../Engine/Content/Internationalization/icudt64l/region/brx.res" 572
"../../../Engine/Content/Internationalization/icudt64l/lang/bs.res" 573
"../../../Engine/Content/Internationalization/icudt64l/lang/bs_Cyrl.res" 574
"../../../Engine/Content/Internationalization/icudt64l/lang/bs_BA.res" 575
"../../../Engine/Content/Internationalization/icudt64l/lang/bs_Latn_BA.res" 576
"../../../Engine/Content/Internationalization/icudt64l/lang/bs_Latn.res" 577
"../../../Engine/Content/Internationalization/icudt64l/region/bs_BA.res" 578
"../../../Engine/Content/Internationalization/icudt64l/region/bs_Latn_BA.res" 579
"../../../Engine/Content/Internationalization/icudt64l/region/bs_Latn.res" 580
"../../../Engine/Content/Internationalization/icudt64l/region/bs.res" 581
"../../../Engine/Content/Internationalization/icudt64l/region/bs_Cyrl.res" 582
"../../../Engine/Content/Internationalization/icudt64l/lang/ca.res" 583
"../../../Engine/Content/Internationalization/icudt64l/region/ca.res" 584
"../../../Engine/Content/Internationalization/icudt64l/lang/ccp.res" 585
"../../../Engine/Content/Internationalization/icudt64l/region/ccp.res" 586
"../../../Engine/Content/Internationalization/icudt64l/lang/ce.res" 587
"../../../Engine/Content/Internationalization/icudt64l/region/ce.res" 588
"../../../Engine/Content/Internationalization/icudt64l/lang/ceb.res" 589
"../../../Engine/Content/Internationalization/icudt64l/region/ceb.res" 590
"../../../Engine/Content/Internationalization/icudt64l/lang/cgg.res" 591
"../../../Engine/Content/Internationalization/icudt64l/region/cgg.res" 592
"../../../Engine/Content/Internationalization/icudt64l/lang/chr.res" 593
"../../../Engine/Content/Internationalization/icudt64l/region/chr.res" 594
"../../../Engine/Content/Internationalization/icudt64l/lang/ckb.res" 595
"../../../Engine/Content/Internationalization/icudt64l/region/ckb.res" 596
"../../../Engine/Content/Internationalization/icudt64l/lang/cs.res" 597
"../../../Engine/Content/Internationalization/icudt64l/region/cs.res" 598
"../../../Engine/Content/Internationalization/icudt64l/lang/cy.res" 599
"../../../Engine/Content/Internationalization/icudt64l/region/cy.res" 600
"../../../Engine/Content/Internationalization/icudt64l/lang/da.res" 601
"../../../Engine/Content/Internationalization/icudt64l/region/da.res" 602
"../../../Engine/Content/Internationalization/icudt64l/lang/dav.res" 603
"../../../Engine/Content/Internationalization/icudt64l/region/dav.res" 604
"../../../Engine/Content/Internationalization/icudt64l/lang/de.res" 605
"../../../Engine/Content/Internationalization/icudt64l/lang/de_AT.res" 606
"../../../Engine/Content/Internationalization/icudt64l/region/de_AT.res" 607
"../../../Engine/Content/Internationalization/icudt64l/region/de.res" 608
"../../../Engine/Content/Internationalization/icudt64l/lang/de_CH.res" 609
"../../../Engine/Content/Internationalization/icudt64l/region/de_CH.res" 610
"../../../Engine/Content/Internationalization/icudt64l/lang/de_LU.res" 611
"../../../Engine/Content/Internationalization/icudt64l/lang/dje.res" 612
"../../../Engine/Content/Internationalization/icudt64l/region/dje.res" 613
"../../../Engine/Content/Internationalization/icudt64l/lang/dsb.res" 614
"../../../Engine/Content/Internationalization/icudt64l/region/dsb.res" 615
"../../../Engine/Content/Internationalization/icudt64l/lang/dua.res" 616
"../../../Engine/Content/Internationalization/icudt64l/region/dua.res" 617
"../../../Engine/Content/Internationalization/icudt64l/lang/dyo.res" 618
"../../../Engine/Content/Internationalization/icudt64l/region/dyo.res" 619
"../../../Engine/Content/Internationalization/icudt64l/lang/dz.res" 620
"../../../Engine/Content/Internationalization/icudt64l/region/dz.res" 621
"../../../Engine/Content/Internationalization/icudt64l/lang/ebu.res" 622
"../../../Engine/Content/Internationalization/icudt64l/region/ebu.res" 623
"../../../Engine/Content/Internationalization/icudt64l/lang/ee.res" 624
"../../../Engine/Content/Internationalization/icudt64l/region/ee.res" 625
"../../../Engine/Content/Internationalization/icudt64l/lang/el.res" 626
"../../../Engine/Content/Internationalization/icudt64l/region/el.res" 627
"../../../Engine/Content/Internationalization/icudt64l/lang/en_001.res" 628
"../../../Engine/Content/Internationalization/icudt64l/lang/en_150.res" 629
"../../../Engine/Content/Internationalization/icudt64l/region/en_150.res" 630
"../../../Engine/Content/Internationalization/icudt64l/lang/en_AG.res" 631
"../../../Engine/Content/Internationalization/icudt64l/region/en_AG.res" 632
"../../../Engine/Content/Internationalization/icudt64l/lang/en_AI.res" 633
"../../../Engine/Content/Internationalization/icudt64l/region/en_AI.res" 634
"../../../Engine/Content/Internationalization/icudt64l/lang/en_AT.res" 635
"../../../Engine/Content/Internationalization/icudt64l/region/en_AT.res" 636
"../../../Engine/Content/Internationalization/icudt64l/lang/en_AU.res" 637
"../../../Engine/Content/Internationalization/icudt64l/region/en_AU.res" 638
"../../../Engine/Content/Internationalization/icudt64l/lang/en_BB.res" 639
"../../../Engine/Content/Internationalization/icudt64l/region/en_BB.res" 640
"../../../Engine/Content/Internationalization/icudt64l/lang/en_BE.res" 641
"../../../Engine/Content/Internationalization/icudt64l/region/en_BE.res" 642
"../../../Engine/Content/Internationalization/icudt64l/lang/en_BM.res" 643
"../../../Engine/Content/Internationalization/icudt64l/region/en_BM.res" 644
"../../../Engine/Content/Internationalization/icudt64l/lang/en_BS.res" 645
"../../../Engine/Content/Internationalization/icudt64l/region/en_BS.res" 646
"../../../Engine/Content/Internationalization/icudt64l/lang/en_BW.res" 647
"../../../Engine/Content/Internationalization/icudt64l/region/en_BW.res" 648
"../../../Engine/Content/Internationalization/icudt64l/lang/en_BZ.res" 649
"../../../Engine/Content/Internationalization/icudt64l/region/en_BZ.res" 650
"../../../Engine/Content/Internationalization/icudt64l/lang/en_CA.res" 651
"../../../Engine/Content/Internationalization/icudt64l/region/en_CA.res" 652
"../../../Engine/Content/Internationalization/icudt64l/lang/en_CC.res" 653
"../../../Engine/Content/Internationalization/icudt64l/region/en_CC.res" 654
"../../../Engine/Content/Internationalization/icudt64l/lang/en_CH.res" 655
"../../../Engine/Content/Internationalization/icudt64l/region/en_CH.res" 656
"../../../Engine/Content/Internationalization/icudt64l/lang/en_CK.res" 657
"../../../Engine/Content/Internationalization/icudt64l/region/en_CK.res" 658
"../../../Engine/Content/Internationalization/icudt64l/lang/en_CM.res" 659
"../../../Engine/Content/Internationalization/icudt64l/region/en_CM.res" 660
"../../../Engine/Content/Internationalization/icudt64l/lang/en_CX.res" 661
"../../../Engine/Content/Internationalization/icudt64l/region/en_CX.res" 662
"../../../Engine/Content/Internationalization/icudt64l/lang/en_CY.res" 663
"../../../Engine/Content/Internationalization/icudt64l/region/en_CY.res" 664
"../../../Engine/Content/Internationalization/icudt64l/lang/en_DE.res" 665
"../../../Engine/Content/Internationalization/icudt64l/region/en_DE.res" 666
"../../../Engine/Content/Internationalization/icudt64l/lang/en_DG.res" 667
"../../../Engine/Content/Internationalization/icudt64l/region/en_DG.res" 668
"../../../Engine/Content/Internationalization/icudt64l/lang/en_DK.res" 669
"../../../Engine/Content/Internationalization/icudt64l/region/en_DK.res" 670
"../../../Engine/Content/Internationalization/icudt64l/lang/en_DM.res" 671
"../../../Engine/Content/Internationalization/icudt64l/region/en_DM.res" 672
"../../../Engine/Content/Internationalization/icudt64l/lang/en_ER.res" 673
"../../../Engine/Content/Internationalization/icudt64l/region/en_ER.res" 674
"../../../Engine/Content/Internationalization/icudt64l/lang/en_FI.res" 675
"../../../Engine/Content/Internationalization/icudt64l/region/en_FI.res" 676
"../../../Engine/Content/Internationalization/icudt64l/lang/en_FJ.res" 677
"../../../Engine/Content/Internationalization/icudt64l/region/en_FJ.res" 678
"../../../Engine/Content/Internationalization/icudt64l/lang/en_FK.res" 679
"../../../Engine/Content/Internationalization/icudt64l/region/en_FK.res" 680
"../../../Engine/Content/Internationalization/icudt64l/lang/en_FM.res" 681
"../../../Engine/Content/Internationalization/icudt64l/region/en_FM.res" 682
"../../../Engine/Content/Internationalization/icudt64l/lang/en_GB.res" 683
"../../../Engine/Content/Internationalization/icudt64l/region/en_GB.res" 684
"../../../Engine/Content/Internationalization/icudt64l/lang/en_GD.res" 685
"../../../Engine/Content/Internationalization/icudt64l/region/en_GD.res" 686
"../../../Engine/Content/Internationalization/icudt64l/lang/en_GG.res" 687
"../../../Engine/Content/Internationalization/icudt64l/region/en_GG.res" 688
"../../../Engine/Content/Internationalization/icudt64l/lang/en_GH.res" 689
"../../../Engine/Content/Internationalization/icudt64l/region/en_GH.res" 690
"../../../Engine/Content/Internationalization/icudt64l/lang/en_GI.res" 691
"../../../Engine/Content/Internationalization/icudt64l/region/en_GI.res" 692
"../../../Engine/Content/Internationalization/icudt64l/lang/en_GM.res" 693
"../../../Engine/Content/Internationalization/icudt64l/region/en_GM.res" 694
"../../../Engine/Content/Internationalization/icudt64l/lang/en_GY.res" 695
"../../../Engine/Content/Internationalization/icudt64l/region/en_GY.res" 696
"../../../Engine/Content/Internationalization/icudt64l/lang/en_HK.res" 697
"../../../Engine/Content/Internationalization/icudt64l/region/en_HK.res" 698
"../../../Engine/Content/Internationalization/icudt64l/lang/en_IE.res" 699
"../../../Engine/Content/Internationalization/icudt64l/region/en_IE.res" 700
"../../../Engine/Content/Internationalization/icudt64l/lang/en_IL.res" 701
"../../../Engine/Content/Internationalization/icudt64l/region/en_IL.res" 702
"../../../Engine/Content/Internationalization/icudt64l/lang/en_IM.res" 703
"../../../Engine/Content/Internationalization/icudt64l/region/en_IM.res" 704
"../../../Engine/Content/Internationalization/icudt64l/lang/en_IN.res" 705
"../../../Engine/Content/Internationalization/icudt64l/region/en_IN.res" 706
"../../../Engine/Content/Internationalization/icudt64l/lang/en_IO.res" 707
"../../../Engine/Content/Internationalization/icudt64l/region/en_IO.res" 708
"../../../Engine/Content/Internationalization/icudt64l/lang/en_JE.res" 709
"../../../Engine/Content/Internationalization/icudt64l/region/en_JE.res" 710
"../../../Engine/Content/Internationalization/icudt64l/lang/en_JM.res" 711
"../../../Engine/Content/Internationalization/icudt64l/region/en_JM.res" 712
"../../../Engine/Content/Internationalization/icudt64l/lang/en_KE.res" 713
"../../../Engine/Content/Internationalization/icudt64l/region/en_KE.res" 714
"../../../Engine/Content/Internationalization/icudt64l/lang/en_KI.res" 715
"../../../Engine/Content/Internationalization/icudt64l/region/en_KI.res" 716
"../../../Engine/Content/Internationalization/icudt64l/lang/en_KN.res" 717
"../../../Engine/Content/Internationalization/icudt64l/region/en_KN.res" 718
"../../../Engine/Content/Internationalization/icudt64l/lang/en_KY.res" 719
"../../../Engine/Content/Internationalization/icudt64l/region/en_KY.res" 720
"../../../Engine/Content/Internationalization/icudt64l/lang/en_LC.res" 721
"../../../Engine/Content/Internationalization/icudt64l/region/en_LC.res" 722
"../../../Engine/Content/Internationalization/icudt64l/lang/en_LR.res" 723
"../../../Engine/Content/Internationalization/icudt64l/region/en_LR.res" 724
"../../../Engine/Content/Internationalization/icudt64l/lang/en_LS.res" 725
"../../../Engine/Content/Internationalization/icudt64l/region/en_LS.res" 726
"../../../Engine/Content/Internationalization/icudt64l/lang/en_MG.res" 727
"../../../Engine/Content/Internationalization/icudt64l/region/en_MG.res" 728
"../../../Engine/Content/Internationalization/icudt64l/lang/en_MO.res" 729
"../../../Engine/Content/Internationalization/icudt64l/region/en_MO.res" 730
"../../../Engine/Content/Internationalization/icudt64l/lang/en_MS.res" 731
"../../../Engine/Content/Internationalization/icudt64l/region/en_MS.res" 732
"../../../Engine/Content/Internationalization/icudt64l/lang/en_MT.res" 733
"../../../Engine/Content/Internationalization/icudt64l/region/en_MT.res" 734
"../../../Engine/Content/Internationalization/icudt64l/lang/en_MU.res" 735
"../../../Engine/Content/Internationalization/icudt64l/region/en_MU.res" 736
"../../../Engine/Content/Internationalization/icudt64l/lang/en_MW.res" 737
"../../../Engine/Content/Internationalization/icudt64l/region/en_MW.res" 738
"../../../Engine/Content/Internationalization/icudt64l/lang/en_MY.res" 739
"../../../Engine/Content/Internationalization/icudt64l/region/en_MY.res" 740
"../../../Engine/Content/Internationalization/icudt64l/lang/en_NA.res" 741
"../../../Engine/Content/Internationalization/icudt64l/region/en_NA.res" 742
"../../../Engine/Content/Internationalization/icudt64l/lang/en_NF.res" 743
"../../../Engine/Content/Internationalization/icudt64l/region/en_NF.res" 744
"../../../Engine/Content/Internationalization/icudt64l/lang/en_NG.res" 745
"../../../Engine/Content/Internationalization/icudt64l/region/en_NG.res" 746
"../../../Engine/Content/Internationalization/icudt64l/lang/en_NL.res" 747
"../../../Engine/Content/Internationalization/icudt64l/region/en_NL.res" 748
"../../../Engine/Content/Internationalization/icudt64l/lang/en_NR.res" 749
"../../../Engine/Content/Internationalization/icudt64l/region/en_NR.res" 750
"../../../Engine/Content/Internationalization/icudt64l/lang/en_NU.res" 751
"../../../Engine/Content/Internationalization/icudt64l/region/en_NU.res" 752
"../../../Engine/Content/Internationalization/icudt64l/lang/en_NZ.res" 753
"../../../Engine/Content/Internationalization/icudt64l/region/en_NZ.res" 754
"../../../Engine/Content/Internationalization/icudt64l/lang/en_PG.res" 755
"../../../Engine/Content/Internationalization/icudt64l/region/en_PG.res" 756
"../../../Engine/Content/Internationalization/icudt64l/lang/en_PH.res" 757
"../../../Engine/Content/Internationalization/icudt64l/region/en_PH.res" 758
"../../../Engine/Content/Internationalization/icudt64l/lang/en_PK.res" 759
"../../../Engine/Content/Internationalization/icudt64l/region/en_PK.res" 760
"../../../Engine/Content/Internationalization/icudt64l/lang/en_PN.res" 761
"../../../Engine/Content/Internationalization/icudt64l/region/en_PN.res" 762
"../../../Engine/Content/Internationalization/icudt64l/lang/en_PW.res" 763
"../../../Engine/Content/Internationalization/icudt64l/region/en_PW.res" 764
"../../../Engine/Content/Internationalization/icudt64l/lang/en_RW.res" 765
"../../../Engine/Content/Internationalization/icudt64l/region/en_RW.res" 766
"../../../Engine/Content/Internationalization/icudt64l/lang/en_SB.res" 767
"../../../Engine/Content/Internationalization/icudt64l/region/en_SB.res" 768
"../../../Engine/Content/Internationalization/icudt64l/lang/en_SC.res" 769
"../../../Engine/Content/Internationalization/icudt64l/region/en_SC.res" 770
"../../../Engine/Content/Internationalization/icudt64l/lang/en_SD.res" 771
"../../../Engine/Content/Internationalization/icudt64l/region/en_SD.res" 772
"../../../Engine/Content/Internationalization/icudt64l/lang/en_SE.res" 773
"../../../Engine/Content/Internationalization/icudt64l/region/en_SE.res" 774
"../../../Engine/Content/Internationalization/icudt64l/lang/en_SG.res" 775
"../../../Engine/Content/Internationalization/icudt64l/region/en_SG.res" 776
"../../../Engine/Content/Internationalization/icudt64l/lang/en_SH.res" 777
"../../../Engine/Content/Internationalization/icudt64l/region/en_SH.res" 778
"../../../Engine/Content/Internationalization/icudt64l/lang/en_SI.res" 779
"../../../Engine/Content/Internationalization/icudt64l/region/en_SI.res" 780
"../../../Engine/Content/Internationalization/icudt64l/lang/en_SL.res" 781
"../../../Engine/Content/Internationalization/icudt64l/region/en_SL.res" 782
"../../../Engine/Content/Internationalization/icudt64l/lang/en_SS.res" 783
"../../../Engine/Content/Internationalization/icudt64l/region/en_SS.res" 784
"../../../Engine/Content/Internationalization/icudt64l/lang/en_SX.res" 785
"../../../Engine/Content/Internationalization/icudt64l/region/en_SX.res" 786
"../../../Engine/Content/Internationalization/icudt64l/lang/en_SZ.res" 787
"../../../Engine/Content/Internationalization/icudt64l/region/en_SZ.res" 788
"../../../Engine/Content/Internationalization/icudt64l/lang/en_TC.res" 789
"../../../Engine/Content/Internationalization/icudt64l/region/en_TC.res" 790
"../../../Engine/Content/Internationalization/icudt64l/lang/en_TK.res" 791
"../../../Engine/Content/Internationalization/icudt64l/region/en_TK.res" 792
"../../../Engine/Content/Internationalization/icudt64l/lang/en_TO.res" 793
"../../../Engine/Content/Internationalization/icudt64l/region/en_TO.res" 794
"../../../Engine/Content/Internationalization/icudt64l/lang/en_TT.res" 795
"../../../Engine/Content/Internationalization/icudt64l/region/en_TT.res" 796
"../../../Engine/Content/Internationalization/icudt64l/lang/en_TV.res" 797
"../../../Engine/Content/Internationalization/icudt64l/region/en_TV.res" 798
"../../../Engine/Content/Internationalization/icudt64l/lang/en_TZ.res" 799
"../../../Engine/Content/Internationalization/icudt64l/region/en_TZ.res" 800
"../../../Engine/Content/Internationalization/icudt64l/lang/en_UG.res" 801
"../../../Engine/Content/Internationalization/icudt64l/region/en_UG.res" 802
"../../../Engine/Content/Internationalization/icudt64l/lang/en_VC.res" 803
"../../../Engine/Content/Internationalization/icudt64l/region/en_VC.res" 804
"../../../Engine/Content/Internationalization/icudt64l/lang/en_VG.res" 805
"../../../Engine/Content/Internationalization/icudt64l/region/en_VG.res" 806
"../../../Engine/Content/Internationalization/icudt64l/lang/en_VU.res" 807
"../../../Engine/Content/Internationalization/icudt64l/region/en_VU.res" 808
"../../../Engine/Content/Internationalization/icudt64l/lang/en_WS.res" 809
"../../../Engine/Content/Internationalization/icudt64l/region/en_WS.res" 810
"../../../Engine/Content/Internationalization/icudt64l/lang/en_ZA.res" 811
"../../../Engine/Content/Internationalization/icudt64l/region/en_ZA.res" 812
"../../../Engine/Content/Internationalization/icudt64l/lang/en_ZM.res" 813
"../../../Engine/Content/Internationalization/icudt64l/region/en_ZM.res" 814
"../../../Engine/Content/Internationalization/icudt64l/lang/en_ZW.res" 815
"../../../Engine/Content/Internationalization/icudt64l/region/en_ZW.res" 816
"../../../Engine/Content/Internationalization/icudt64l/lang/eo.res" 817
"../../../Engine/Content/Internationalization/icudt64l/region/eo.res" 818
"../../../Engine/Content/Internationalization/icudt64l/lang/es.res" 819
"../../../Engine/Content/Internationalization/icudt64l/lang/es_419.res" 820
"../../../Engine/Content/Internationalization/icudt64l/region/es_419.res" 821
"../../../Engine/Content/Internationalization/icudt64l/region/es.res" 822
"../../../Engine/Content/Internationalization/icudt64l/lang/es_AR.res" 823
"../../../Engine/Content/Internationalization/icudt64l/region/es_AR.res" 824
"../../../Engine/Content/Internationalization/icudt64l/lang/es_BO.res" 825
"../../../Engine/Content/Internationalization/icudt64l/region/es_BO.res" 826
"../../../Engine/Content/Internationalization/icudt64l/lang/es_BR.res" 827
"../../../Engine/Content/Internationalization/icudt64l/region/es_BR.res" 828
"../../../Engine/Content/Internationalization/icudt64l/lang/es_BZ.res" 829
"../../../Engine/Content/Internationalization/icudt64l/region/es_BZ.res" 830
"../../../Engine/Content/Internationalization/icudt64l/lang/es_CL.res" 831
"../../../Engine/Content/Internationalization/icudt64l/region/es_CL.res" 832
"../../../Engine/Content/Internationalization/icudt64l/lang/es_CO.res" 833
"../../../Engine/Content/Internationalization/icudt64l/region/es_CO.res" 834
"../../../Engine/Content/Internationalization/icudt64l/lang/es_CR.res" 835
"../../../Engine/Content/Internationalization/icudt64l/region/es_CR.res" 836
"../../../Engine/Content/Internationalization/icudt64l/lang/es_CU.res" 837
"../../../Engine/Content/Internationalization/icudt64l/region/es_CU.res" 838
"../../../Engine/Content/Internationalization/icudt64l/lang/es_DO.res" 839
"../../../Engine/Content/Internationalization/icudt64l/region/es_DO.res" 840
"../../../Engine/Content/Internationalization/icudt64l/lang/es_EC.res" 841
"../../../Engine/Content/Internationalization/icudt64l/region/es_EC.res" 842
"../../../Engine/Content/Internationalization/icudt64l/lang/es_GT.res" 843
"../../../Engine/Content/Internationalization/icudt64l/region/es_GT.res" 844
"../../../Engine/Content/Internationalization/icudt64l/lang/es_HN.res" 845
"../../../Engine/Content/Internationalization/icudt64l/region/es_HN.res" 846
"../../../Engine/Content/Internationalization/icudt64l/lang/es_MX.res" 847
"../../../Engine/Content/Internationalization/icudt64l/region/es_MX.res" 848
"../../../Engine/Content/Internationalization/icudt64l/lang/es_NI.res" 849
"../../../Engine/Content/Internationalization/icudt64l/region/es_NI.res" 850
"../../../Engine/Content/Internationalization/icudt64l/lang/es_PA.res" 851
"../../../Engine/Content/Internationalization/icudt64l/region/es_PA.res" 852
"../../../Engine/Content/Internationalization/icudt64l/lang/es_PE.res" 853
"../../../Engine/Content/Internationalization/icudt64l/region/es_PE.res" 854
"../../../Engine/Content/Internationalization/icudt64l/lang/es_PR.res" 855
"../../../Engine/Content/Internationalization/icudt64l/region/es_PR.res" 856
"../../../Engine/Content/Internationalization/icudt64l/lang/es_PY.res" 857
"../../../Engine/Content/Internationalization/icudt64l/region/es_PY.res" 858
"../../../Engine/Content/Internationalization/icudt64l/lang/es_SV.res" 859
"../../../Engine/Content/Internationalization/icudt64l/region/es_SV.res" 860
"../../../Engine/Content/Internationalization/icudt64l/lang/es_US.res" 861
"../../../Engine/Content/Internationalization/icudt64l/region/es_US.res" 862
"../../../Engine/Content/Internationalization/icudt64l/lang/es_UY.res" 863
"../../../Engine/Content/Internationalization/icudt64l/region/es_UY.res" 864
"../../../Engine/Content/Internationalization/icudt64l/lang/es_VE.res" 865
"../../../Engine/Content/Internationalization/icudt64l/region/es_VE.res" 866
"../../../Engine/Content/Internationalization/icudt64l/lang/et.res" 867
"../../../Engine/Content/Internationalization/icudt64l/region/et.res" 868
"../../../Engine/Content/Internationalization/icudt64l/lang/eu.res" 869
"../../../Engine/Content/Internationalization/icudt64l/region/eu.res" 870
"../../../Engine/Content/Internationalization/icudt64l/lang/ewo.res" 871
"../../../Engine/Content/Internationalization/icudt64l/region/ewo.res" 872
"../../../Engine/Content/Internationalization/icudt64l/lang/fa.res" 873
"../../../Engine/Content/Internationalization/icudt64l/lang/fa_AF.res" 874
"../../../Engine/Content/Internationalization/icudt64l/region/fa_AF.res" 875
"../../../Engine/Content/Internationalization/icudt64l/region/fa.res" 876
"../../../Engine/Content/Internationalization/icudt64l/lang/ff.res" 877
"../../../Engine/Content/Internationalization/icudt64l/lang/ff_Latn.res" 878
"../../../Engine/Content/Internationalization/icudt64l/region/ff.res" 879
"../../../Engine/Content/Internationalization/icudt64l/region/ff_Latn.res" 880
"../../../Engine/Content/Internationalization/icudt64l/lang/ff_CM.res" 881
"../../../Engine/Content/Internationalization/icudt64l/lang/ff_Latn_CM.res" 882
"../../../Engine/Content/Internationalization/icudt64l/region/ff_CM.res" 883
"../../../Engine/Content/Internationalization/icudt64l/region/ff_Latn_CM.res" 884
"../../../Engine/Content/Internationalization/icudt64l/lang/ff_GN.res" 885
"../../../Engine/Content/Internationalization/icudt64l/lang/ff_Latn_GN.res" 886
"../../../Engine/Content/Internationalization/icudt64l/region/ff_GN.res" 887
"../../../Engine/Content/Internationalization/icudt64l/region/ff_Latn_GN.res" 888
"../../../Engine/Content/Internationalization/icudt64l/lang/ff_MR.res" 889
"../../../Engine/Content/Internationalization/icudt64l/lang/ff_Latn_MR.res" 890
"../../../Engine/Content/Internationalization/icudt64l/region/ff_MR.res" 891
"../../../Engine/Content/Internationalization/icudt64l/region/ff_Latn_MR.res" 892
"../../../Engine/Content/Internationalization/icudt64l/lang/ff_SN.res" 893
"../../../Engine/Content/Internationalization/icudt64l/lang/ff_Latn_SN.res" 894
"../../../Engine/Content/Internationalization/icudt64l/region/ff_SN.res" 895
"../../../Engine/Content/Internationalization/icudt64l/region/ff_Latn_SN.res" 896
"../../../Engine/Content/Internationalization/icudt64l/lang/fi.res" 897
"../../../Engine/Content/Internationalization/icudt64l/region/fi.res" 898
"../../../Engine/Content/Internationalization/icudt64l/lang/fil.res" 899
"../../../Engine/Content/Internationalization/icudt64l/lang/fil_PH.res" 900
"../../../Engine/Content/Internationalization/icudt64l/region/fil_PH.res" 901
"../../../Engine/Content/Internationalization/icudt64l/region/fil.res" 902
"../../../Engine/Content/Internationalization/icudt64l/lang/fo.res" 903
"../../../Engine/Content/Internationalization/icudt64l/region/fo.res" 904
"../../../Engine/Content/Internationalization/icudt64l/lang/fr.res" 905
"../../../Engine/Content/Internationalization/icudt64l/lang/fr_BE.res" 906
"../../../Engine/Content/Internationalization/icudt64l/region/fr_BE.res" 907
"../../../Engine/Content/Internationalization/icudt64l/region/fr.res" 908
"../../../Engine/Content/Internationalization/icudt64l/lang/fr_CA.res" 909
"../../../Engine/Content/Internationalization/icudt64l/region/fr_CA.res" 910
"../../../Engine/Content/Internationalization/icudt64l/lang/fr_CH.res" 911
"../../../Engine/Content/Internationalization/icudt64l/lang/fur.res" 912
"../../../Engine/Content/Internationalization/icudt64l/region/fur.res" 913
"../../../Engine/Content/Internationalization/icudt64l/lang/fy.res" 914
"../../../Engine/Content/Internationalization/icudt64l/region/fy.res" 915
"../../../Engine/Content/Internationalization/icudt64l/lang/ga.res" 916
"../../../Engine/Content/Internationalization/icudt64l/region/ga.res" 917
"../../../Engine/Content/Internationalization/icudt64l/lang/gd.res" 918
"../../../Engine/Content/Internationalization/icudt64l/region/gd.res" 919
"../../../Engine/Content/Internationalization/icudt64l/lang/gl.res" 920
"../../../Engine/Content/Internationalization/icudt64l/region/gl.res" 921
"../../../Engine/Content/Internationalization/icudt64l/lang/gsw.res" 922
"../../../Engine/Content/Internationalization/icudt64l/region/gsw.res" 923
"../../../Engine/Content/Internationalization/icudt64l/lang/gu.res" 924
"../../../Engine/Content/Internationalization/icudt64l/region/gu.res" 925
"../../../Engine/Content/Internationalization/icudt64l/lang/guz.res" 926
"../../../Engine/Content/Internationalization/icudt64l/region/guz.res" 927
"../../../Engine/Content/Internationalization/icudt64l/lang/gv.res" 928
"../../../Engine/Content/Internationalization/icudt64l/region/gv.res" 929
"../../../Engine/Content/Internationalization/icudt64l/lang/ha.res" 930
"../../../Engine/Content/Internationalization/icudt64l/region/ha.res" 931
"../../../Engine/Content/Internationalization/icudt64l/lang/ha_NE.res" 932
"../../../Engine/Content/Internationalization/icudt64l/region/ha_NE.res" 933
"../../../Engine/Content/Internationalization/icudt64l/lang/haw.res" 934
"../../../Engine/Content/Internationalization/icudt64l/region/haw.res" 935
"../../../Engine/Content/Internationalization/icudt64l/lang/he.res" 936
"../../../Engine/Content/Internationalization/icudt64l/lang/he_IL.res" 937
"../../../Engine/Content/Internationalization/icudt64l/region/he_IL.res" 938
"../../../Engine/Content/Internationalization/icudt64l/region/he.res" 939
"../../../Engine/Content/Internationalization/icudt64l/lang/hi.res" 940
"../../../Engine/Content/Internationalization/icudt64l/region/hi.res" 941
"../../../Engine/Content/Internationalization/icudt64l/lang/hr.res" 942
"../../../Engine/Content/Internationalization/icudt64l/region/hr.res" 943
"../../../Engine/Content/Internationalization/icudt64l/lang/hsb.res" 944
"../../../Engine/Content/Internationalization/icudt64l/region/hsb.res" 945
"../../../Engine/Content/Internationalization/icudt64l/lang/hu.res" 946
"../../../Engine/Content/Internationalization/icudt64l/region/hu.res" 947
"../../../Engine/Content/Internationalization/icudt64l/lang/hy.res" 948
"../../../Engine/Content/Internationalization/icudt64l/region/hy.res" 949
"../../../Engine/Content/Internationalization/icudt64l/lang/ia.res" 950
"../../../Engine/Content/Internationalization/icudt64l/region/ia.res" 951
"../../../Engine/Content/Internationalization/icudt64l/lang/id.res" 952
"../../../Engine/Content/Internationalization/icudt64l/lang/id_ID.res" 953
"../../../Engine/Content/Internationalization/icudt64l/region/id_ID.res" 954
"../../../Engine/Content/Internationalization/icudt64l/region/id.res" 955
"../../../Engine/Content/Internationalization/icudt64l/lang/ig.res" 956
"../../../Engine/Content/Internationalization/icudt64l/region/ig.res" 957
"../../../Engine/Content/Internationalization/icudt64l/lang/ii.res" 958
"../../../Engine/Content/Internationalization/icudt64l/region/ii.res" 959
"../../../Engine/Content/Internationalization/icudt64l/lang/is.res" 960
"../../../Engine/Content/Internationalization/icudt64l/region/is.res" 961
"../../../Engine/Content/Internationalization/icudt64l/lang/it.res" 962
"../../../Engine/Content/Internationalization/icudt64l/region/it.res" 963
"../../../Engine/Content/Internationalization/icudt64l/lang/ja.res" 964
"../../../Engine/Content/Internationalization/icudt64l/lang/ja_JP.res" 965
"../../../Engine/Content/Internationalization/icudt64l/region/ja_JP.res" 966
"../../../Engine/Content/Internationalization/icudt64l/region/ja.res" 967
"../../../Engine/Content/Internationalization/icudt64l/lang/jgo.res" 968
"../../../Engine/Content/Internationalization/icudt64l/region/jgo.res" 969
"../../../Engine/Content/Internationalization/icudt64l/lang/jmc.res" 970
"../../../Engine/Content/Internationalization/icudt64l/region/jmc.res" 971
"../../../Engine/Content/Internationalization/icudt64l/lang/jv.res" 972
"../../../Engine/Content/Internationalization/icudt64l/region/jv.res" 973
"../../../Engine/Content/Internationalization/icudt64l/lang/ka.res" 974
"../../../Engine/Content/Internationalization/icudt64l/region/ka.res" 975
"../../../Engine/Content/Internationalization/icudt64l/lang/kab.res" 976
"../../../Engine/Content/Internationalization/icudt64l/region/kab.res" 977
"../../../Engine/Content/Internationalization/icudt64l/lang/kam.res" 978
"../../../Engine/Content/Internationalization/icudt64l/region/kam.res" 979
"../../../Engine/Content/Internationalization/icudt64l/lang/kde.res" 980
"../../../Engine/Content/Internationalization/icudt64l/region/kde.res" 981
"../../../Engine/Content/Internationalization/icudt64l/lang/kea.res" 982
"../../../Engine/Content/Internationalization/icudt64l/region/kea.res" 983
"../../../Engine/Content/Internationalization/icudt64l/lang/khq.res" 984
"../../../Engine/Content/Internationalization/icudt64l/region/khq.res" 985
"../../../Engine/Content/Internationalization/icudt64l/lang/ki.res" 986
"../../../Engine/Content/Internationalization/icudt64l/region/ki.res" 987
"../../../Engine/Content/Internationalization/icudt64l/lang/kk.res" 988
"../../../Engine/Content/Internationalization/icudt64l/region/kk.res" 989
"../../../Engine/Content/Internationalization/icudt64l/lang/kkj.res" 990
"../../../Engine/Content/Internationalization/icudt64l/region/kkj.res" 991
"../../../Engine/Content/Internationalization/icudt64l/lang/kl.res" 992
"../../../Engine/Content/Internationalization/icudt64l/region/kl.res" 993
"../../../Engine/Content/Internationalization/icudt64l/lang/kln.res" 994
"../../../Engine/Content/Internationalization/icudt64l/region/kln.res" 995
"../../../Engine/Content/Internationalization/icudt64l/lang/km.res" 996
"../../../Engine/Content/Internationalization/icudt64l/region/km.res" 997
"../../../Engine/Content/Internationalization/icudt64l/lang/kn.res" 998
"../../../Engine/Content/Internationalization/icudt64l/region/kn.res" 999
"../../../Engine/Content/Internationalization/icudt64l/lang/ko.res" 1000
"../../../Engine/Content/Internationalization/icudt64l/region/ko_KP.res" 1001
"../../../Engine/Content/Internationalization/icudt64l/region/ko.res" 1002
"../../../Engine/Content/Internationalization/icudt64l/lang/kok.res" 1003
"../../../Engine/Content/Internationalization/icudt64l/region/kok.res" 1004
"../../../Engine/Content/Internationalization/icudt64l/lang/ks.res" 1005
"../../../Engine/Content/Internationalization/icudt64l/region/ks.res" 1006
"../../../Engine/Content/Internationalization/icudt64l/lang/ksb.res" 1007
"../../../Engine/Content/Internationalization/icudt64l/region/ksb.res" 1008
"../../../Engine/Content/Internationalization/icudt64l/lang/ksf.res" 1009
"../../../Engine/Content/Internationalization/icudt64l/region/ksf.res" 1010
"../../../Engine/Content/Internationalization/icudt64l/lang/ksh.res" 1011
"../../../Engine/Content/Internationalization/icudt64l/region/ksh.res" 1012
"../../../Engine/Content/Internationalization/icudt64l/lang/ku.res" 1013
"../../../Engine/Content/Internationalization/icudt64l/region/ku.res" 1014
"../../../Engine/Content/Internationalization/icudt64l/lang/kw.res" 1015
"../../../Engine/Content/Internationalization/icudt64l/region/kw.res" 1016
"../../../Engine/Content/Internationalization/icudt64l/lang/ky.res" 1017
"../../../Engine/Content/Internationalization/icudt64l/region/ky.res" 1018
"../../../Engine/Content/Internationalization/icudt64l/lang/lag.res" 1019
"../../../Engine/Content/Internationalization/icudt64l/region/lag.res" 1020
"../../../Engine/Content/Internationalization/icudt64l/lang/lb.res" 1021
"../../../Engine/Content/Internationalization/icudt64l/region/lb.res" 1022
"../../../Engine/Content/Internationalization/icudt64l/lang/lg.res" 1023
"../../../Engine/Content/Internationalization/icudt64l/region/lg.res" 1024
"../../../Engine/Content/Internationalization/icudt64l/lang/lkt.res" 1025
"../../../Engine/Content/Internationalization/icudt64l/region/lkt.res" 1026
"../../../Engine/Content/Internationalization/icudt64l/lang/ln.res" 1027
"../../../Engine/Content/Internationalization/icudt64l/region/ln.res" 1028
"../../../Engine/Content/Internationalization/icudt64l/lang/lo.res" 1029
"../../../Engine/Content/Internationalization/icudt64l/region/lo.res" 1030
"../../../Engine/Content/Internationalization/icudt64l/lang/lrc.res" 1031
"../../../Engine/Content/Internationalization/icudt64l/region/lrc.res" 1032
"../../../Engine/Content/Internationalization/icudt64l/lang/lt.res" 1033
"../../../Engine/Content/Internationalization/icudt64l/region/lt.res" 1034
"../../../Engine/Content/Internationalization/icudt64l/lang/lu.res" 1035
"../../../Engine/Content/Internationalization/icudt64l/region/lu.res" 1036
"../../../Engine/Content/Internationalization/icudt64l/lang/luo.res" 1037
"../../../Engine/Content/Internationalization/icudt64l/region/luo.res" 1038
"../../../Engine/Content/Internationalization/icudt64l/lang/luy.res" 1039
"../../../Engine/Content/Internationalization/icudt64l/region/luy.res" 1040
"../../../Engine/Content/Internationalization/icudt64l/lang/lv.res" 1041
"../../../Engine/Content/Internationalization/icudt64l/region/lv.res" 1042
"../../../Engine/Content/Internationalization/icudt64l/lang/mas.res" 1043
"../../../Engine/Content/Internationalization/icudt64l/region/mas.res" 1044
"../../../Engine/Content/Internationalization/icudt64l/lang/mer.res" 1045
"../../../Engine/Content/Internationalization/icudt64l/region/mer.res" 1046
"../../../Engine/Content/Internationalization/icudt64l/lang/mfe.res" 1047
"../../../Engine/Content/Internationalization/icudt64l/region/mfe.res" 1048
"../../../Engine/Content/Internationalization/icudt64l/lang/mg.res" 1049
"../../../Engine/Content/Internationalization/icudt64l/region/mg.res" 1050
"../../../Engine/Content/Internationalization/icudt64l/lang/mgh.res" 1051
"../../../Engine/Content/Internationalization/icudt64l/region/mgh.res" 1052
"../../../Engine/Content/Internationalization/icudt64l/lang/mgo.res" 1053
"../../../Engine/Content/Internationalization/icudt64l/region/mgo.res" 1054
"../../../Engine/Content/Internationalization/icudt64l/lang/mi.res" 1055
"../../../Engine/Content/Internationalization/icudt64l/region/mi.res" 1056
"../../../Engine/Content/Internationalization/icudt64l/lang/mk.res" 1057
"../../../Engine/Content/Internationalization/icudt64l/region/mk.res" 1058
"../../../Engine/Content/Internationalization/icudt64l/lang/ml.res" 1059
"../../../Engine/Content/Internationalization/icudt64l/region/ml.res" 1060
"../../../Engine/Content/Internationalization/icudt64l/lang/mn.res" 1061
"../../../Engine/Content/Internationalization/icudt64l/region/mn.res" 1062
"../../../Engine/Content/Internationalization/icudt64l/lang/mr.res" 1063
"../../../Engine/Content/Internationalization/icudt64l/region/mr.res" 1064
"../../../Engine/Content/Internationalization/icudt64l/lang/ms.res" 1065
"../../../Engine/Content/Internationalization/icudt64l/region/ms.res" 1066
"../../../Engine/Content/Internationalization/icudt64l/lang/mt.res" 1067
"../../../Engine/Content/Internationalization/icudt64l/region/mt.res" 1068
"../../../Engine/Content/Internationalization/icudt64l/lang/mua.res" 1069
"../../../Engine/Content/Internationalization/icudt64l/region/mua.res" 1070
"../../../Engine/Content/Internationalization/icudt64l/lang/my.res" 1071
"../../../Engine/Content/Internationalization/icudt64l/region/my.res" 1072
"../../../Engine/Content/Internationalization/icudt64l/lang/mzn.res" 1073
"../../../Engine/Content/Internationalization/icudt64l/region/mzn.res" 1074
"../../../Engine/Content/Internationalization/icudt64l/lang/naq.res" 1075
"../../../Engine/Content/Internationalization/icudt64l/region/naq.res" 1076
"../../../Engine/Content/Internationalization/icudt64l/lang/nb.res" 1077
"../../../Engine/Content/Internationalization/icudt64l/lang/nb_NO.res" 1078
"../../../Engine/Content/Internationalization/icudt64l/region/nb_NO.res" 1079
"../../../Engine/Content/Internationalization/icudt64l/region/nb.res" 1080
"../../../Engine/Content/Internationalization/icudt64l/lang/nd.res" 1081
"../../../Engine/Content/Internationalization/icudt64l/region/nd.res" 1082
"../../../Engine/Content/Internationalization/icudt64l/lang/nds.res" 1083
"../../../Engine/Content/Internationalization/icudt64l/region/nds.res" 1084
"../../../Engine/Content/Internationalization/icudt64l/lang/ne.res" 1085
"../../../Engine/Content/Internationalization/icudt64l/region/ne.res" 1086
"../../../Engine/Content/Internationalization/icudt64l/lang/nl.res" 1087
"../../../Engine/Content/Internationalization/icudt64l/region/nl.res" 1088
"../../../Engine/Content/Internationalization/icudt64l/lang/nmg.res" 1089
"../../../Engine/Content/Internationalization/icudt64l/region/nmg.res" 1090
"../../../Engine/Content/Internationalization/icudt64l/lang/nn.res" 1091
"../../../Engine/Content/Internationalization/icudt64l/lang/nn_NO.res" 1092
"../../../Engine/Content/Internationalization/icudt64l/region/nn_NO.res" 1093
"../../../Engine/Content/Internationalization/icudt64l/region/nn.res" 1094
"../../../Engine/Content/Internationalization/icudt64l/lang/nnh.res" 1095
"../../../Engine/Content/Internationalization/icudt64l/region/nnh.res" 1096
"../../../Engine/Content/Internationalization/icudt64l/lang/nus.res" 1097
"../../../Engine/Content/Internationalization/icudt64l/region/nus.res" 1098
"../../../Engine/Content/Internationalization/icudt64l/lang/nyn.res" 1099
"../../../Engine/Content/Internationalization/icudt64l/region/nyn.res" 1100
"../../../Engine/Content/Internationalization/icudt64l/lang/om.res" 1101
"../../../Engine/Content/Internationalization/icudt64l/region/om.res" 1102
"../../../Engine/Content/Internationalization/icudt64l/lang/or.res" 1103
"../../../Engine/Content/Internationalization/icudt64l/region/or.res" 1104
"../../../Engine/Content/Internationalization/icudt64l/lang/os.res" 1105
"../../../Engine/Content/Internationalization/icudt64l/region/os.res" 1106
"../../../Engine/Content/Internationalization/icudt64l/lang/pa.res" 1107
"../../../Engine/Content/Internationalization/icudt64l/lang/pa_Arab.res" 1108
"../../../Engine/Content/Internationalization/icudt64l/lang/pa_PK.res" 1109
"../../../Engine/Content/Internationalization/icudt64l/lang/pa_Arab_PK.res" 1110
"../../../Engine/Content/Internationalization/icudt64l/region/pa_PK.res" 1111
"../../../Engine/Content/Internationalization/icudt64l/region/pa_Arab_PK.res" 1112
"../../../Engine/Content/Internationalization/icudt64l/region/pa_Arab.res" 1113
"../../../Engine/Content/Internationalization/icudt64l/lang/pa_Guru.res" 1114
"../../../Engine/Content/Internationalization/icudt64l/lang/pa_IN.res" 1115
"../../../Engine/Content/Internationalization/icudt64l/lang/pa_Guru_IN.res" 1116
"../../../Engine/Content/Internationalization/icudt64l/region/pa_IN.res" 1117
"../../../Engine/Content/Internationalization/icudt64l/region/pa_Guru_IN.res" 1118
"../../../Engine/Content/Internationalization/icudt64l/region/pa_Guru.res" 1119
"../../../Engine/Content/Internationalization/icudt64l/region/pa.res" 1120
"../../../Engine/Content/Internationalization/icudt64l/lang/pl.res" 1121
"../../../Engine/Content/Internationalization/icudt64l/region/pl.res" 1122
"../../../Engine/Content/Internationalization/icudt64l/lang/ps.res" 1123
"../../../Engine/Content/Internationalization/icudt64l/region/ps.res" 1124
"../../../Engine/Content/Internationalization/icudt64l/lang/ps_PK.res" 1125
"../../../Engine/Content/Internationalization/icudt64l/region/ps_PK.res" 1126
"../../../Engine/Content/Internationalization/icudt64l/lang/pt.res" 1127
"../../../Engine/Content/Internationalization/icudt64l/lang/pt_AO.res" 1128
"../../../Engine/Content/Internationalization/icudt64l/lang/pt_PT.res" 1129
"../../../Engine/Content/Internationalization/icudt64l/region/pt_AO.res" 1130
"../../../Engine/Content/Internationalization/icudt64l/region/pt_PT.res" 1131
"../../../Engine/Content/Internationalization/icudt64l/region/pt.res" 1132
"../../../Engine/Content/Internationalization/icudt64l/lang/pt_CH.res" 1133
"../../../Engine/Content/Internationalization/icudt64l/region/pt_CH.res" 1134
"../../../Engine/Content/Internationalization/icudt64l/lang/pt_CV.res" 1135
"../../../Engine/Content/Internationalization/icudt64l/region/pt_CV.res" 1136
"../../../Engine/Content/Internationalization/icudt64l/lang/pt_GQ.res" 1137
"../../../Engine/Content/Internationalization/icudt64l/region/pt_GQ.res" 1138
"../../../Engine/Content/Internationalization/icudt64l/lang/pt_GW.res" 1139
"../../../Engine/Content/Internationalization/icudt64l/region/pt_GW.res" 1140
"../../../Engine/Content/Internationalization/icudt64l/lang/pt_LU.res" 1141
"../../../Engine/Content/Internationalization/icudt64l/region/pt_LU.res" 1142
"../../../Engine/Content/Internationalization/icudt64l/lang/pt_MO.res" 1143
"../../../Engine/Content/Internationalization/icudt64l/region/pt_MO.res" 1144
"../../../Engine/Content/Internationalization/icudt64l/lang/pt_MZ.res" 1145
"../../../Engine/Content/Internationalization/icudt64l/region/pt_MZ.res" 1146
"../../../Engine/Content/Internationalization/icudt64l/lang/pt_ST.res" 1147
"../../../Engine/Content/Internationalization/icudt64l/region/pt_ST.res" 1148
"../../../Engine/Content/Internationalization/icudt64l/lang/pt_TL.res" 1149
"../../../Engine/Content/Internationalization/icudt64l/region/pt_TL.res" 1150
"../../../Engine/Content/Internationalization/icudt64l/lang/qu.res" 1151
"../../../Engine/Content/Internationalization/icudt64l/region/qu.res" 1152
"../../../Engine/Content/Internationalization/icudt64l/lang/rm.res" 1153
"../../../Engine/Content/Internationalization/icudt64l/region/rm.res" 1154
"../../../Engine/Content/Internationalization/icudt64l/lang/rn.res" 1155
"../../../Engine/Content/Internationalization/icudt64l/region/rn.res" 1156
"../../../Engine/Content/Internationalization/icudt64l/lang/ro.res" 1157
"../../../Engine/Content/Internationalization/icudt64l/lang/ro_MD.res" 1158
"../../../Engine/Content/Internationalization/icudt64l/region/ro_MD.res" 1159
"../../../Engine/Content/Internationalization/icudt64l/region/ro.res" 1160
"../../../Engine/Content/Internationalization/icudt64l/lang/rof.res" 1161
"../../../Engine/Content/Internationalization/icudt64l/region/rof.res" 1162
"../../../Engine/Content/Internationalization/icudt64l/region/ru_UA.res" 1163
"../../../Engine/Content/Internationalization/icudt64l/lang/rw.res" 1164
"../../../Engine/Content/Internationalization/icudt64l/region/rw.res" 1165
"../../../Engine/Content/Internationalization/icudt64l/lang/rwk.res" 1166
"../../../Engine/Content/Internationalization/icudt64l/region/rwk.res" 1167
"../../../Engine/Content/Internationalization/icudt64l/lang/sah.res" 1168
"../../../Engine/Content/Internationalization/icudt64l/region/sah.res" 1169
"../../../Engine/Content/Internationalization/icudt64l/lang/saq.res" 1170
"../../../Engine/Content/Internationalization/icudt64l/region/saq.res" 1171
"../../../Engine/Content/Internationalization/icudt64l/lang/sbp.res" 1172
"../../../Engine/Content/Internationalization/icudt64l/region/sbp.res" 1173
"../../../Engine/Content/Internationalization/icudt64l/lang/sd.res" 1174
"../../../Engine/Content/Internationalization/icudt64l/region/sd.res" 1175
"../../../Engine/Content/Internationalization/icudt64l/lang/se.res" 1176
"../../../Engine/Content/Internationalization/icudt64l/lang/se_FI.res" 1177
"../../../Engine/Content/Internationalization/icudt64l/region/se_FI.res" 1178
"../../../Engine/Content/Internationalization/icudt64l/region/se.res" 1179
"../../../Engine/Content/Internationalization/icudt64l/lang/seh.res" 1180
"../../../Engine/Content/Internationalization/icudt64l/region/seh.res" 1181
"../../../Engine/Content/Internationalization/icudt64l/lang/ses.res" 1182
"../../../Engine/Content/Internationalization/icudt64l/region/ses.res" 1183
"../../../Engine/Content/Internationalization/icudt64l/lang/sg.res" 1184
"../../../Engine/Content/Internationalization/icudt64l/region/sg.res" 1185
"../../../Engine/Content/Internationalization/icudt64l/lang/shi.res" 1186
"../../../Engine/Content/Internationalization/icudt64l/lang/shi_Latn.res" 1187
"../../../Engine/Content/Internationalization/icudt64l/lang/shi_MA.res" 1188
"../../../Engine/Content/Internationalization/icudt64l/lang/shi_Tfng_MA.res" 1189
"../../../Engine/Content/Internationalization/icudt64l/lang/shi_Tfng.res" 1190
"../../../Engine/Content/Internationalization/icudt64l/region/shi_MA.res" 1191
"../../../Engine/Content/Internationalization/icudt64l/region/shi_Tfng_MA.res" 1192
"../../../Engine/Content/Internationalization/icudt64l/region/shi_Tfng.res" 1193
"../../../Engine/Content/Internationalization/icudt64l/region/shi.res" 1194
"../../../Engine/Content/Internationalization/icudt64l/region/shi_Latn.res" 1195
"../../../Engine/Content/Internationalization/icudt64l/lang/si.res" 1196
"../../../Engine/Content/Internationalization/icudt64l/region/si.res" 1197
"../../../Engine/Content/Internationalization/icudt64l/lang/sk.res" 1198
"../../../Engine/Content/Internationalization/icudt64l/region/sk.res" 1199
"../../../Engine/Content/Internationalization/icudt64l/lang/sl.res" 1200
"../../../Engine/Content/Internationalization/icudt64l/region/sl.res" 1201
"../../../Engine/Content/Internationalization/icudt64l/lang/smn.res" 1202
"../../../Engine/Content/Internationalization/icudt64l/region/smn.res" 1203
"../../../Engine/Content/Internationalization/icudt64l/lang/sn.res" 1204
"../../../Engine/Content/Internationalization/icudt64l/region/sn.res" 1205
"../../../Engine/Content/Internationalization/icudt64l/lang/so.res" 1206
"../../../Engine/Content/Internationalization/icudt64l/region/so.res" 1207
"../../../Engine/Content/Internationalization/icudt64l/lang/sq.res" 1208
"../../../Engine/Content/Internationalization/icudt64l/region/sq.res" 1209
"../../../Engine/Content/Internationalization/icudt64l/lang/sr.res" 1210
"../../../Engine/Content/Internationalization/icudt64l/lang/sr_Cyrl.res" 1211
"../../../Engine/Content/Internationalization/icudt64l/lang/sr_BA.res" 1212
"../../../Engine/Content/Internationalization/icudt64l/lang/sr_Cyrl_BA.res" 1213
"../../../Engine/Content/Internationalization/icudt64l/region/sr_BA.res" 1214
"../../../Engine/Content/Internationalization/icudt64l/region/sr_Cyrl_BA.res" 1215
"../../../Engine/Content/Internationalization/icudt64l/region/sr_Cyrl.res" 1216
"../../../Engine/Content/Internationalization/icudt64l/region/sr.res" 1217
"../../../Engine/Content/Internationalization/icudt64l/lang/sr_ME.res" 1218
"../../../Engine/Content/Internationalization/icudt64l/lang/sr_Latn_ME.res" 1219
"../../../Engine/Content/Internationalization/icudt64l/lang/sr_Latn.res" 1220
"../../../Engine/Content/Internationalization/icudt64l/region/sr_ME.res" 1221
"../../../Engine/Content/Internationalization/icudt64l/region/sr_Latn_ME.res" 1222
"../../../Engine/Content/Internationalization/icudt64l/region/sr_Latn.res" 1223
"../../../Engine/Content/Internationalization/icudt64l/lang/sr_Cyrl_ME.res" 1224
"../../../Engine/Content/Internationalization/icudt64l/region/sr_Cyrl_ME.res" 1225
"../../../Engine/Content/Internationalization/icudt64l/lang/sr_RS.res" 1226
"../../../Engine/Content/Internationalization/icudt64l/lang/sr_Cyrl_RS.res" 1227
"../../../Engine/Content/Internationalization/icudt64l/region/sr_RS.res" 1228
"../../../Engine/Content/Internationalization/icudt64l/region/sr_Cyrl_RS.res" 1229
"../../../Engine/Content/Internationalization/icudt64l/lang/sr_XK.res" 1230
"../../../Engine/Content/Internationalization/icudt64l/lang/sr_Cyrl_XK.res" 1231
"../../../Engine/Content/Internationalization/icudt64l/region/sr_XK.res" 1232
"../../../Engine/Content/Internationalization/icudt64l/region/sr_Cyrl_XK.res" 1233
"../../../Engine/Content/Internationalization/icudt64l/lang/sr_Latn_BA.res" 1234
"../../../Engine/Content/Internationalization/icudt64l/region/sr_Latn_BA.res" 1235
"../../../Engine/Content/Internationalization/icudt64l/lang/sr_Latn_RS.res" 1236
"../../../Engine/Content/Internationalization/icudt64l/region/sr_Latn_RS.res" 1237
"../../../Engine/Content/Internationalization/icudt64l/lang/sr_Latn_XK.res" 1238
"../../../Engine/Content/Internationalization/icudt64l/region/sr_Latn_XK.res" 1239
"../../../Engine/Content/Internationalization/icudt64l/lang/sv.res" 1240
"../../../Engine/Content/Internationalization/icudt64l/region/sv.res" 1241
"../../../Engine/Content/Internationalization/icudt64l/lang/sv_FI.res" 1242
"../../../Engine/Content/Internationalization/icudt64l/lang/sw.res" 1243
"../../../Engine/Content/Internationalization/icudt64l/lang/sw_CD.res" 1244
"../../../Engine/Content/Internationalization/icudt64l/region/sw_CD.res" 1245
"../../../Engine/Content/Internationalization/icudt64l/region/sw.res" 1246
"../../../Engine/Content/Internationalization/icudt64l/lang/sw_KE.res" 1247
"../../../Engine/Content/Internationalization/icudt64l/region/sw_KE.res" 1248
"../../../Engine/Content/Internationalization/icudt64l/lang/ta.res" 1249
"../../../Engine/Content/Internationalization/icudt64l/region/ta.res" 1250
"../../../Engine/Content/Internationalization/icudt64l/lang/te.res" 1251
"../../../Engine/Content/Internationalization/icudt64l/region/te.res" 1252
"../../../Engine/Content/Internationalization/icudt64l/lang/teo.res" 1253
"../../../Engine/Content/Internationalization/icudt64l/region/teo.res" 1254
"../../../Engine/Content/Internationalization/icudt64l/lang/tg.res" 1255
"../../../Engine/Content/Internationalization/icudt64l/region/tg.res" 1256
"../../../Engine/Content/Internationalization/icudt64l/lang/th.res" 1257
"../../../Engine/Content/Internationalization/icudt64l/lang/th_TH.res" 1258
"../../../Engine/Content/Internationalization/icudt64l/region/th_TH.res" 1259
"../../../Engine/Content/Internationalization/icudt64l/region/th.res" 1260
"../../../Engine/Content/Internationalization/icudt64l/lang/ti.res" 1261
"../../../Engine/Content/Internationalization/icudt64l/region/ti.res" 1262
"../../../Engine/Content/Internationalization/icudt64l/lang/tk.res" 1263
"../../../Engine/Content/Internationalization/icudt64l/region/tk.res" 1264
"../../../Engine/Content/Internationalization/icudt64l/lang/to.res" 1265
"../../../Engine/Content/Internationalization/icudt64l/region/to.res" 1266
"../../../Engine/Content/Internationalization/icudt64l/lang/tr.res" 1267
"../../../Engine/Content/Internationalization/icudt64l/region/tr.res" 1268
"../../../Engine/Content/Internationalization/icudt64l/lang/tt.res" 1269
"../../../Engine/Content/Internationalization/icudt64l/region/tt.res" 1270
"../../../Engine/Content/Internationalization/icudt64l/lang/twq.res" 1271
"../../../Engine/Content/Internationalization/icudt64l/region/twq.res" 1272
"../../../Engine/Content/Internationalization/icudt64l/lang/tzm.res" 1273
"../../../Engine/Content/Internationalization/icudt64l/region/tzm.res" 1274
"../../../Engine/Content/Internationalization/icudt64l/lang/ug.res" 1275
"../../../Engine/Content/Internationalization/icudt64l/region/ug.res" 1276
"../../../Engine/Content/Internationalization/icudt64l/lang/uk.res" 1277
"../../../Engine/Content/Internationalization/icudt64l/region/uk.res" 1278
"../../../Engine/Content/Internationalization/icudt64l/lang/ur.res" 1279
"../../../Engine/Content/Internationalization/icudt64l/lang/ur_IN.res" 1280
"../../../Engine/Content/Internationalization/icudt64l/region/ur_IN.res" 1281
"../../../Engine/Content/Internationalization/icudt64l/region/ur.res" 1282
"../../../Engine/Content/Internationalization/icudt64l/lang/uz.res" 1283
"../../../Engine/Content/Internationalization/icudt64l/lang/uz_Arab.res" 1284
"../../../Engine/Content/Internationalization/icudt64l/lang/uz_AF.res" 1285
"../../../Engine/Content/Internationalization/icudt64l/lang/uz_Arab_AF.res" 1286
"../../../Engine/Content/Internationalization/icudt64l/region/uz_AF.res" 1287
"../../../Engine/Content/Internationalization/icudt64l/region/uz_Arab_AF.res" 1288
"../../../Engine/Content/Internationalization/icudt64l/region/uz_Arab.res" 1289
"../../../Engine/Content/Internationalization/icudt64l/lang/uz_Cyrl.res" 1290
"../../../Engine/Content/Internationalization/icudt64l/lang/uz_UZ.res" 1291
"../../../Engine/Content/Internationalization/icudt64l/lang/uz_Latn_UZ.res" 1292
"../../../Engine/Content/Internationalization/icudt64l/lang/uz_Latn.res" 1293
"../../../Engine/Content/Internationalization/icudt64l/region/uz_UZ.res" 1294
"../../../Engine/Content/Internationalization/icudt64l/region/uz_Latn_UZ.res" 1295
"../../../Engine/Content/Internationalization/icudt64l/region/uz_Latn.res" 1296
"../../../Engine/Content/Internationalization/icudt64l/region/uz.res" 1297
"../../../Engine/Content/Internationalization/icudt64l/region/uz_Cyrl.res" 1298
"../../../Engine/Content/Internationalization/icudt64l/lang/vai.res" 1299
"../../../Engine/Content/Internationalization/icudt64l/lang/vai_Latn.res" 1300
"../../../Engine/Content/Internationalization/icudt64l/lang/vai_LR.res" 1301
"../../../Engine/Content/Internationalization/icudt64l/lang/vai_Vaii_LR.res" 1302
"../../../Engine/Content/Internationalization/icudt64l/lang/vai_Vaii.res" 1303
"../../../Engine/Content/Internationalization/icudt64l/region/vai_LR.res" 1304
"../../../Engine/Content/Internationalization/icudt64l/region/vai_Vaii_LR.res" 1305
"../../../Engine/Content/Internationalization/icudt64l/region/vai_Vaii.res" 1306
"../../../Engine/Content/Internationalization/icudt64l/region/vai.res" 1307
"../../../Engine/Content/Internationalization/icudt64l/region/vai_Latn.res" 1308
"../../../Engine/Content/Internationalization/icudt64l/lang/vi.res" 1309
"../../../Engine/Content/Internationalization/icudt64l/region/vi.res" 1310
"../../../Engine/Content/Internationalization/icudt64l/lang/vun.res" 1311
"../../../Engine/Content/Internationalization/icudt64l/region/vun.res" 1312
"../../../Engine/Content/Internationalization/icudt64l/lang/wae.res" 1313
"../../../Engine/Content/Internationalization/icudt64l/region/wae.res" 1314
"../../../Engine/Content/Internationalization/icudt64l/lang/wo.res" 1315
"../../../Engine/Content/Internationalization/icudt64l/region/wo.res" 1316
"../../../Engine/Content/Internationalization/icudt64l/lang/xh.res" 1317
"../../../Engine/Content/Internationalization/icudt64l/region/xh.res" 1318
"../../../Engine/Content/Internationalization/icudt64l/lang/xog.res" 1319
"../../../Engine/Content/Internationalization/icudt64l/region/xog.res" 1320
"../../../Engine/Content/Internationalization/icudt64l/lang/yav.res" 1321
"../../../Engine/Content/Internationalization/icudt64l/region/yav.res" 1322
"../../../Engine/Content/Internationalization/icudt64l/lang/yi.res" 1323
"../../../Engine/Content/Internationalization/icudt64l/region/yi.res" 1324
"../../../Engine/Content/Internationalization/icudt64l/lang/yo.res" 1325
"../../../Engine/Content/Internationalization/icudt64l/lang/yo_BJ.res" 1326
"../../../Engine/Content/Internationalization/icudt64l/region/yo_BJ.res" 1327
"../../../Engine/Content/Internationalization/icudt64l/region/yo.res" 1328
"../../../Engine/Content/Internationalization/icudt64l/lang/yue.res" 1329
"../../../Engine/Content/Internationalization/icudt64l/lang/yue_Hans.res" 1330
"../../../Engine/Content/Internationalization/icudt64l/lang/yue_CN.res" 1331
"../../../Engine/Content/Internationalization/icudt64l/lang/yue_Hans_CN.res" 1332
"../../../Engine/Content/Internationalization/icudt64l/region/yue_CN.res" 1333
"../../../Engine/Content/Internationalization/icudt64l/region/yue_Hans_CN.res" 1334
"../../../Engine/Content/Internationalization/icudt64l/region/yue_Hans.res" 1335
"../../../Engine/Content/Internationalization/icudt64l/lang/yue_Hant.res" 1336
"../../../Engine/Content/Internationalization/icudt64l/lang/yue_HK.res" 1337
"../../../Engine/Content/Internationalization/icudt64l/lang/yue_Hant_HK.res" 1338
"../../../Engine/Content/Internationalization/icudt64l/region/yue_HK.res" 1339
"../../../Engine/Content/Internationalization/icudt64l/region/yue_Hant_HK.res" 1340
"../../../Engine/Content/Internationalization/icudt64l/region/yue_Hant.res" 1341
"../../../Engine/Content/Internationalization/icudt64l/region/yue.res" 1342
"../../../Engine/Content/Internationalization/icudt64l/lang/zgh.res" 1343
"../../../Engine/Content/Internationalization/icudt64l/region/zgh.res" 1344
"../../../Engine/Content/Internationalization/icudt64l/lang/zh.res" 1345
"../../../Engine/Content/Internationalization/icudt64l/lang/zh_Hans.res" 1346
"../../../Engine/Content/Internationalization/icudt64l/lang/zh_CN.res" 1347
"../../../Engine/Content/Internationalization/icudt64l/lang/zh_Hans_CN.res" 1348
"../../../Engine/Content/Internationalization/icudt64l/region/zh_CN.res" 1349
"../../../Engine/Content/Internationalization/icudt64l/region/zh_Hans_CN.res" 1350
"../../../Engine/Content/Internationalization/icudt64l/region/zh_Hans.res" 1351
"../../../Engine/Content/Internationalization/icudt64l/region/zh.res" 1352
"../../../Engine/Content/Internationalization/icudt64l/lang/zh_HK.res" 1353
"../../../Engine/Content/Internationalization/icudt64l/lang/zh_Hant_HK.res" 1354
"../../../Engine/Content/Internationalization/icudt64l/lang/zh_Hant.res" 1355
"../../../Engine/Content/Internationalization/icudt64l/region/zh_HK.res" 1356
"../../../Engine/Content/Internationalization/icudt64l/region/zh_Hant_HK.res" 1357
"../../../Engine/Content/Internationalization/icudt64l/region/zh_Hant.res" 1358
"../../../Engine/Content/Internationalization/icudt64l/lang/zh_MO.res" 1359
"../../../Engine/Content/Internationalization/icudt64l/lang/zh_Hant_MO.res" 1360
"../../../Engine/Content/Internationalization/icudt64l/region/zh_MO.res" 1361
"../../../Engine/Content/Internationalization/icudt64l/region/zh_Hant_MO.res" 1362
"../../../Engine/Content/Internationalization/icudt64l/lang/zh_SG.res" 1363
"../../../Engine/Content/Internationalization/icudt64l/lang/zh_Hans_SG.res" 1364
"../../../Engine/Content/Internationalization/icudt64l/region/zh_SG.res" 1365
"../../../Engine/Content/Internationalization/icudt64l/region/zh_Hans_SG.res" 1366
"../../../Engine/Content/Internationalization/icudt64l/lang/zh_TW.res" 1367
"../../../Engine/Content/Internationalization/icudt64l/lang/zh_Hant_TW.res" 1368
"../../../Engine/Content/Internationalization/icudt64l/region/zh_TW.res" 1369
"../../../Engine/Content/Internationalization/icudt64l/region/zh_Hant_TW.res" 1370
"../../../Engine/Content/Internationalization/icudt64l/lang/zu.res" 1371
"../../../Engine/Content/Internationalization/icudt64l/region/zu.res" 1372
"../../../Engine/Content/Internationalization/icudt64l/lang/no.res" 1373
"../../../Engine/Content/Internationalization/icudt64l/lang/tl.res" 1374
"../../../Engine/Plugins/FX/Niagara/Shaders/Private/NiagaraSpriteVertexFactory.ush" 1375
"../../../Engine/Shaders/Private/VertexFactoryCommon.ush" 1376
"../../../Engine/Shaders/Private/Common.ush" 1377
"../../../Engine/Shaders/Public/Platform.ush" 1378
"../../../Engine/Shaders/Public/FP16Math.ush" 1379
"../../../Engine/Shaders/Public/Platform/D3D/D3DCommon.ush" 1380
"../../../Engine/Shaders/Public/ShaderVersion.ush" 1381
"../../../Engine/Shaders/Private/CommonViewUniformBuffer.ush" 1382
"../../../Engine/Shaders/Private/InstancedStereo.ush" 1383
"../../../Engine/Shaders/Private/Definitions.usf" 1384
"../../../Engine/Shaders/Private/FastMath.ush" 1385
"../../../Engine/Shaders/Private/Random.ush" 1386
"../../../Engine/Shaders/Private/ParticleVertexFactoryCommon.ush" 1387
"../../../Engine/Plugins/FX/Niagara/Shaders/Private/NiagaraVFParticleAccess.usf" 1388
"../../../Engine/Plugins/FX/Niagara/Shaders/Private/NiagaraRibbonVertexFactory.ush" 1389
"../../../Engine/Plugins/FX/Niagara/Shaders/Private/NiagaraMeshVertexFactory.ush" 1390
"../../../Engine/Shaders/Private/VectorFieldVisualizationVertexFactory.ush" 1391
"../../../Engine/Shaders/Private/ParticleSpriteVertexFactory.ush" 1392
"../../../Engine/Shaders/Private/ParticleGPUSpriteVertexFactory.ush" 1393
"../../../Engine/Shaders/Private/ParticleBeamTrailVertexFactory.ush" 1394
"../../../Engine/Shaders/Private/MeshParticleVertexFactory.ush" 1395
"../../../Engine/Shaders/Private/LocalVertexFactory.ush" 1396
"../../../Engine/Shaders/Private/LocalVertexFactoryCommon.ush" 1397
"../../../Engine/Shaders/Private/LightmapData.ush" 1398
"../../../Engine/Shaders/Private/GpuSkinCommon.ush" 1399
"../../../Engine/Shaders/Private/GpuSkinVertexFactory.ush" 1400
"../../../Engine/Shaders/Private/GeometryCacheVertexFactory.ush" 1401
"../../../Engine/Shaders/Private/LandscapeVertexFactory.ush" 1402
"../../../Engine/Plugins/Media/WmfMedia/Shaders/Private/MediaHardwareVideoDecoding.usf" 1403
"../../../Engine/Shaders/Private/GammaCorrectionCommon.ush" 1404
"../../../Engine/Shaders/Private/ColorUtils.ush" 1405
"../../../Engine/Plugins/FX/Niagara/Shaders/Private/NiagaraSortKeyGen.usf" 1406
"../../../Engine/Plugins/FX/Niagara/Shaders/Private/NiagaraGPURayTracingTransforms.usf" 1407
"../../../Engine/Plugins/FX/Niagara/Shaders/Private/NiagaraDrawIndirectArgsGen.usf" 1408
"../../../Engine/Plugins/FX/Niagara/Shaders/Private/NiagaraFillIntBuffer.usf" 1409
"../../../Engine/Plugins/FX/Niagara/Shaders/Private/NiagaraComputeFreeIDs.usf" 1410
"../../../Engine/Plugins/FX/Niagara/Shaders/Private/NiagaraInitFreeIDBuffer.usf" 1411
"../../../Engine/Plugins/FX/Niagara/Shaders/Private/NiagaraEmitterInstanceShader.usf" 1412
"../../../Engine/Shaders/Private/GlobalDistanceFieldShared.ush" 1413
"../../../Engine/Shaders/Private/SceneTexturesCommon.ush" 1414
"../../../Engine/Plugins/FX/Niagara/Shaders/Private/NiagaraStrandsPhysics.ush" 1415
"../../../Engine/Shaders/Private/SlateElementPixelShader.usf" 1416
"../../../Engine/Shaders/Private/SlateShaderCommon.ush" 1417
"../../../Engine/Shaders/Private/MaterialTemplate.ush" 1418
"../../../Engine/Shaders/Private/SobolRandom.ush" 1419
"../../../Engine/Shaders/Private/MonteCarlo.ush" 1420
"../../../Engine/Shaders/Private/DepthOfFieldCommon.ush" 1421
"../../../Engine/Shaders/Private/CircleDOFCommon.ush" 1422
"../../../Engine/Shaders/Private/SceneData.ush" 1423
"../../../Engine/Shaders/Private/HairShadingCommon.ush" 1424
"../../../Engine/Shaders/Private/SpeedTreeCommon.ush" 1425
"../../../Engine/Shaders/Private/VirtualTextureCommon.ush" 1426
"../../../Engine/Shaders/Private/MinMaterialTexCoords.ush" 1427
"../../../Engine/Shaders/Private/AtmosphereCommon.ush" 1428
"../../../Engine/Shaders/Private/SkyAtmosphereCommon.ush" 1429
"../../../Engine/Shaders/Private/PaniniProjection.ush" 1430
"../../../Engine/Shaders/Private/DeferredShadingCommon.ush" 1431
"../../../Engine/Shaders/Private/ShadingCommon.ush" 1432
"../../../Engine/Shaders/Private/LightAccumulator.ush" 1433
"../../../Engine/Shaders/Private/CompositeUIPixelShader.usf" 1434
"../../../Engine/Shaders/Private/TonemapCommon.ush" 1435
"../../../Engine/Shaders/Private/ACES.ush" 1436
"../../../Engine/Shaders/Private/SlateMaskingShader.usf" 1437
"../../../Engine/Shaders/Private/SlatePostProcessColorDeficiencyPixelShader.usf" 1438
"../../../Engine/Shaders/Private/ColorSpace.ush" 1439
"../../../Engine/Shaders/Private/SlatePostProcessPixelShader.usf" 1440
"../../../Engine/Shaders/Private/SlateVertexShader.usf" 1441
"../../../Engine/Shaders/Private/TranslucentLightingShaders.usf" 1442
"../../../Engine/Shaders/Private/SHCommon.ush" 1443
"../../../Engine/Shaders/Private/ShadowProjectionCommon.ush" 1444
"../../../Engine/Shaders/Private/CubemapCommon.ush" 1445
"../../../Engine/Shaders/Private/VectorFieldCompositeShaders.usf" 1446
"../../../Engine/Shaders/Private/UpdateTextureShaders.usf" 1447
"../../../Engine/Shaders/Private/StereoLayerShader.usf" 1448
"../../../Engine/Shaders/Private/MorphTargets.usf" 1449
"../../../Engine/Shaders/Private/SimpleElementColorChannelMaskPixelShader.usf" 1450
"../../../Engine/Shaders/Private/SimpleElementHitProxyPixelShader.usf" 1451
"../../../Engine/Shaders/Private/SimpleElementPixelShader.usf" 1452
"../../../Engine/Shaders/Private/IESLightProfilesCommon.ush" 1453
"../../../Engine/Shaders/Private/SimpleElementVertexShader.usf" 1454
"../../../Engine/Shaders/Private/ScreenPixelShaderOES.usf" 1455
"../../../Engine/Shaders/Private/ScreenVertexShader.usf" 1456
"../../../Engine/Shaders/Private/ScreenPixelShader.usf" 1457
"../../../Engine/Shaders/Private/Raytracing/BuildSolidAnglePdfCS.usf" 1458
"../../../Engine/Shaders/Private/Raytracing/SkyLightMipTreeCommon.ush" 1459
"../../../Engine/Shaders/Private/Raytracing/MipTreeCommon.ush" 1460
"../../../Engine/Shaders/Private/MortonCode.ush" 1461
"../../../Engine/Shaders/Private/Raytracing/BuildMipTreePdfCS.usf" 1462
"../../../Engine/Shaders/Private/Raytracing/BuildMipTreeCS.usf" 1463
"../../../Engine/Shaders/Private/VolumetricLightmapStreaming.usf" 1464
"../../../Engine/Shaders/Private/ParticleSortKeyGen.usf" 1465
"../../../Engine/Shaders/Private/ParticleBoundsShader.usf" 1466
"../../../Engine/Shaders/Private/ParticleSimVisualizeShader.usf" 1467
"../../../Engine/Shaders/Private/ParticleInjectionShader.usf" 1468
"../../../Engine/Shaders/Private/ParticleSimulationShader.usf" 1469
"../../../Engine/Shaders/Private/ParticleCurveInjectionShader.usf" 1470
"../../../Engine/Shaders/Private/CopyUIntBuffer.usf" 1471
"../../../Engine/Shaders/Private/RadixSortShaders.usf" 1472
"../../../Engine/Shaders/Private/RecomputeTangentsPerVertexPass.usf" 1473
"../../../Engine/Shaders/Private/RecomputeTangentsCommon.ush" 1474
"../../../Engine/Shaders/Private/RecomputeTangentsPerTrianglePass.usf" 1475
"../../../Engine/Shaders/Private/GpuSkinCacheComputeShader.usf" 1476
"../../../Engine/Shaders/Private/DistanceFieldDownsampling.usf" 1477
"../../../Engine/Shaders/Private/HeightFieldAtlasManagement.usf" 1478
"../../../Engine/Shaders/Private/LandscapeGrassWeight.usf" 1479
"../../../Engine/Shaders/Private/LandscapeLayersCS.usf" 1480
"../../../Engine/Shaders/Private/LandscapeLayersPS.usf" 1481
"../../../Engine/Shaders/Private/LandscapeLayersVS.usf" 1482
"../../../Engine/Shaders/Private/WideCustomResolveShaders.usf" 1483
"../../../Engine/Shaders/Private/PageTableUpdate.usf" 1484
"../../../Engine/Shaders/Private/VirtualTextureCompress.usf" 1485
"../../../Engine/Shaders/Private/BCCompressionCommon.ush" 1486
"../../../Engine/Shaders/Private/VirtualTextureMaterial.usf" 1487
"../../../Engine/Shaders/Private/PixelShaderOutputCommon.ush" 1488
"../../../Engine/Shaders/Private/VolumetricFogVoxelization.usf" 1489
"../../../Engine/Shaders/Private/VolumetricFogLightFunction.usf" 1490
"../../../Engine/Shaders/Private/LightFunctionCommon.ush" 1491
"../../../Engine/Shaders/Private/VolumetricFog.usf" 1492
"../../../Engine/Shaders/Private/DeferredLightingCommon.ush" 1493
"../../../Engine/Shaders/Private/DynamicLightingCommon.ush" 1494
"../../../Engine/Shaders/Private/CapsuleLightIntegrate.ush" 1495
"../../../Engine/Shaders/Private/ShadingModels.ush" 1496
"../../../Engine/Shaders/Private/BRDF.ush" 1497
"../../../Engine/Shaders/Private/CapsuleLight.ush" 1498
"../../../Engine/Shaders/Private/RectLight.ush" 1499
"../../../Engine/Shaders/Private/TransmissionCommon.ush" 1500
"../../../Engine/Shaders/Private/SubsurfaceProfileCommon.ush" 1501
"../../../Engine/Shaders/Private/BurleyNormalizedSSSCommon.ush" 1502
"../../../Engine/Shaders/Private/RectLightIntegrate.ush" 1503
"../../../Engine/Shaders/Private/LightGridCommon.ush" 1504
"../../../Engine/Shaders/Private/HeightFogCommon.ush" 1505
"../../../Engine/Shaders/Private/DistanceFieldAOShared.ush" 1506
"../../../Engine/Shaders/Private/VolumeLightingCommon.ush" 1507
"../../../Engine/Shaders/Private/ShadowFilteringCommon.ush" 1508
"../../../Engine/Shaders/Private/PixelQuadMessagePassing.ush" 1509
"../../../Engine/Shaders/Private/VolumetricLightmapShared.ush" 1510
"../../../Engine/Shaders/Private/ForwardShadowingCommon.ush" 1511
"../../../Engine/Shaders/Private/ParticipatingMediaCommon.ush" 1512
"../../../Engine/Shaders/Private/VisualizeVolumetricLightmap.usf" 1513
"../../../Engine/Shaders/Private/Tools/VisualizeTexture.usf" 1514
"../../../Engine/Shaders/Private/ViewMode/LODColorationPixelShader.usf" 1515
"../../../Engine/Shaders/Private/DebugViewModeCommon.ush" 1516
"../../../Engine/Shaders/Private/VelocityShader.usf" 1517
"../../../Engine/Shaders/Private/VelocityCommon.ush" 1518
"../../../Engine/Shaders/Private/Tessellation.ush" 1519
"../../../Engine/Shaders/Private/FlatTessellation.ush" 1520
"../../../Engine/Shaders/Private/PNTriangles.ush" 1521
"../../../Engine/Shaders/Private/TranslucencyUpsampling.usf" 1522
"../../../Engine/Shaders/Private/SeparateTranslucency.ush" 1523
"../../../Engine/Shaders/Private/TranslucentLightInjectionShaders.usf" 1524
"../../../Engine/Shaders/Private/TranslucentShadowDepthShaders.usf" 1525
"../../../Engine/Shaders/Private/ShadowDepthCommon.ush" 1526
"../../../Engine/Shaders/Private/TiledDeferredLightShaders.usf" 1527
"../../../Engine/Shaders/Private/RayTracing/RayTracingTest.usf" 1528
"../../../Engine/Shaders/Private/RayTracing/RayTracingCommon.ush" 1529
"../../../Engine/Shaders/Shared/RayTracingDefinitions.h" 1530
"../../../Engine/Shaders/Private/SurfelTree.usf" 1531
"../../../Engine/Shaders/Private/DistanceFieldLightingShared.ush" 1532
"../../../Engine/Shaders/Private/SurfelMaterialShared.ush" 1533
"../../../Engine/Shaders/Private/SkyAtmosphere.usf" 1534
"../../../Engine/Shaders/Private/MiniFontCommon.ush" 1535
"../../../Engine/Shaders/Private/SingleLayerWaterComposite.usf" 1536
"../../../Engine/Shaders/Private/ReflectionEnvironmentShared.ush" 1537
"../../../Engine/Shaders/Private/SceneTextureParameters.ush" 1538
"../../../Engine/Shaders/Private/ReflectionEnvironmentComposite.ush" 1539
"../../../Engine/Shaders/Private/ShadowProjectionPixelShader.usf" 1540
"../../../Engine/Shaders/Private/ShadowPercentageCloserFiltering.ush" 1541
"../../../Engine/Shaders/Private/TransmissionThickness.ush" 1542
"../../../Engine/Shaders/Private/HairStrands/HairStrandsVisibilityCommon.ush" 1543
"../../../Engine/Shaders/Private/HairStrands/HairStrandsVisibilityCommonStruct.ush" 1544
"../../../Engine/Shaders/Private/ShadowProjectionVertexShader.usf" 1545
"../../../Engine/Shaders/Private/CopyShadowMaps.usf" 1546
"../../../Engine/Shaders/Private/ShadowDepthPixelShader.usf" 1547
"../../../Engine/Shaders/Private/LPVListEntry.ush" 1548
"../../../Engine/Shaders/Private/LPVWriteVplCommon.ush" 1549
"../../../Engine/Shaders/Private/LPVWriteCommon.ush" 1550
"../../../Engine/Shaders/Private/LPVCommon.ush" 1551
"../../../Engine/Shaders/Private/ShadowDepthVertexShader.usf" 1552
"../../../Engine/Shaders/Private/ShaderPrintDraw.usf" 1553
"../../../Engine/Shaders/Private/ShaderPrintCommon.ush" 1554
"../../../Engine/Shaders/Private/ShaderComplexityAccumulatePixelShader.usf" 1555
"../../../Engine/Shaders/Private/QuadOverdraw.ush" 1556
"../../../Engine/Shaders/Private/SSRT/SSRTDiffuseIndirect.usf" 1557
"../../../Engine/Shaders/Private/SSRT/SSRTRayCast.ush" 1558
"../../../Engine/Shaders/Private/SSRT/SSRTTileClassificationBuffer.ush" 1559
"../../../Engine/Shaders/Private/SSRT/SSRTReflections.usf" 1560
"../../../Engine/Shaders/Private/ScreenSpaceDenoise/SSDPublic.ush" 1561
"../../../Engine/Shaders/Private/SSRT/SSRTTileClassification.usf" 1562
"../../../Engine/Shaders/Private/SSRT/SSRTPrevFrameReduction.usf" 1563
"../../../Engine/Shaders/Private/ScreenSpaceDenoise/SSDComposeHarmonics.usf" 1564
"../../../Engine/Shaders/Private/ScreenSpaceDenoise/SSDDefinitions.ush" 1565
"../../../Engine/Shaders/Private/ScreenSpaceDenoise/SSDPublicHarmonics.ush" 1566
"../../../Engine/Shaders/Private/LightShaderParameters.ush" 1567
"../../../Engine/Shaders/Private/ScreenSpaceDenoise/SSDSignalFramework.ush" 1568
"../../../Engine/Shaders/Private/ScreenSpaceDenoise/SSDCommon.ush" 1569
"../../../Engine/Shaders/Private/SphericalGaussian.ush" 1570
"../../../Engine/Shaders/Public/WaveBroadcastIntrinsics.ush" 1571
"../../../Engine/Shaders/Private/ScreenSpaceDenoise/SSDMetadata.ush" 1572
"../../../Engine/Shaders/Private/ScreenSpaceDenoise/SSDSignalCore.ush" 1573
"../../../Engine/Shaders/Private/EyeAdaptationCommon.ush" 1574
"../../../Engine/Shaders/Private/QuasiRandom.ush" 1575
"../../../Engine/Shaders/Private/BlueNoise.ush" 1576
"../../../Engine/Shaders/Private/Halton.ush" 1577
"../../../Engine/Shaders/Private/ScreenSpaceDenoise/SSDSignalArray.ush" 1578
"../../../Engine/Shaders/Private/ScreenSpaceDenoise/SSDSignalBufferEncoding.ush" 1579
"../../../Engine/Shaders/Private/ScreenSpaceDenoise/SSDPublicBufferEncoding.ush" 1580
"../../../Engine/Shaders/Private/ScreenSpaceDenoise/SSDTemporalAccumulation.usf" 1581
"../../../Engine/Shaders/Private/ScreenSpaceDenoise/SSDSpatialKernel.ush" 1582
"../../../Engine/Shaders/Private/ScreenSpaceDenoise/SSDSignalAccumulatorArray.ush" 1583
"../../../Engine/Shaders/Private/ScreenSpaceDenoise/SSDSignalAccumulator.ush" 1584
"../../../Engine/Shaders/Private/ScreenSpaceDenoise/SSDSignalCompression.ush" 1585
"../../../Engine/Shaders/Private/TextureSampling.ush" 1586
"../../../Engine/Shaders/Private/ScreenSpaceDenoise/SSDSpatialAccumulation.usf" 1587
"../../../Engine/Shaders/Private/ScreenSpaceDenoise/SSDReduce.usf" 1588
"../../../Engine/Shaders/Private/ScreenSpaceDenoise/SSDInjest.usf" 1589
"../../../Engine/Shaders/Private/ScreenSpaceDenoise/SSDCompressMetadata.usf" 1590
"../../../Engine/Shaders/Private/ScreenPass.usf" 1591
"../../../Engine/Shaders/Private/HZB.usf" 1592
"../../../Engine/Shaders/Private/ReductionCommon.ush" 1593
"../../../Engine/Shaders/Private/HZBOcclusion.usf" 1594
"../../../Engine/Shaders/Private/OcclusionQueryPixelShader.usf" 1595
"../../../Engine/Shaders/Private/OcclusionQueryVertexShader.usf" 1596
"../../../Engine/Shaders/Private/HitProxyPixelShader.usf" 1597
"../../../Engine/Shaders/Private/HitProxyVertexShader.usf" 1598
"../../../Engine/Shaders/Private/ODSCapture.usf" 1599
"../../../Engine/Shaders/Private/SceneCapturePixelShader.usf" 1600
"../../../Engine/Shaders/Private/RequiredTextureResolutionPixelShader.usf" 1601
"../../../Engine/Shaders/Private/RTWriteMaskDecode.usf" 1602
"../../../Engine/Shaders/Private/ReflectionEnvironmentShaders.usf" 1603
"../../../Engine/Shaders/Private/SkyLightingShared.ush" 1604
"../../../Engine/Shaders/Private/RayTracing/VisualizeSkyLightMipTreePS.usf" 1605
"../../../Engine/Shaders/Private/RayTracing/CompositeSkyLightPS.usf" 1606
"../../../Engine/Shaders/Private/RayTracing/GenerateSkyLightVisibilityRaysCS.usf" 1607
"../../../Engine/Shaders/Private/RayTracing/RayTracingSkyLightCommon.ush" 1608
"../../../Engine/Shaders/Private/RayTracing/SkyLightVisibilityRaysData.ush" 1609
"../../../Engine/Shaders/Private/Raytracing/RaytracingSkylightRGS.usf" 1610
"../../../Engine/Shaders/Private/HairStrands/HairStrandsVoxelPageCommonStruct.ush" 1611
"../../../Engine/Shaders/Private/PathTracing/Utilities/PathTracingRandomSequence.ush" 1612
"../../../Engine/Shaders/Private/HairStrands/HairStrandsRaytracing.ush" 1613
"../../../Engine/Shaders/Private/HairStrands/HairStrandsVoxelPageCommon.ush" 1614
"../../../Engine/Shaders/Private/HairStrands/HairStrandsVoxelPageTraversal.ush" 1615
"../../../Engine/Shaders/Private/ShaderDrawDebug.ush" 1616
"../../../Engine/Shaders/Private/Raytracing/RayTracingSkyLightEvaluation.ush" 1617
"../../../Engine/Shaders/Private/Raytracing/RayTracingDeferredShadingCommon.ush" 1618
"../../../Engine/Shaders/Private/RayTracing/RayTracingOcclusionRGS.usf" 1619
"../../../Engine/Shaders/Private/RayTracing/RayTracingDirectionalLight.ush" 1620
"../../../Engine/Shaders/Private/RayTracing/RayTracingRectLight.ush" 1621
"../../../Engine/Shaders/Private/RayTracing/RayTracingSphereLight.ush" 1622
"../../../Engine/Shaders/Private/RayTracing/RayTracingSpotLight.ush" 1623
"../../../Engine/Shaders/Private/RayTracing/RayTracingDiskLight.ush" 1624
"../../../Engine/Shaders/Private/RayTracing/RayTracingPointLight.ush" 1625
"../../../Engine/Shaders/Private/RayTracing/SplitImaginaryReflectionGBufferCS.usf" 1626
"../../../Engine/Shaders/Private/RayTracing/RayTracingReflectionsCommon.ush" 1627
"../../../Engine/Shaders/Private/RayTracing/RayTracingReflections.usf" 1628
"../../../Engine/Shaders/Private/RayTracing/RayTracingHitGroupCommon.ush" 1629
"../../../Engine/Shaders/Shared/RayTracingBuiltInResources.h" 1630
"../../../Engine/Shaders/Private/RayTracing/RayTracingLightingCommon.ush" 1631
"../../../Engine/Shaders/Private/PathTracing/VisualizeMipTreePixelShader.usf" 1632
"../../../Engine/Shaders/Private/RayTracing/RayTracingRectLightRGS.usf" 1633
"../../../Engine/Shaders/Private/RayTracing/RayTracingPrimaryRays.usf" 1634
"../../../Engine/Shaders/Private/RayTracing/RayTracingMaterialDefaultHitShaders.usf" 1635
"../../../Engine/Shaders/Private/RayTracing/RayTracingMaterialHitShaders.usf" 1636
"../../../Engine/Shaders/Private/LightmapCommon.ush" 1637
"../../../Engine/Shaders/Private/RayTracing/RayTracingLightingMS.usf" 1638
"../../../Engine/Shaders/Private/RayTracing/RayTracingFinalGatherRGS.usf" 1639
"../../../Engine/Shaders/Private/RayTracing/RayTracingGatherPoints.ush" 1640
"../../../Engine/Shaders/Private/PathTracing/Light/PathTracingLightSampling.ush" 1641
"../../../Engine/Shaders/Private/PathTracing/Light/PathTracingLightCommon.ush" 1642
"../../../Engine/Shaders/Private/PathTracing/Light/PathTracingDirectionalLight.ush" 1643
"../../../Engine/Shaders/Private/PathTracing/Light/PathTracingPointLight.ush" 1644
"../../../Engine/Shaders/Private/PathTracing/Light/PathTracingRectLight.ush" 1645
"../../../Engine/Shaders/Private/PathTracing/Light/PathTracingSkyLight.ush" 1646
"../../../Engine/Shaders/Private/PathTracing/Light/PathTracingSpotLight.ush" 1647
"../../../Engine/Shaders/Private/PathTracing/Material/PathTracingMaterialSampling.ush" 1648
"../../../Engine/Shaders/Private/PathTracing/Material/PathTracingMaterialCommon.ush" 1649
"../../../Engine/Shaders/Private/PathTracing/PathTracingCommon.ush" 1650
"../../../Engine/Shaders/Private/PathTracing/PathTracingDefinitions.ush" 1651
"../../../Engine/Shaders/Private/PathTracing/Material/PathTracingFresnel.ush" 1652
"../../../Engine/Shaders/Private/PathTracing/Material/PathTracingLambert.ush" 1653
"../../../Engine/Shaders/Private/PathTracing/Material/PathTracingGlossy.ush" 1654
"../../../Engine/Shaders/Private/PathTracing/Material/PathTracingSpecularReflection.ush" 1655
"../../../Engine/Shaders/Private/PathTracing/Material/PathTracingSpecularTransmission.ush" 1656
"../../../Engine/Shaders/Private/PathTracing/Material/PathTracingDefaultLit.ush" 1657
"../../../Engine/Shaders/Private/PathTracing/Material/PathTracingClearCoat.ush" 1658
"../../../Engine/Shaders/Private/RayTracing/RayTracingCreateGatherPointsRGS.usf" 1659
"../../../Engine/Shaders/Private/RayTracing/RayTracingGlobalIlluminationRGS.usf" 1660
"../../../Engine/Shaders/Private/RayTracing/RayTracingDynamicMesh.usf" 1661
"../../../Engine/Shaders/Private/RayTracing/RayTracingDeferredReflections.usf" 1662
"../../../Engine/Shaders/Private/RayTracing/RayTracingDeferredMaterials.ush" 1663
"../../../Engine/Shaders/Private/RayTracing/RayTracingReflectionsGenerateRaysCS.usf" 1664
"../../../Engine/Shaders/Private/RayTracing/MaterialSort.usf" 1665
"../../../Engine/Shaders/Private/RayTracing/RayTracingDeferredMaterials.usf" 1666
"../../../Engine/Shaders/Private/RayTracing/RayTracingDebug.usf" 1667
"../../../Engine/Shaders/Shared/RayTracingDebugDefinitions.h" 1668
"../../../Engine/Shaders/Private/RayTracing/RayTracingBarycentrics.usf" 1669
"../../../Engine/Shaders/Private/RayTracing/RayTracingAmbientOcclusionRGS.usf" 1670
"../../../Engine/Shaders/Private/PrimitiveDistanceAccuracyPixelShader.usf" 1671
"../../../Engine/Shaders/Private/VisualizeShadingModels.usf" 1672
"../../../Engine/Shaders/Private/PostProcessCommon.ush" 1673
"../../../Engine/Shaders/Private/FilterPixelShader.usf" 1674
"../../../Engine/Shaders/Private/ScreenPass.ush" 1675
"../../../Engine/Shaders/Private/FilterVertexShader.usf" 1676
"../../../Engine/Shaders/Private/PostProcessVisualizeHDR.usf" 1677
"../../../Engine/Shaders/Private/PostProcessHistogramCommon.ush" 1678
"../../../Engine/Shaders/Private/ShaderComplexityApplyPixelShader.usf" 1679
"../../../Engine/Shaders/Private/PostProcessVisualizeBuffer.usf" 1680
"../../../Engine/Shaders/Private/PostProcessUpscale.usf" 1681
"../../../Engine/Shaders/Private/PostProcessTonemap.usf" 1682
"../../../Engine/Shaders/Private/PostProcessTestImage.usf" 1683
"../../../Engine/Shaders/Private/PostProcessTemporalAA.usf" 1684
"../../../Engine/Shaders/Private/PostProcessSubsurface.usf" 1685
"../../../Engine/Shaders/Private/SeparableSSS.ush" 1686
"../../../Engine/Shaders/Private/SubsurfaceBurleyNormalized.ush" 1687
"../../../Engine/Shaders/Private/PostProcessSelectionOutline.usf" 1688
"../../../Engine/Shaders/Private/PostProcessNoiseBlur.usf" 1689
"../../../Engine/Shaders/Private/PostProcessMotionBlur.usf" 1690
"../../../Engine/Shaders/Private/PostProcessVelocityFlatten.usf" 1691
"../../../Engine/Shaders/Private/PostProcessMobile.usf" 1692
"../../../Engine/Shaders/Private/PostProcessMitchellNetravali.usf" 1693
"../../../Engine/Shaders/Private/PostProcessMaterialShaders.usf" 1694
"../../../Engine/Shaders/Private/PostProcessLensFlares.usf" 1695
"../../../Engine/Shaders/Private/ComposeSeparateTranslucency.usf" 1696
"../../../Engine/Shaders/Private/PostProcessHMD.usf" 1697
"../../../Engine/Shaders/Private/PostProcessHistogramReduce.usf" 1698
"../../../Engine/Shaders/Private/PostProcessHistogram.usf" 1699
"../../../Engine/Shaders/Private/PostProcessGBufferHints.usf" 1700
"../../../Engine/Shaders/Private/PostProcessFFTBloom.usf" 1701
"../../../Engine/Shaders/Private/PostProcessEyeAdaptation.usf" 1702
"../../../Engine/Shaders/Private/PostProcessDownsample.usf" 1703
"../../../Engine/Shaders/Private/PostProcessDOF.usf" 1704
"../../../Engine/Shaders/Private/PostProcessCompositeEditorPrimitives.usf" 1705
"../../../Engine/Shaders/Private/PostProcessCombineLUTs.usf" 1706
"../../../Engine/Shaders/Private/PostProcessBusyWait.usf" 1707
"../../../Engine/Shaders/Private/PostProcessVisualizeDOF.usf" 1708
"../../../Engine/Shaders/Private/PostProcessBloom.usf" 1709
"../../../Engine/Shaders/Private/FXAAShader.usf" 1710
"../../../Engine/Shaders/Private/Fxaa3_11.ush" 1711
"../../../Engine/Shaders/Private/DiaphragmDOF/DOFRecombine.usf" 1712
"../../../Engine/Shaders/Private/DiaphragmDOF/DOFCommon.ush" 1713
"../../../Engine/Shaders/Private/DiaphragmDOF/DOFHybridScatterPixelShader.usf" 1714
"../../../Engine/Shaders/Private/DiaphragmDOF/DOFHybridScatterCommon.ush" 1715
"../../../Engine/Shaders/Private/DiaphragmDOF/DOFHybridScatterVertexShader.usf" 1716
"../../../Engine/Shaders/Private/DiaphragmDOF/DOFPostfiltering.usf" 1717
"../../../Engine/Shaders/Private/DiaphragmDOF/DOFGatherTileSuggest.ush" 1718
"../../../Engine/Shaders/Private/DiaphragmDOF/DOFCocTileCommon.ush" 1719
"../../../Engine/Shaders/Private/DiaphragmDOF/DOFGatherPass.usf" 1720
"../../../Engine/Shaders/Private/DiaphragmDOF/DOFGatherCommon.ush" 1721
"../../../Engine/Shaders/Private/DiaphragmDOF/DOFGatherAccumulator.ush" 1722
"../../../Engine/Shaders/Private/DiaphragmDOF/DOFGatherKernel.ush" 1723
"../../../Engine/Shaders/Private/DiaphragmDOF/DOFBokehLUT.usf" 1724
"../../../Engine/Shaders/Private/DiaphragmDOF/DOFHybridScatterCompilation.usf" 1725
"../../../Engine/Shaders/Private/DiaphragmDOF/DOFReduce.usf" 1726
"../../../Engine/Shaders/Private/DiaphragmDOF/DOFDownsample.ush" 1727
"../../../Engine/Shaders/Private/DiaphragmDOF/DOFHybridScatterCompilation.ush" 1728
"../../../Engine/Shaders/Private/DiaphragmDOF/DOFDownsample.usf" 1729
"../../../Engine/Shaders/Private/DiaphragmDOF/DOFCocTileDilate.usf" 1730
"../../../Engine/Shaders/Private/DiaphragmDOF/DOFCocTileFlatten.usf" 1731
"../../../Engine/Shaders/Private/DiaphragmDOF/DOFSetup.usf" 1732
"../../../Engine/Shaders/Private/PlanarReflectionShaders.usf" 1733
"../../../Engine/Shaders/Private/PlanarReflectionShared.ush" 1734
"../../../Engine/Shaders/Private/PathTracing/BuildVarianceMipTreeComputeShader.usf" 1735
"../../../Engine/Shaders/Private/PathTracing/PathTracingRayCounterComputeShader.usf" 1736
"../../../Engine/Shaders/Private/PathTracing/Material/PathTracingTestIntegrateHemispherePatch.usf" 1737
"../../../Engine/Shaders/Private/PathTracing/Material/PathTracingTestGenerateWiSamples.usf" 1738
"../../../Engine/Shaders/Private/PathTracing/Material/PathTracingTestPdfIntegration.usf" 1739
"../../../Engine/Shaders/Private/PathTracing/Material/PathTracingTestBrdfs.usf" 1740
"../../../Engine/Shaders/Private/PathTracing/PathCompaction.usf" 1741
"../../../Engine/Shaders/Private/PathTracing/Utilities/PathTracingFixedPointArithmetic.ush" 1742
"../../../Engine/Shaders/Private/PathTracing/PathTracingCompositingPixelShader.usf" 1743
"../../../Engine/Shaders/Private/PathTracing/PathTracing.usf" 1744
"../../../Engine/Shaders/Private/PathTracing/PathTracingCamera.ush" 1745
"../../../Engine/Shaders/Private/PathTracing/Sensor/PathTracingPinholeCamera.ush" 1746
"../../../Engine/Shaders/Private/PathTracing/Sensor/PathTracingAdaptivePinholeCamera.ush" 1747
"../../../Engine/Shaders/Private/MobileOpacityShaders.usf" 1748
"../../../Engine/Shaders/Private/MobileMultiView.usf" 1749
"../../../Engine/Shaders/Private/MobileSceneCapture.usf" 1750
"../../../Engine/Shaders/Private/DistortApplyScreenPS.usf" 1751
"../../../Engine/Shaders/Private/MobileBasePassPixelShader.usf" 1752
"../../../Engine/Shaders/Private/MobileBasePassCommon.ush" 1753
"../../../Engine/Shaders/Private/MobileShadingModels.ush" 1754
"../../../Engine/Shaders/Private/MobileGGX.ush" 1755
"../../../Engine/Shaders/Private/SingleLayerWaterCommon.ush" 1756
"../../../Engine/Shaders/Private/DistortionCommon.ush" 1757
"../../../Engine/Shaders/Private/MobileBasePassVertexShader.usf" 1758
"../../../Engine/Shaders/Private/MeshTexCoordSizeAccuracyPixelShader.usf" 1759
"../../../Engine/Shaders/Private/MaterialTexCoordScalesPixelShader.usf" 1760
"../../../Engine/Shaders/Private/LightShaftShader.usf" 1761
"../../../Engine/Shaders/Private/StationaryLightOverlapShaders.usf" 1762
"../../../Engine/Shaders/Private/DeferredLightPixelShaders.usf" 1763
"../../../Engine/Shaders/Private/HairStrands/HairStrandsCommon.ush" 1764
"../../../Engine/Shaders/Private/HairStrands/HairStrandsDebugCommon.ush" 1765
"../../../Engine/Shaders/Private/HairBsdf.ush" 1766
"../../../Engine/Shaders/Private/HairStrands/HairStrandsDeepShadowCommon.ush" 1767
"../../../Engine/Shaders/Private/HairStrands/HairStrandsDeepTransmittanceCommon.ush" 1768
"../../../Engine/Shaders/Private/HairStrands/HairStrandsDeepTransmittanceDualScattering.ush" 1769
"../../../Engine/Shaders/Private/DeferredLightVertexShaders.usf" 1770
"../../../Engine/Shaders/Private/LPVVisualise.usf" 1771
"../../../Engine/Shaders/Private/LPVGeometryVolumeCommon.ush" 1772
"../../../Engine/Shaders/Private/LPVDirectLightInject.usf" 1773
"../../../Engine/Shaders/Private/LPVPropagate.usf" 1774
"../../../Engine/Shaders/Private/LPVPacking.ush" 1775
"../../../Engine/Shaders/Private/LPVBuildGeometryVolume.usf" 1776
"../../../Engine/Shaders/Private/LPVDirectionalOcclusion.usf" 1777
"../../../Engine/Shaders/Private/LPVInject_AccumulateVplLists.usf" 1778
"../../../Engine/Shaders/Private/LPVInject_GenerateVplLists.usf" 1779
"../../../Engine/Shaders/Private/LPVClearLists.usf" 1780
"../../../Engine/Shaders/Private/LPVClear.usf" 1781
"../../../Engine/Shaders/Private/LightMapDensityShader.usf" 1782
"../../../Engine/Shaders/Private/LightGridInjection.usf" 1783
"../../../Engine/Shaders/Private/LightFunctionPixelShader.usf" 1784
"../../../Engine/Shaders/Private/LightFunctionVertexShader.usf" 1785
"../../../Engine/Shaders/Private/ReflectionEnvironmentPixelShader.usf" 1786
"../../../Engine/Shaders/Private/AmbientCubemapComposite.usf" 1787
"../../../Engine/Shaders/Private/DiffuseIndirectComposite.usf" 1788
"../../../Engine/Shaders/Private/HeightfieldLighting.usf" 1789
"../../../Engine/Shaders/Private/DistanceFieldShadowingShared.ush" 1790
"../../../Engine/Shaders/Private/HeightfieldLightingShared.ush" 1791
"../../../Engine/Shaders/Private/HdrCustomResolveShaders.usf" 1792
"../../../Engine/Shaders/Private/HairStrands/HairStrandsVoxelMip.usf" 1793
"../../../Engine/Shaders/Private/HairStrands/HairStrandsVoxelRasterCompute.usf" 1794
"../../../Engine/Shaders/Private/HairStrands/HairStrandsVertexFactoryCommon.ush" 1795
"../../../Engine/Shaders/Private/HairStrands/HairStrandsVoxelPageAllocation.usf" 1796
"../../../Engine/Shaders/Private/Matrices.ush" 1797
"../../../Engine/Shaders/Private/HairStrands/HairStrandsAABBCommon.ush" 1798
"../../../Engine/Shaders/Private/HairStrands/HairStrandsVoxelOpaque.usf" 1799
"../../../Engine/Shaders/Private/HairStrands/HairStrandsVisibilityRasterCompute.usf" 1800
"../../../Engine/Shaders/Shared/ThirdParty/NVIDIA/nvHLSLExtns.h" 1801
"../../../Engine/Shaders/Shared/ThirdParty/NVIDIA/nvHLSLExtnsInternal.h" 1802
"../../../Engine/Shaders/Shared/ThirdParty/NVIDIA/nvShaderExtnEnums.h" 1803
"../../../Engine/Shaders/Private/HairStrands/HairStrandsCoverage.usf" 1804
"../../../Engine/Shaders/Private/HairStrands/HairStrandsVisibilityDepthPS.usf" 1805
"../../../Engine/Shaders/Private/HairStrands/HairStrandsVisibilityTransmittanceDepthPS.usf" 1806
"../../../Engine/Shaders/Private/HairStrands/HairStrandsVisibilityFillOpaqueDepthPS.usf" 1807
"../../../Engine/Shaders/Private/HairStrands/HairStrandsVisibilityTile.usf" 1808
"../../../Engine/Shaders/Private/HairStrands/HairStrandsVisibilityCompaction.usf" 1809
"../../../Engine/Shaders/Private/HairStrands/HairStrandsVisibilityCopyIndirectArg.usf" 1810
"../../../Engine/Shaders/Private/HairStrands/HairStrandsVisibilityClearPS.usf" 1811
"../../../Engine/Shaders/Private/HairStrands/HairStrandsVisibilityPS.usf" 1812
"../../../Engine/Shaders/Private/HairStrands/HairStrandsVisibilityVS.usf" 1813
"../../../Engine/Shaders/Private/HairStrands/HairStrandsLightChannelMask.usf" 1814
"../../../Engine/Shaders/Private/HairStrands/HairStrandsVelocity.usf" 1815
"../../../Engine/Shaders/Private/HairStrands/HairStrandsVisibilityComputeSampleCoverage.usf" 1816
"../../../Engine/Shaders/Private/HairStrands/HairStrandsMaterialPS.usf" 1817
"../../../Engine/Shaders/Private/HairStrands/HairStrandsMaterialVS.usf" 1818
"../../../Engine/Shaders/Private/HairStrands/HairStrandsLightSample.usf" 1819
"../../../Engine/Shaders/Private/HairStrands/HairStrandsDeepShadowMask.usf" 1820
"../../../Engine/Shaders/Private/HairStrands/HairStrandsDeepShadowCommonStruct.ush" 1821
"../../../Engine/Shaders/Private/HairStrands/HairStrandsDeepTransmittanceMask.usf" 1822
"../../../Engine/Shaders/Private/HairStrands/HairScatter.usf" 1823
"../../../Engine/Shaders/Private/HairStrands/HairScatterCompose.usf" 1824
"../../../Engine/Shaders/Private/HairStrands/HairStrandsDeepShadowPS.usf" 1825
"../../../Engine/Shaders/Private/HairStrands/HairStrandsDeepShadowVS.usf" 1826
"../../../Engine/Shaders/Private/HairStrands/HairStrandsFollicleMask.usf" 1827
"../../../Engine/Shaders/Private/HairStrands/HairStrandsMeshProjectionCommon.ush" 1828
"../../../Engine/Shaders/Private/HairStrands/HairStrandsSamplesUpdate.usf" 1829
"../../../Engine/Shaders/Private/HairStrands/HairStrandsSamplesInit.usf" 1830
"../../../Engine/Shaders/Private/HairStrands/HairStrandsMeshInterpolate.usf" 1831
"../../../Engine/Shaders/Private/HairStrands/HairStrandsMeshUpdate.usf" 1832
"../../../Engine/Shaders/Private/HairStrands/HairStrandsMeshProjection.usf" 1833
"../../../Engine/Shaders/Private/HairStrands/HairStrandsLUT.usf" 1834
"../../../Engine/Shaders/Private/HairStrands/HairStrandsEnvironmentLighting.usf" 1835
"../../../Engine/Shaders/Private/HairStrands/HairStrandsEnvironmentLightingCommon.ush" 1836
"../../../Engine/Shaders/Private/HairStrands/HairStrandsDebugCommonStruct.ush" 1837
"../../../Engine/Shaders/Private/HairStrands/HairStrandsEnvironmentAO.usf" 1838
"../../../Engine/Shaders/Private/HairStrands/HairStrandsDeepShadowAllocation.usf" 1839
"../../../Engine/Shaders/Private/HairStrands/HairStrandsClusterCulling.usf" 1840
"../../../Engine/Shaders/Private/HairStrands/HairStrandsVisibilityPPLLDebug.usf" 1841
"../../../Engine/Shaders/Private/HairStrands/HairStrandsMeshProjectionHairDebug.usf" 1842
"../../../Engine/Shaders/Private/HairStrands/HairStrandsMeshProjectionMeshDebug.usf" 1843
"../../../Engine/Shaders/Private/HairStrands/HairStrandsBsdfPlot.usf" 1844
"../../../Engine/Shaders/Private/HairStrands/HairStrandsVoxelPageRayMarching.usf" 1845
"../../../Engine/Shaders/Private/HairStrands/HairStrandsDeepShadowDebug.usf" 1846
"../../../Engine/Shaders/Private/HairStrands/HairStrandsDebug.usf" 1847
"../../../Engine/Shaders/Private/HairStrands/HairStrandsDebugPrint.usf" 1848
"../../../Engine/Shaders/Private/HairStrands/HairStrandsVisibilityComposeSubPixelPS.usf" 1849
"../../../Engine/Shaders/Private/HairStrands/HairStrandsAABB.usf" 1850
"../../../Engine/Shaders/Private/GPUFastFourierTransform.usf" 1851
"../../../Engine/Shaders/Private/GPUFastFourierTransform2DCore.ush" 1852
"../../../Engine/Shaders/Private/GPUFastFourierTransformCore.ush" 1853
"../../../Engine/Shaders/Private/ShaderDrawDebug.usf" 1854
"../../../Engine/Shaders/Private/GPUBenchmark.usf" 1855
"../../../Engine/Shaders/Private/GlobalDistanceField.usf" 1856
"../../../Engine/Shaders/Private/GammaCorrection.usf" 1857
"../../../Engine/Shaders/Private/HeightFogPixelShader.usf" 1858
"../../../Engine/Shaders/Private/HeightFogVertexShader.usf" 1859
"../../../Engine/Shaders/Private/DistortAccumulatePS.usf" 1860
"../../../Engine/Shaders/Private/DistortAccumulateVS.usf" 1861
"../../../Engine/Shaders/Private/DistanceFieldVisualization.usf" 1862
"../../../Engine/Shaders/Private/DistanceFieldShadowing.usf" 1863
"../../../Engine/Shaders/Private/DistanceFieldScreenGridLighting.usf" 1864
"../../../Engine/Shaders/Private/DistanceFieldObjectCulling.usf" 1865
"../../../Engine/Shaders/Private/DistanceFieldLightingPost.usf" 1866
"../../../Engine/Shaders/Private/DistanceFieldGlobalIllumination.usf" 1867
"../../../Engine/Shaders/Private/DitheredTransitionStencil.usf" 1868
"../../../Engine/Shaders/Private/DepthOnlyPixelShader.usf" 1869
"../../../Engine/Shaders/Private/DepthOnlyVertexShader.usf" 1870
"../../../Engine/Shaders/Private/PositionOnlyDepthVertexShader.usf" 1871
"../../../Engine/Shaders/Private/DownsampleDepthPixelShader.usf" 1872
"../../../Engine/Shaders/Private/DeferredDecal.usf" 1873
"../../../Engine/Shaders/Private/DecalCommon.ush" 1874
"../../../Engine/Shaders/Private/DBufferDecalShared.ush" 1875
"../../../Engine/Shaders/Private/DebugViewModeVertexShader.usf" 1876
"../../../Engine/Shaders/Private/EvaluateSurfelMaterial.usf" 1877
"../../../Engine/Shaders/Private/ConvertToUniformMesh.usf" 1878
"../../../Engine/Shaders/Private/PostProcessPassThrough.usf" 1879
"../../../Engine/Shaders/Private/MeshDecals.usf" 1880
"../../../Engine/Shaders/Private/PostProcessLpvIndirect.usf" 1881
"../../../Engine/Shaders/Private/LPVFinalPass.ush" 1882
"../../../Engine/Shaders/Private/PostProcessAmbientOcclusion.usf" 1883
"../../../Engine/Shaders/Private/ClusteredDeferredShadingPixelShader.usf" 1884
"../../../Engine/Shaders/Private/CapsuleShadowShaders.usf" 1885
"../../../Engine/Shaders/Private/BasePassPixelShader.usf" 1886
"../../../Engine/Shaders/Private/BasePassCommon.ush" 1887
"../../../Engine/Shaders/Private/ShadingModelsMaterial.ush" 1888
"../../../Engine/Shaders/Private/ThinTranslucentCommon.ush" 1889
"../../../Engine/Shaders/Private/ForwardLightingCommon.ush" 1890
"../../../Engine/Shaders/Private/BasePassTessellationShaders.usf" 1891
"../../../Engine/Shaders/Private/BasePassVertexCommon.ush" 1892
"../../../Engine/Shaders/Private/BasePassVertexShader.usf" 1893
"../../../Engine/Shaders/Private/AtmospherePrecomputeInscatter.usf" 1894
"../../../Engine/Shaders/Private/AtmospherePrecomputeCommon.ush" 1895
"../../../Engine/Shaders/Private/AtmospherePrecompute.usf" 1896
"../../../Engine/Shaders/Private/AtmosphericFogShader.usf" 1897
"../../../Engine/Shaders/Private/SimpleElementVolumeTexturePreviewPixelShader.usf" 1898
"../../../Engine/Shaders/Private/SimpleElementTexture2DPreviewPixelShader.usf" 1899
"../../../Engine/Shaders/Private/SimpleElementNormalMapPixelShader.usf" 1900
"../../../Engine/Shaders/Private/meshpaintdilatepixelshader.usf" 1901
"../../../Engine/Shaders/Private/meshpaintdilatevertexshader.usf" 1902
"../../../Engine/Shaders/Private/MeshPaintPixelShader.usf" 1903
"../../../Engine/Shaders/Private/MeshPaintVertexShader.usf" 1904
"../../../Engine/Shaders/Private/ByteBuffer.usf" 1905
"../../../Engine/Shaders/Private/ResolveVertexShader.usf" 1906
"../../../Engine/Shaders/Private/ResolvePixelShader.usf" 1907
"../../../Engine/Shaders/Private/Tools/ClearUAV.usf" 1908
"../../../Engine/Shaders/Private/ClearReplacementShaders.usf" 1909
"../../../Engine/Shaders/Private/Raytracing/RayTracingInstanceCopy.usf" 1910
"../../../Engine/Shaders/Private/RenderGraphUtilities.usf" 1911
"../../../Engine/Shaders/Private/OneColorShader.usf" 1912
"../../../Engine/Shaders/Private/OculusShaders.usf" 1913
"../../../Engine/Shaders/Private/MediaShaders.usf" 1914
"../../../Engine/Shaders/Private/NullPixelShader.usf" 1915
"../../../Engine/Shaders/Private/ComputeGenerateMips.usf" 1916
"../../../Engine/Shaders/Private/CopyTextureShaders.usf" 1917
"../../../Engine/Shaders/Private/Tools/FullscreenVertexShader.usf" 1918
"../../../Engine/Shaders/Private/RayTracing/RayTracingBuiltInShaders.usf" 1919
"C:/Users/yarik/AppData/Local/UnrealEngine/4.25/DerivedDataCache/Boot.ddc" 1920
"../../../Engine/DerivedDataCache/Compressed.ddp" 1921
"../../../Engine/Content/Animation/DefaultAnimCurveCompressionSettings.uasset" 1922
"../../../Engine/Content/EditorResources/S_Actor.uasset" 1923
"../../../Engine/Content/EngineResources/WhiteSquareTexture.uasset" 1924
"../../../Engine/Content/EngineResources/GradientTexture0.uasset" 1925
"../../../Engine/Content/EngineResources/Black.uasset" 1926
"../../../Engine/Content/EngineMeshes/Sphere.uasset" 1927
"../../../Engine/Content/EngineSounds/Master.uasset" 1928
"../../../Engine/Content/EditorMaterials/MatineeGroups/MAT_Groups_Float.uasset" 1929
"../../../Engine/Content/EditorMaterials/MatineeGroups/MAT_Groups_Anim.uasset" 1930
"../../../Engine/Content/EditorMaterials/MatineeGroups/MAT_Groups_AudioMaster.uasset" 1931
"../../../Engine/Content/EditorMaterials/MatineeGroups/MAT_ColorTrack.uasset" 1932
"../../../Engine/Content/EditorMaterials/MatineeGroups/MAT_Groups_Fade.uasset" 1933
"../../../Engine/Content/EditorMaterials/MatineeGroups/MAT_Groups_Director.uasset" 1934
"../../../Engine/Content/EditorMaterials/MatineeGroups/MAT_Groups_Event.uasset" 1935
"../../../Engine/Content/EditorMaterials/MatineeGroups/MAT_Groups_Move.uasset" 1936
"../../../Engine/Content/EditorMaterials/MatineeGroups/MAT_Groups_Slomo.uasset" 1937
"../../../Engine/Content/EditorMaterials/MatineeGroups/MAT_Groups_Sound.uasset" 1938
"../../../Engine/Content/EditorMaterials/MAT_Groups_Toggle.uasset" 1939
"../../../Engine/Content/EditorMaterials/MatineeGroups/MAT_Groups_Vector.uasset" 1940
"../../../Engine/Content/EditorMaterials/MAT_Groups_Visibility.uasset" 1941
"../../../Engine/Content/EngineResources/DefaultTexture.uasset" 1942
"../../../Engine/Content/EngineResources/DefaultTextureCube.uasset" 1943
"../../../Engine/Content/EngineResources/DefaultVolumeTexture.uasset" 1944
"../../../Engine/Content/EngineResources/DefaultVolumeTexture2D.uasset" 1945
"../../../Engine/Content/EngineFonts/RobotoDistanceField.uasset" 1946
"../../../Engine/Content/EngineMaterials/DefaultTextMaterialOpaque.uasset" 1947
"../../../Engine/Content/Functions/Engine_MaterialFunctions01/Shading/PowerToRoughness.uasset" 1948
"../../../Engine/Content/Functions/Engine_MaterialFunctions01/Shading/ConvertFromDiffSpec.uasset" 1949
"../../../Engine/Content/EngineMaterials/WorldGridMaterial.uasset" 1950
"../../../Engine/Content/Functions/Engine_MaterialFunctions01/Opacity/CameraDepthFade.uasset" 1951
"../../../Engine/Content/EngineMaterials/T_Default_Material_Grid_M.uasset" 1952
"../../../Engine/Content/EngineMaterials/T_Default_Material_Grid_N.uasset" 1953
"../../../Engine/Content/EngineMaterials/DefaultDeferredDecalMaterial.uasset" 1954
"../../../Engine/Content/EngineMaterials/DefaultDiffuse.uasset" 1955
"../../../Engine/Content/EngineMaterials/DefaultLightFunctionMaterial.uasset" 1956
"../../../Engine/Content/EngineMaterials/DefaultPostProcessMaterial.uasset" 1957
"../../../Engine/Content/Functions/Engine_MaterialFunctions02/Utility/BreakOutFloat2Components.uasset" 1958
"../../../Engine/Content/EditorResources/S_Trigger.uasset" 1959
"../../../Engine/Content/EngineMaterials/BaseFlattenMaterial.uasset" 1960
"../../../Engine/Content/EngineMaterials/BaseFlattenDiffuseMap.uasset" 1961
"../../../Engine/Content/EngineMaterials/BaseFlattenEmissiveMap.uasset" 1962
"../../../Engine/Content/EngineMaterials/BaseFlattenGrayscaleMap.uasset" 1963
"../../../Engine/Content/EngineMaterials/BaseFlattenNormalMap.uasset" 1964
"../../../Engine/Content/EngineDamageTypes/DmgTypeBP_Environmental.uasset" 1965
"../../../Engine/Content/VREditor/TransformGizmo/SM_Sequencer_Key.uasset" 1966
"../../../Engine/Content/VREditor/TransformGizmo/Main.uasset" 1967
"../../../Engine/Content/VREditor/TransformGizmo/Xray.uasset" 1968
"../../../Engine/Content/EngineMaterials/Widget3DPassThrough_Translucent.uasset" 1969
"../../../Engine/Content/EngineMaterials/Widget3DPassThrough.uasset" 1970
"../../../Engine/Config/Mac/BaseMacEngine.ini" 1971
"../../../Engine/Config/Mac/MacEngine.ini" 1972
"../../../Engine/Content/EngineMaterials/Widget3DPassThrough_Translucent_OneSided.uasset" 1973
"../../../Engine/Content/EngineMaterials/Widget3DPassThrough_Opaque.uasset" 1974
"../../../Engine/Content/EngineMaterials/Widget3DPassThrough_Opaque_OneSided.uasset" 1975
"../../../Engine/Content/EngineMaterials/Widget3DPassThrough_Masked.uasset" 1976
"../../../Engine/Content/EngineMaterials/Widget3DPassThrough_Masked_OneSided.uasset" 1977
"../../../Engine/Content/VREditor/TransformGizmo/PlaneTranslationHandle.uasset" 1978
"../../../Engine/Content/VREditor/TransformGizmo/TransformGizmoMaterial.uasset" 1979
"../../../Engine/Content/VREditor/LaserPointer/VR_LaserPower_01.uasset" 1980
"../../../Engine/Content/VREditor/TransformGizmo/TranslucentTransformGizmoMaterial.uasset" 1981
"../../../Engine/Content/VREditor/TransformGizmo/BoundingBoxCorner.uasset" 1982
"../../../Engine/Content/VREditor/TransformGizmo/BoundingBoxEdge.uasset" 1983
"../../../Engine/Content/EngineDebugMaterials/WireframeMaterial.uasset" 1984
"../../../Engine/Content/EditorMeshes/Camera/SM_CraneRig_Base.uasset" 1985
"../../../Engine/Content/EditorMaterials/Camera/MI_CineMat_Rig.uasset" 1986
"../../../Engine/Content/EditorMaterials/Camera/CineMat.uasset" 1987
"../../../Engine/Content/EditorMeshes/Camera/SM_CraneRig_Arm.uasset" 1988
"../../../Engine/Content/EditorMeshes/Camera/SM_CraneRig_Mount.uasset" 1989
"../../../Engine/Content/EditorMeshes/Camera/SM_CraneRig_Body.uasset" 1990
"../../../Engine/Content/EditorMeshes/Camera/SM_RailRig_Track.uasset" 1991
"../../../Engine/Content/EditorMeshes/Camera/SM_RailRig_Mount.uasset" 1992
"../../../Engine/Content/ArtTools/RenderToTexture/Meshes/S_1_Unit_Plane.uasset" 1993
"../../../Engine/Content/EngineDebugMaterials/M_SimpleUnlitTranslucent.uasset" 1994
"../../../Engine/Content/EngineFonts/Roboto.uasset" 1995
"../../../Engine/Content/EngineFonts/Faces/DroidSansFallback.uasset" 1996
"../../../Engine/Content/EngineFonts/Faces/RobotoBold.uasset" 1997
"../../../Engine/Content/EngineFonts/Faces/RobotoBoldItalic.uasset" 1998
"../../../Engine/Content/EngineFonts/Faces/RobotoItalic.uasset" 1999
"../../../Engine/Content/EngineFonts/Faces/RobotoLight.uasset" 2000
"../../../Engine/Content/EngineFonts/Faces/RobotoRegular.uasset" 2001
"../../../Engine/Content/EditorMaterials/ParticleSystems/PSysThumbnail_NoImage.uasset" 2002
"../../../Engine/Content/EditorMaterials/ParticleSystems/PSysThumbnail_OOD.uasset" 2003
"../../../Engine/Content/Maps/Templates/Thumbnails/Default.uasset" 2004
"../../../Engine/Content/Maps/Templates/Thumbnails/TimeOfDay.uasset" 2005
"../../../Engine/Content/Maps/Templates/Thumbnails/VR-Basic.uasset" 2006
"../../../Engine/Content/EditorLandscapeResources/DataLayer.uasset" 2007
"../../../Engine/Content/EditorResources/S_Solver.uasset" 2008
"../../../../../../Users/Yaroslav/OneDrive/Unreal/Unreal Projects/Project/JamProject05/Intermediate/AssetRegistryCache/e1183526.bin" 2009
"../../../../../../Users/Yaroslav/OneDrive/Unreal/Unreal Projects/Project/JamProject05/Intermediate/AssetRegistryCache/412a70d2.bin" 2010
"../../../../../../Users/Yaroslav/OneDrive/Unreal/Unreal Projects/Project/JamProject05/Intermediate/AssetRegistryCache/4b41e26b.bin" 2011
"../../../../../../Users/Yaroslav/OneDrive/Unreal/Unreal Projects/Project/JamProject05/Intermediate/AssetRegistryCache/aca5227f.bin" 2012
"../../../../../../Users/Yaroslav/OneDrive/Unreal/Unreal Projects/Project/JamProject05/Intermediate/AssetRegistryCache/e6cbf8d9.bin" 2013
"../../../../../../Users/Yaroslav/OneDrive/Unreal/Unreal Projects/Project/JamProject05/Intermediate/AssetRegistryCache/97e984d6.bin" 2014
"../../../../../../Users/Yaroslav/OneDrive/Unreal/Unreal Projects/Project/JamProject05/Intermediate/AssetRegistryCache/cfd432f1.bin" 2015
"../../../../../../Users/Yaroslav/OneDrive/Unreal/Unreal Projects/Project/JamProject05/Intermediate/AssetRegistryCache/6762b032.bin" 2016
"../../../../../../Users/Yaroslav/OneDrive/Unreal/Unreal Projects/Project/JamProject05/Intermediate/AssetRegistryCache/5b55e60c.bin" 2017
"../../../../../../Users/Yaroslav/OneDrive/Unreal/Unreal Projects/Project/JamProject05/Intermediate/AssetRegistryCache/bc6be137.bin" 2018
"../../../../../../Users/Yaroslav/OneDrive/Unreal/Unreal Projects/Project/JamProject05/Intermediate/AssetRegistryCache/cef8e2fc.bin" 2019
"../../../../../../Users/Yaroslav/OneDrive/Unreal/Unreal Projects/Project/JamProject05/Intermediate/AssetRegistryCache/1f166913.bin" 2020
"../../../../../../Users/Yaroslav/OneDrive/Unreal/Unreal Projects/Project/JamProject05/Intermediate/AssetRegistryCache/49dcc0cd.bin" 2021
"../../../../../../Users/Yaroslav/OneDrive/Unreal/Unreal Projects/Project/JamProject05/Intermediate/AssetRegistryCache/9fb48839.bin" 2022
"../../../../../../Users/Yaroslav/OneDrive/Unreal/Unreal Projects/Project/JamProject05/Intermediate/AssetRegistryCache/95a2d417.bin" 2023
"../../../../../../Users/Yaroslav/OneDrive/Unreal/Unreal Projects/Project/JamProject05/Intermediate/AssetRegistryCache/00c74128.bin" 2024
"../../../../../../Users/Yaroslav/OneDrive/Unreal/Unreal Projects/Project/JamProject05/Intermediate/AssetRegistryCache/379af223.bin" 2025
"../../../../../../Users/Yaroslav/OneDrive/Unreal/Unreal Projects/Project/JamProject05/Intermediate/AssetRegistryCache/1174c178.bin" 2026
"../../../../../../Users/Yaroslav/OneDrive/Unreal/Unreal Projects/Project/JamProject05/Intermediate/AssetRegistryCache/d827c26c.bin" 2027
"../../../Engine/Content/VREditor/TransformGizmo/SM_Sequencer_Node.uasset" 2028
"../../../Engine/Content/Internationalization/icudt64l/coll/ucadata.icu" 2029
"../../../Engine/Content/Internationalization/icudt64l/coll/ru.res" 2030
"../../../Engine/Content/Internationalization/icudt64l/coll/root.res" 2031
"../../../Engine/Content/Tutorial/Basics/LevelEditorAttract.uasset" 2032
"../../../Engine/Content/Tutorial/Basics/LevelEditorOverview.uasset" 2033
"../../../Engine/Content/Tutorial/Basics/TutorialAssets/icon_tab_Levels_40x.uasset" 2034
"../../../Engine/Content/Tutorial/BlueprintTutorials/BlueprintEditorTutorial.uasset" 2035
"../../../Engine/Content/Tutorial/BlueprintTutorials/TutorialAssets/Blueprint_64x.uasset" 2036
"../../../Engine/Content/Tutorial/Installation/InstallingVisualStudioTutorial.uasset" 2037
"../../../../../../Users/Yaroslav/OneDrive/Unreal/Unreal Projects/Project/JamProject05/Content/ThirdPersonBP/ThirdPersonOverview.uasset" 2038
"../../../Engine/Content/Tutorial/ContentIntroCurve.uasset" 2039
"../../../Engine/Content/EditorSounds/Notifications/CompileStart_Cue.uasset" 2040
"../../../Engine/Content/EditorSounds/Notifications/CompileSuccess.uasset" 2041
"../../../Engine/Content/EditorSounds/Notifications/CompileSuccess_Cue.uasset" 2042
"../../../Engine/Content/EditorSounds/Notifications/CompileFailed_Cue.uasset" 2043
"../../../Engine/Content/EditorSounds/Notifications/CompileFailed.uasset" 2044
"../../Plugins/2D/Paper2D/Content/MaskedUnlitSpriteMaterial.uasset" 2045
"../../Plugins/2D/Paper2D/Content/DefaultSpriteMaterial.uasset" 2046
"../../Plugins/2D/Paper2D/Content/PlaceholderTextures/DummySpriteTexture.uasset" 2047
"../../Plugins/2D/Paper2D/Content/OpaqueUnlitSpriteMaterial.uasset" 2048
"../../Plugins/2D/Paper2D/Content/DefaultPaperTerrainMaterial.uasset" 2049
"../../Plugins/2D/Paper2D/Content/DummySprite.uasset" 2050
"../../Plugins/FX/Niagara/Content/Enums/ENiagaraCoordinateSpace.uasset" 2051
"../../Plugins/FX/Niagara/Content/Enums/ENiagaraOrientationAxis.uasset" 2052
"../../Plugins/FX/Niagara/Content/Enums/ENiagaraBooleanLogicOps.uasset" 2053
"../../Plugins/FX/Niagara/Content/Enums/ENiagaraRandomnessMode.uasset" 2054
"../../Plugins/FX/Niagara/Content/Enums/ENiagaraExpansionMode.uasset" 2055
"../../../Engine/Content/EngineMeshes/Cylinder.uasset" 2056
"../../../Engine/Content/EngineMaterials/DefaultMaterial.uasset" 2057
"../../../Engine/Content/EditorResources/S_Note.uasset" 2058
"../../../Engine/Content/EngineDebugMaterials/VolumeToRender.uasset" 2059
"../../../Engine/Content/EngineDebugMaterials/M_VolumeRenderSphereTracePP.uasset" 2060
"../../../Engine/Content/Functions/Engine_MaterialFunctions02/Utility/CameraDirectionVector.uasset" 2061
"../../Plugins/Runtime/Oculus/OculusVR/Content/Materials/OculusMR_WhiteMaterial.uasset" 2062
"../../Plugins/Runtime/Oculus/OculusVR/Content/Materials/OculusMR_ChromaKey.uasset" 2063
"../../../Engine/Content/Functions/Engine_MaterialFunctions02/Utility/BreakOutFloat4Components.uasset" 2064
"../../../Engine/Content/Functions/Engine_MaterialFunctions02/Utility/MakeFloat2.uasset" 2065
"../../../Engine/Content/Functions/Engine_MaterialFunctions02/Utility/MakeFloat3.uasset" 2066
"../../Plugins/Runtime/Oculus/OculusVR/Content/Materials/OculusMR_ChromaKey_Lit.uasset" 2067
"../../Plugins/Runtime/Oculus/OculusVR/Content/Materials/OculusMR_OpaqueColoredMaterial.uasset" 2068
"../../../Engine/Content/EngineMaterials/RemoveSurfaceMaterial.uasset" 2069
"../../../Engine/Content/EngineDebugMaterials/DebugMeshMaterial.uasset" 2070
"../../../Engine/Content/EngineMaterials/EmissiveMeshMaterial.uasset" 2071
"../../../Engine/Content/EngineMaterials/DefaultWhiteGrid_Low.uasset" 2072
"../../../Engine/Content/EngineMaterials/M_InvalidLightmapSettings.uasset" 2073
"../../../Engine/Content/EngineMaterials/InvalidLightmapSettings.uasset" 2074
"../../../Engine/Content/EngineMaterials/GizmoMaterial.uasset" 2075
"../../../Engine/Content/EngineMaterials/PhAT_JointLimitMaterial.uasset" 2076
"../../../Engine/Content/Functions/Engine_MaterialFunctions02/WorldPositionOffset/CameraOffset.uasset" 2077
"../../../Engine/Content/EngineMaterials/Good64x64TilingNoiseHighFreq.uasset" 2078
"../../../Engine/Content/EngineMaterials/DefaultBokeh.uasset" 2079
"../../../Engine/Content/EngineMaterials/DefaultBloomKernel.uasset" 2080
"../../../Engine/Content/EngineMaterials/PreintegratedSkinBRDF.uasset" 2081
"../../../Engine/Content/EngineMaterials/MiniFont.uasset" 2082
"../../../Engine/Content/EngineMaterials/WeightMapPlaceholderTexture.uasset" 2083
"../../../Engine/Content/EngineMaterials/DefaultWhiteGrid.uasset" 2084
"../../../Engine/Content/EngineMaterials/BlueNoise.uasset" 2085
"../../../Engine/Content/EngineMaterials/DefaultPhysicalMaterial.uasset" 2086
"../../../../../../Users/Yaroslav/OneDrive/Unreal/Unreal Projects/Project/JamProject05/Intermediate/AssetRegistryCache/311563bb.bin" 2087
"../../../../../../Users/Yaroslav/OneDrive/Unreal/Unreal Projects/Project/JamProject05/Content/Maps/Level_Main.umap" 2088
"../../../../../../Users/Yaroslav/OneDrive/Unreal/Unreal Projects/Project/JamProject05/Content/Maps/Level_Main_BuiltData.uasset" 2089
"../../../../../../Users/Yaroslav/OneDrive/Unreal/Unreal Projects/Project/JamProject05/Intermediate/AssetRegistryCache/c90e3f55.bin" 2090
"../../../../../../Users/Yaroslav/OneDrive/Unreal/Unreal Projects/Project/JamProject05/Content/ThirdPersonBP/Blueprints/ThirdPersonCharacter.uasset" 2091
"../../../Engine/Content/BasicShapes/Cube.uasset" 2092
"../../../Engine/Content/BasicShapes/Sphere.uasset" 2093
"../../../Engine/Content/BasicShapes/Cylinder.uasset" 2094
"../../../Engine/Content/BasicShapes/Cone.uasset" 2095
"../../../Engine/Content/BasicShapes/Plane.uasset" 2096
"../../../Engine/Content/EditorResources/SequenceRecorder/Countdown.uasset" 2097
"../../../Engine/Content/EditorResources/SequenceRecorder/RecordingIndicator.uasset" 2098
"../../../../../../Users/Yaroslav/OneDrive/Unreal/Unreal Projects/Project/JamProject05/Intermediate/AssetRegistryCache/39a71ea5.bin" 2099
"D:/Users/Yaroslav/OneDrive/Unreal/Unreal Projects/Project/JamProject05/Saved/Cooked/WindowsNoEditor/JamProject05/Metadata/CookedIniVersion.txt" 2100
"C:/Users/yarik/AppData/Local/UnrealEngine/Common/DerivedDataCache/9/0/7/GSM_CE4A26A5071E4C9596A658A9AC69B29B_PCD3D_SM5_8__BC5N_NOCCBN_NOIRIS_DEV_SL_PR__064A2ED92E48892C11E5ECE043064BC72D570258.udd" 2101
"C:/Users/yarik/AppData/Local/UnrealEngine/Common/DerivedDataCache/8/1/6/GSM_CE4A26A5071E4C9596A658A9AC69B29B_PCD3D_SM5_8__BC5N_NOCCBN_NOIRIS_DEV_SL_PR__B47B77FCC50322B0B78F3A2BF0E677C6F6784816.udd" 2102
"C:/Users/yarik/AppData/Local/UnrealEngine/Common/DerivedDataCache/5/9/5/GSM_CE4A26A5071E4C9596A658A9AC69B29B_PCD3D_SM5_8__BC5N_NOCCBN_NOIRIS_DEV_SL_PR__690F36CA7E4720CA8A916E1B0D47603480073A89.udd" 2103
"C:/Users/yarik/AppData/Local/UnrealEngine/Common/DerivedDataCache/3/4/8/GSM_CE4A26A5071E4C9596A658A9AC69B29B_PCD3D_SM5_8__BC5N_NOCCBN_NOIRIS_DEV_SL_PR__15DC1069F9F46563F458899EA21A9B13DA1C36C9.udd" 2104
"C:/Users/yarik/AppData/Local/UnrealEngine/Common/DerivedDataCache/7/9/1/GSM_CE4A26A5071E4C9596A658A9AC69B29B_PCD3D_SM5_8__BC5N_NOCCBN_NOIRIS_DEV_SL_PR__F56FE18A43B5D3764E5DDEF2E6B032FA989431FC.udd" 2105
"C:/Users/yarik/AppData/Local/UnrealEngine/Common/DerivedDataCache/6/7/5/GSM_CE4A26A5071E4C9596A658A9AC69B29B_PCD3D_SM5_8__BC5N_NOCCBN_NOIRIS_DEV_SL_PR__E333C4A6A83F8DE6447839C74BD014C19C06D5A8.udd" 2106
"C:/Users/yarik/AppData/Local/UnrealEngine/Common/DerivedDataCache/1/5/9/GSM_CE4A26A5071E4C9596A658A9AC69B29B_PCD3D_SM5_8__BC5N_NOCCBN_NOIRIS_DEV_SL_PR__B589594449A185C0312B170DA21FCAB0A3BBBCE5.udd" 2107
"C:/Users/yarik/AppData/Local/UnrealEngine/Common/DerivedDataCache/9/4/2/GSM_CE4A26A5071E4C9596A658A9AC69B29B_PCD3D_SM5_8__BC5N_NOCCBN_NOIRIS_DEV_SL_PR__D5C88C50D14BB3D329FEAFD1BA57EE2F02F3100F.udd" 2108
"C:/Users/yarik/AppData/Local/UnrealEngine/Common/DerivedDataCache/5/6/0/GSM_CE4A26A5071E4C9596A658A9AC69B29B_PCD3D_SM5_8__BC5N_NOCCBN_NOIRIS_DEV_SL_PR__D2C1EF55D94E25870A06A59C19C9161EE50C8425.udd" 2109
"C:/Users/yarik/AppData/Local/UnrealEngine/Common/DerivedDataCache/4/4/0/GSM_CE4A26A5071E4C9596A658A9AC69B29B_PCD3D_SM5_8__BC5N_NOCCBN_NOIRIS_DEV_SL_PR__0144EF3187736F47011AE870902533BA515D9088.udd" 2110
"C:/Users/yarik/AppData/Local/UnrealEngine/Common/DerivedDataCache/4/8/4/GSM_CE4A26A5071E4C9596A658A9AC69B29B_PCD3D_SM5_8__BC5N_NOCCBN_NOIRIS_DEV_SL_PR__861FCF082DDB6B1302BBACA96BC2DB3A7CEF7D2E.udd" 2111
"C:/Users/yarik/AppData/Local/UnrealEngine/Common/DerivedDataCache/2/8/3/GSM_CE4A26A5071E4C9596A658A9AC69B29B_PCD3D_SM5_8__BC5N_NOCCBN_NOIRIS_DEV_SL_PR__6E41FABF127EA652B6CCA81E6C3D3136223A181C.udd" 2112
"C:/Users/yarik/AppData/Local/UnrealEngine/Common/DerivedDataCache/8/4/0/GSM_CE4A26A5071E4C9596A658A9AC69B29B_PCD3D_SM5_8__BC5N_NOCCBN_NOIRIS_DEV_SL_PR__A854CAFE2946D77F0EEEB34A9A09AEF55DF6D423.udd" 2113
"C:/Users/yarik/AppData/Local/UnrealEngine/Common/DerivedDataCache/9/6/1/GSM_CE4A26A5071E4C9596A658A9AC69B29B_PCD3D_SM5_8__BC5N_NOCCBN_NOIRIS_DEV_SL_PR__68CB25FF9C0FCC5E38B026D2FD8E7DF8A6E39157.udd" 2114
"C:/Users/yarik/AppData/Local/UnrealEngine/Common/DerivedDataCache/7/4/2/GSM_CE4A26A5071E4C9596A658A9AC69B29B_PCD3D_SM5_8__BC5N_NOCCBN_NOIRIS_DEV_SL_PR__8FB4E965B20023563677E073F4F580CD632705AF.udd" 2115
"C:/Users/yarik/AppData/Local/UnrealEngine/Common/DerivedDataCache/0/7/3/GSM_CE4A26A5071E4C9596A658A9AC69B29B_PCD3D_SM5_8__BC5N_NOCCBN_NOIRIS_DEV_SL_PR__B4547ED1833D307912DC830977367626D7B9B8A0.udd" 2116
"C:/Users/yarik/AppData/Local/UnrealEngine/Common/DerivedDataCache/7/2/5/GSM_CE4A26A5071E4C9596A658A9AC69B29B_PCD3D_SM5_8__BC5N_NOCCBN_NOIRIS_DEV_SL_PR__8FBD6EB04D535762A657B83866005DCCC5CAC16F.udd" 2117
"C:/Users/yarik/AppData/Local/UnrealEngine/Common/DerivedDataCache/7/3/0/GSM_CE4A26A5071E4C9596A658A9AC69B29B_PCD3D_SM5_8__BC5N_NOCCBN_NOIRIS_DEV_SL_PR__8BF6FE3C14398249F478908C0788430AFB1EE7C6.udd" 2118
"C:/Users/yarik/AppData/Local/UnrealEngine/Common/DerivedDataCache/1/5/1/GSM_CE4A26A5071E4C9596A658A9AC69B29B_PCD3D_SM5_8__BC5N_NOCCBN_NOIRIS_DEV_SL_PR__625EB6A3C28B3604F694476124CF188C3B0272D7.udd" 2119
"C:/Users/yarik/AppData/Local/UnrealEngine/Common/DerivedDataCache/9/8/1/GSM_CE4A26A5071E4C9596A658A9AC69B29B_PCD3D_SM5_8__BC5N_NOCCBN_NOIRIS_DEV_SL_PR__9446F02D5A0D87A6D7E9477C08CC0A106D15E468.udd" 2120
"C:/Users/yarik/AppData/Local/UnrealEngine/Common/DerivedDataCache/8/4/5/GSM_CE4A26A5071E4C9596A658A9AC69B29B_PCD3D_SM5_8__BC5N_NOCCBN_NOIRIS_DEV_SL_PR__8A01E221205452FE5794A78DE31FA2FEF6A7BE54.udd" 2121
"C:/Users/yarik/AppData/Local/UnrealEngine/Common/DerivedDataCache/6/4/5/GSM_CE4A26A5071E4C9596A658A9AC69B29B_PCD3D_SM5_8__BC5N_NOCCBN_NOIRIS_DEV_SL_PR__DBBBC7E5BC881605E7F1911388AA406764F6E809.udd" 2122
"C:/Users/yarik/AppData/Local/UnrealEngine/Common/DerivedDataCache/8/9/8/GSM_CE4A26A5071E4C9596A658A9AC69B29B_PCD3D_SM5_8__BC5N_NOCCBN_NOIRIS_DEV_SL_PR__6AD815AD14B72D0F47A7446E4361AAE44F129E5B.udd" 2123
"C:/Users/yarik/AppData/Local/UnrealEngine/Common/DerivedDataCache/9/2/5/GSM_CE4A26A5071E4C9596A658A9AC69B29B_PCD3D_SM5_8__BC5N_NOCCBN_NOIRIS_DEV_SL_PR__1942F70C820ED2C62F42027B5AB271863A74B1E4.udd" 2124
"C:/Users/yarik/AppData/Local/UnrealEngine/Common/DerivedDataCache/5/2/4/GSM_CE4A26A5071E4C9596A658A9AC69B29B_PCD3D_SM5_8__BC5N_NOCCBN_NOIRIS_DEV_SL_PR__CAF8AAAB1C5BC84049764A0B9774FFB7925999DB.udd" 2125
"C:/Users/yarik/AppData/Local/UnrealEngine/Common/DerivedDataCache/1/8/4/GSM_CE4A26A5071E4C9596A658A9AC69B29B_PCD3D_SM5_8__BC5N_NOCCBN_NOIRIS_DEV_SL_PR__433ECC038B14E4EDC0667506B38CB505FF67EABC.udd" 2126
"C:/Users/yarik/AppData/Local/UnrealEngine/Common/DerivedDataCache/0/2/1/GSM_CE4A26A5071E4C9596A658A9AC69B29B_PCD3D_SM5_8__BC5N_NOCCBN_NOIRIS_DEV_SL_PR__4D462153D45ADAD3414DA2AE9B2B026A06FC4773.udd" 2127
"C:/Users/yarik/AppData/Local/UnrealEngine/Common/DerivedDataCache/2/9/0/GSM_CE4A26A5071E4C9596A658A9AC69B29B_PCD3D_SM5_8__BC5N_NOCCBN_NOIRIS_DEV_SL_PR__DAE936C67D5A1BE7E6C803428A1052B04C0BBAC9.udd" 2128
"C:/Users/yarik/AppData/Local/UnrealEngine/Common/DerivedDataCache/7/1/7/GSM_CE4A26A5071E4C9596A658A9AC69B29B_PCD3D_SM5_8__BC5N_NOCCBN_NOIRIS_DEV_SL_PR__8BF6B9879C3F7D92719544885C4F4E3D5ADB1AB1.udd" 2129
"C:/Users/yarik/AppData/Local/UnrealEngine/Common/DerivedDataCache/4/5/4/GSM_CE4A26A5071E4C9596A658A9AC69B29B_PCD3D_SM5_8__BC5N_NOCCBN_NOIRIS_DEV_SL_PR__58FF6F8C2C2A04CB2CA74D68E52443F41CBAC61E.udd" 2130
"C:/Users/yarik/AppData/Local/UnrealEngine/Common/DerivedDataCache/4/1/2/GSM_CE4A26A5071E4C9596A658A9AC69B29B_PCD3D_SM5_8__BC5N_NOCCBN_NOIRIS_DEV_SL_PR__AA3D57FDE3F8343019112A2AD65C204152B95D14.udd" 2131
"C:/Users/yarik/AppData/Local/UnrealEngine/Common/DerivedDataCache/3/0/0/GSM_CE4A26A5071E4C9596A658A9AC69B29B_PCD3D_SM5_8__BC5N_NOCCBN_NOIRIS_DEV_SL_PR__AAD6437A3F21F3CE2CF7AB493114B29EF9EBCD82.udd" 2132
"C:/Users/yarik/AppData/Local/UnrealEngine/Common/DerivedDataCache/1/6/1/GSM_CE4A26A5071E4C9596A658A9AC69B29B_PCD3D_SM5_8__BC5N_NOCCBN_NOIRIS_DEV_SL_PR__C09B1AD11C069A552835772ECC84AC28698E099E.udd" 2133
"C:/Users/yarik/AppData/Local/UnrealEngine/Common/DerivedDataCache/1/0/4/GSM_CE4A26A5071E4C9596A658A9AC69B29B_PCD3D_SM5_8__BC5N_NOCCBN_NOIRIS_DEV_SL_PR__54460DD4609D758907625ADB3DA05282AD7CBD2A.udd" 2134
"C:/Users/yarik/AppData/Local/UnrealEngine/Common/DerivedDataCache/6/0/4/GSM_CE4A26A5071E4C9596A658A9AC69B29B_PCD3D_SM5_8__BC5N_NOCCBN_NOIRIS_DEV_SL_PR__E23BACFE551F278899916C3DD2180B825E306298.udd" 2135
"C:/Users/yarik/AppData/Local/UnrealEngine/Common/DerivedDataCache/0/2/1/GSM_CE4A26A5071E4C9596A658A9AC69B29B_PCD3D_SM5_8__BC5N_NOCCBN_NOIRIS_DEV_SL_PR__870B0D9E7C1465BEC6913B27A653F5C8A8C25B13.udd" 2136
"C:/Users/yarik/AppData/Local/UnrealEngine/Common/DerivedDataCache/6/2/8/GSM_CE4A26A5071E4C9596A658A9AC69B29B_PCD3D_SM5_8__BC5N_NOCCBN_NOIRIS_DEV_SL_PR__9CC1F9708863A302B9B8D12A42CDED261F76029F.udd" 2137
"C:/Users/yarik/AppData/Local/UnrealEngine/Common/DerivedDataCache/8/1/1/GSM_CE4A26A5071E4C9596A658A9AC69B29B_PCD3D_SM5_8__BC5N_NOCCBN_NOIRIS_DEV_SL_PR__806C5C4E4D727F6726C151A592078C6F1CDA22FA.udd" 2138
"C:/Users/yarik/AppData/Local/UnrealEngine/Common/DerivedDataCache/3/5/2/GSM_CE4A26A5071E4C9596A658A9AC69B29B_PCD3D_SM5_8__BC5N_NOCCBN_NOIRIS_DEV_SL_PR__458C8AE667F46CBFF5D67E57805B4E1D8C0247AD.udd" 2139
"C:/Users/yarik/AppData/Local/UnrealEngine/Common/DerivedDataCache/8/2/9/GSM_CE4A26A5071E4C9596A658A9AC69B29B_PCD3D_SM5_8__BC5N_NOCCBN_NOIRIS_DEV_SL_PR__31C912AB81022725618CDC3C557E29ADCD35A102.udd" 2140
"C:/Users/yarik/AppData/Local/UnrealEngine/Common/DerivedDataCache/0/5/8/GSM_CE4A26A5071E4C9596A658A9AC69B29B_PCD3D_SM5_8__BC5N_NOCCBN_NOIRIS_DEV_SL_PR__503B290662A1FE22F07579ED60D2C9258125A0E5.udd" 2141
"C:/Users/yarik/AppData/Local/UnrealEngine/Common/DerivedDataCache/3/0/8/GSM_CE4A26A5071E4C9596A658A9AC69B29B_PCD3D_SM5_8__BC5N_NOCCBN_NOIRIS_DEV_SL_PR__C468AAB91377AAA04A7BAC4696438C7681D8BAF1.udd" 2142
"C:/Users/yarik/AppData/Local/UnrealEngine/Common/DerivedDataCache/1/7/1/GSM_CE4A26A5071E4C9596A658A9AC69B29B_PCD3D_SM5_8__BC5N_NOCCBN_NOIRIS_DEV_SL_PR__92F3BD23324CADFF187D02A9CAB1DE06AE9C02F1.udd" 2143
"C:/Users/yarik/AppData/Local/UnrealEngine/Common/DerivedDataCache/3/0/8/GSM_CE4A26A5071E4C9596A658A9AC69B29B_PCD3D_SM5_8__BC5N_NOCCBN_NOIRIS_DEV_SL_PR__A22BC84F2A9E1DAE72CE8DDE29705C2794AFEE65.udd" 2144
"C:/Users/yarik/AppData/Local/UnrealEngine/Common/DerivedDataCache/6/6/5/GSM_CE4A26A5071E4C9596A658A9AC69B29B_PCD3D_SM5_8__BC5N_NOCCBN_NOIRIS_DEV_SL_PR__CA04FE8B8793DC17A01AE17CC6BA6AD13C512357.udd" 2145
"C:/Users/yarik/AppData/Local/UnrealEngine/Common/DerivedDataCache/6/1/4/GSM_CE4A26A5071E4C9596A658A9AC69B29B_PCD3D_SM5_8__BC5N_NOCCBN_NOIRIS_DEV_SL_PR__CF557F05F87B7A76D180D930E0E53F90A1818E67.udd" 2146
"C:/Users/yarik/AppData/Local/UnrealEngine/Common/DerivedDataCache/8/3/6/GSM_CE4A26A5071E4C9596A658A9AC69B29B_PCD3D_SM5_8__BC5N_NOCCBN_NOIRIS_DEV_SL_PR__79A22EA623598036FA3EB03CF0D011A2AE040D46.udd" 2147
"C:/Users/yarik/AppData/Local/UnrealEngine/Common/DerivedDataCache/0/8/4/GSM_CE4A26A5071E4C9596A658A9AC69B29B_PCD3D_SM5_8__BC5N_NOCCBN_NOIRIS_DEV_SL_PR__CAB8C264747A5239FA8D4AC7904D0757D7FBEA95.udd" 2148
"C:/Users/yarik/AppData/Local/UnrealEngine/Common/DerivedDataCache/0/0/0/GSM_CE4A26A5071E4C9596A658A9AC69B29B_PCD3D_SM5_8__BC5N_NOCCBN_NOIRIS_DEV_SL_PR__795AAE022D00B40B7DD8C0D2855058B1C4B94084.udd" 2149
"C:/Users/yarik/AppData/Local/UnrealEngine/Common/DerivedDataCache/0/5/2/GSM_CE4A26A5071E4C9596A658A9AC69B29B_PCD3D_SM5_8__BC5N_NOCCBN_NOIRIS_DEV_SL_PR__0CA805C2CA1946090A4237B884AA8B86AA00FC21.udd" 2150
"C:/Users/yarik/AppData/Local/UnrealEngine/Common/DerivedDataCache/3/4/5/GSM_CE4A26A5071E4C9596A658A9AC69B29B_PCD3D_SM5_8__BC5N_NOCCBN_NOIRIS_DEV_SL_PR__C40377136BBBA0C91C2DDA62A465C5987B91FE11.udd" 2151
"C:/Users/yarik/AppData/Local/UnrealEngine/Common/DerivedDataCache/0/7/4/GSM_CE4A26A5071E4C9596A658A9AC69B29B_PCD3D_SM5_8__BC5N_NOCCBN_NOIRIS_DEV_SL_PR__34FD7142B5D4ED5688A74D0D9B0E072BC0E23E24.udd" 2152
"C:/Users/yarik/AppData/Local/UnrealEngine/Common/DerivedDataCache/0/4/7/GSM_CE4A26A5071E4C9596A658A9AC69B29B_PCD3D_SM5_8__BC5N_NOCCBN_NOIRIS_DEV_SL_PR__DB0941055E1F55E52AB74B053037AC4603ED984B.udd" 2153
"C:/Users/yarik/AppData/Local/UnrealEngine/Common/DerivedDataCache/8/3/5/GSM_CE4A26A5071E4C9596A658A9AC69B29B_PCD3D_SM5_8__BC5N_NOCCBN_NOIRIS_DEV_SL_PR__94ABC663DF578013AD3B570921ADAC33B4C5BEB4.udd" 2154
"C:/Users/yarik/AppData/Local/UnrealEngine/Common/DerivedDataCache/3/9/2/GSM_CE4A26A5071E4C9596A658A9AC69B29B_PCD3D_SM5_8__BC5N_NOCCBN_NOIRIS_DEV_SL_PR__5D52F6D8AECE93B56891E000269F17EC6DEB8B6B.udd" 2155
"C:/Users/yarik/AppData/Local/UnrealEngine/Common/DerivedDataCache/3/5/8/GSM_CE4A26A5071E4C9596A658A9AC69B29B_PCD3D_SM5_8__BC5N_NOCCBN_NOIRIS_DEV_SL_PR__183903AFDFB629D758393DA303FBFAD417DDF651.udd" 2156
"C:/Users/yarik/AppData/Local/UnrealEngine/Common/DerivedDataCache/5/7/8/GSM_CE4A26A5071E4C9596A658A9AC69B29B_PCD3D_SM5_8__BC5N_NOCCBN_NOIRIS_DEV_SL_PR__8FABF33E75FE3BE8B4DEC69BF3187DB65919BB34.udd" 2157
"C:/Users/yarik/AppData/Local/UnrealEngine/Common/DerivedDataCache/1/8/6/GSM_CE4A26A5071E4C9596A658A9AC69B29B_PCD3D_SM5_8__BC5N_NOCCBN_NOIRIS_DEV_SL_PR__53995B15D7FC7144E100A261DEEE7240874E197D.udd" 2158
"C:/Users/yarik/AppData/Local/UnrealEngine/Common/DerivedDataCache/8/7/5/GSM_CE4A26A5071E4C9596A658A9AC69B29B_PCD3D_SM5_8__BC5N_NOCCBN_NOIRIS_DEV_SL_PR__4782CCB05C9EFFCE5FE63E78A931D457DD95DA3E.udd" 2159
"C:/Users/yarik/AppData/Local/UnrealEngine/Common/DerivedDataCache/5/0/7/GSM_CE4A26A5071E4C9596A658A9AC69B29B_PCD3D_SM5_8__BC5N_NOCCBN_NOIRIS_DEV_SL_PR__972B684EE00DBB998D737270B6CA6747832622AF.udd" 2160
"C:/Users/yarik/AppData/Local/UnrealEngine/Common/DerivedDataCache/0/2/2/GSM_CE4A26A5071E4C9596A658A9AC69B29B_PCD3D_SM5_8__BC5N_NOCCBN_NOIRIS_DEV_SL_PR__0BD9AA7697F328EE12F4C913BC6F17CE51ABC0D1.udd" 2161
"C:/Users/yarik/AppData/Local/UnrealEngine/Common/DerivedDataCache/8/0/8/GSM_CE4A26A5071E4C9596A658A9AC69B29B_PCD3D_SM5_8__BC5N_NOCCBN_NOIRIS_DEV_SL_PR__8681314CFE8E2F25DB6D10DC1E96EAF7A112CDDB.udd" 2162
"C:/Users/yarik/AppData/Local/UnrealEngine/Common/DerivedDataCache/4/3/8/GSM_CE4A26A5071E4C9596A658A9AC69B29B_PCD3D_SM5_8__BC5N_NOCCBN_NOIRIS_DEV_SL_PR__198D3796ABBF7E4D02F4819F2D7229BCD728044A.udd" 2163
"C:/Users/yarik/AppData/Local/UnrealEngine/Common/DerivedDataCache/2/8/5/GSM_CE4A26A5071E4C9596A658A9AC69B29B_PCD3D_SM5_8__BC5N_NOCCBN_NOIRIS_DEV_SL_PR__1E2D093D67F663812E50AEB167B9AF77393536DB.udd" 2164
"C:/Users/yarik/AppData/Local/UnrealEngine/Common/DerivedDataCache/4/8/6/GSM_CE4A26A5071E4C9596A658A9AC69B29B_PCD3D_SM5_8__BC5N_NOCCBN_NOIRIS_DEV_SL_PR__89C6D20B6C0DB3A4859CA745267E3EF332655D1C.udd" 2165
"C:/Users/yarik/AppData/Local/UnrealEngine/Common/DerivedDataCache/1/1/9/GSM_CE4A26A5071E4C9596A658A9AC69B29B_PCD3D_SM5_8__BC5N_NOCCBN_NOIRIS_DEV_SL_PR__341EBAB5594BFE12B6278ECCB239565397F3CFBA.udd" 2166
"C:/Users/yarik/AppData/Local/UnrealEngine/Common/DerivedDataCache/7/9/2/GSM_CE4A26A5071E4C9596A658A9AC69B29B_PCD3D_SM5_8__BC5N_NOCCBN_NOIRIS_DEV_SL_PR__D658143F552C2B3843BD32EAC362E5B9071FCDDB.udd" 2167
"C:/Users/yarik/AppData/Local/UnrealEngine/Common/DerivedDataCache/2/2/6/GSM_CE4A26A5071E4C9596A658A9AC69B29B_PCD3D_SM5_8__BC5N_NOCCBN_NOIRIS_DEV_SL_PR__91089B94186C295EB47C2164C747595C459D46CA.udd" 2168
"C:/Users/yarik/AppData/Local/UnrealEngine/Common/DerivedDataCache/4/5/1/GSM_CE4A26A5071E4C9596A658A9AC69B29B_PCD3D_SM5_8__BC5N_NOCCBN_NOIRIS_DEV_SL_PR__5DB14CF0C4F4AA7C8C912F4B7F809DF30D56240F.udd" 2169
"C:/Users/yarik/AppData/Local/UnrealEngine/Common/DerivedDataCache/6/0/8/GSM_CE4A26A5071E4C9596A658A9AC69B29B_PCD3D_SM5_8__BC5N_NOCCBN_NOIRIS_DEV_SL_PR__06E364E885D7B175E5B2B768BD2F8A8C2E8A5C60.udd" 2170
"C:/Users/yarik/AppData/Local/UnrealEngine/Common/DerivedDataCache/4/4/4/GSM_CE4A26A5071E4C9596A658A9AC69B29B_PCD3D_SM5_8__BC5N_NOCCBN_NOIRIS_DEV_SL_PR__2FEBDCD6C5BCA3AB7DDFE9479EC42CDE69779F6C.udd" 2171
"C:/Users/yarik/AppData/Local/UnrealEngine/Common/DerivedDataCache/1/7/5/GSM_CE4A26A5071E4C9596A658A9AC69B29B_PCD3D_SM5_8__BC5N_NOCCBN_NOIRIS_DEV_SL_PR__B1086C843ECF4B6B98B9DA8F210551383E4DE000.udd" 2172
"C:/Users/yarik/AppData/Local/UnrealEngine/Common/DerivedDataCache/1/0/0/GSM_CE4A26A5071E4C9596A658A9AC69B29B_PCD3D_SM5_8__BC5N_NOCCBN_NOIRIS_DEV_SL_PR__40987E1D43EC7E3FD08714074AD317EE1718411F.udd" 2173
"C:/Users/yarik/AppData/Local/UnrealEngine/Common/DerivedDataCache/9/0/5/GSM_CE4A26A5071E4C9596A658A9AC69B29B_PCD3D_SM5_8__BC5N_NOCCBN_NOIRIS_DEV_SL_PR__F213EEE831E5EAA7068B02E902F15E52C6979E65.udd" 2174
"C:/Users/yarik/AppData/Local/UnrealEngine/Common/DerivedDataCache/6/8/6/GSM_CE4A26A5071E4C9596A658A9AC69B29B_PCD3D_SM5_8__BC5N_NOCCBN_NOIRIS_DEV_SL_PR__633361AECD8A56E6BDB3DF8A28457491A91A959F.udd" 2175
"C:/Users/yarik/AppData/Local/UnrealEngine/Common/DerivedDataCache/1/0/6/GSM_CE4A26A5071E4C9596A658A9AC69B29B_PCD3D_SM5_8__BC5N_NOCCBN_NOIRIS_DEV_SL_PR__DE371A7BF8597722C62DA5453FC3C39C8B2C7E26.udd" 2176
"C:/Users/yarik/AppData/Local/UnrealEngine/Common/DerivedDataCache/3/9/1/GSM_CE4A26A5071E4C9596A658A9AC69B29B_PCD3D_SM5_8__BC5N_NOCCBN_NOIRIS_DEV_SL_PR__EAF2BE41089597666B6DE9AA3A8E379DC725EEA0.udd" 2177
"C:/Users/yarik/AppData/Local/UnrealEngine/Common/DerivedDataCache/7/4/8/GSM_CE4A26A5071E4C9596A658A9AC69B29B_PCD3D_SM5_8__BC5N_NOCCBN_NOIRIS_DEV_SL_PR__D8225DB8BED5F420DE54756D154C4A7C206F4C6B.udd" 2178
"C:/Users/yarik/AppData/Local/UnrealEngine/Common/DerivedDataCache/1/8/5/GSM_CE4A26A5071E4C9596A658A9AC69B29B_PCD3D_SM5_8__BC5N_NOCCBN_NOIRIS_DEV_SL_PR__A37B5861ABC1BEDD2B8FDE864FEBB92B9A4246A1.udd" 2179
"C:/Users/yarik/AppData/Local/UnrealEngine/Common/DerivedDataCache/2/3/8/GSM_CE4A26A5071E4C9596A658A9AC69B29B_PCD3D_SM5_8__BC5N_NOCCBN_NOIRIS_DEV_SL_PR__8DF42BA58B39E2C84D9957C8EACBCE4599DA103F.udd" 2180
"C:/Users/yarik/AppData/Local/UnrealEngine/Common/DerivedDataCache/0/6/7/GSM_CE4A26A5071E4C9596A658A9AC69B29B_PCD3D_SM5_8__BC5N_NOCCBN_NOIRIS_DEV_SL_PR__BEBD8074820AE0A340F439005A6C17E03860A00E.udd" 2181
"C:/Users/yarik/AppData/Local/UnrealEngine/Common/DerivedDataCache/2/6/7/GSM_CE4A26A5071E4C9596A658A9AC69B29B_PCD3D_SM5_8__BC5N_NOCCBN_NOIRIS_DEV_SL_PR__896A45C24BF310E70973632BD0997738E860B0DC.udd" 2182
"C:/Users/yarik/AppData/Local/UnrealEngine/Common/DerivedDataCache/5/6/6/GSM_CE4A26A5071E4C9596A658A9AC69B29B_PCD3D_SM5_8__BC5N_NOCCBN_NOIRIS_DEV_SL_PR__578A664F5A743FB1A0A98E1AC19B29EE52A4442B.udd" 2183
"C:/Users/yarik/AppData/Local/UnrealEngine/Common/DerivedDataCache/1/0/9/GSM_CE4A26A5071E4C9596A658A9AC69B29B_PCD3D_SM5_8__BC5N_NOCCBN_NOIRIS_DEV_SL_PR__F0558DFF21B89A247AC1D9BC51963DFFBF1F375D.udd" 2184
"C:/Users/yarik/AppData/Local/UnrealEngine/Common/DerivedDataCache/7/8/6/GSM_CE4A26A5071E4C9596A658A9AC69B29B_PCD3D_SM5_8__BC5N_NOCCBN_NOIRIS_DEV_SL_PR__54C1F9451F76DF06988C390DE1775ED8A40D98F7.udd" 2185
"C:/Users/yarik/AppData/Local/UnrealEngine/Common/DerivedDataCache/8/6/2/GSM_CE4A26A5071E4C9596A658A9AC69B29B_PCD3D_SM5_8__BC5N_NOCCBN_NOIRIS_DEV_SL_PR__D77D2DE9665C220FEA79FE0E25BF3A75C620E917.udd" 2186
"C:/Users/yarik/AppData/Local/UnrealEngine/Common/DerivedDataCache/4/3/3/GSM_CE4A26A5071E4C9596A658A9AC69B29B_PCD3D_SM5_8__BC5N_NOCCBN_NOIRIS_DEV_SL_PR__228C22BAC67012200A29DF9EF1DCAAC3BD5EE193.udd" 2187
"C:/Users/yarik/AppData/Local/UnrealEngine/Common/DerivedDataCache/1/3/9/GSM_CE4A26A5071E4C9596A658A9AC69B29B_PCD3D_SM5_8__BC5N_NOCCBN_NOIRIS_DEV_SL_PR__0852EEAED7E84B660F6BE962EC8B612B3187491A.udd" 2188
"C:/Users/yarik/AppData/Local/UnrealEngine/Common/DerivedDataCache/3/1/6/GSM_CE4A26A5071E4C9596A658A9AC69B29B_PCD3D_SM5_8__BC5N_NOCCBN_NOIRIS_DEV_SL_PR__C7BCD2918777056CD97663B8FBA6F99B64B9E100.udd" 2189
"C:/Users/yarik/AppData/Local/UnrealEngine/Common/DerivedDataCache/9/5/7/GSM_CE4A26A5071E4C9596A658A9AC69B29B_PCD3D_SM5_8__BC5N_NOCCBN_NOIRIS_DEV_SL_PR__1CFD12E0767B9D00B62D179D16C0836A9AD91A67.udd" 2190
"C:/Users/yarik/AppData/Local/UnrealEngine/Common/DerivedDataCache/6/5/5/GSM_CE4A26A5071E4C9596A658A9AC69B29B_PCD3D_SM5_8__BC5N_NOCCBN_NOIRIS_DEV_SL_PR__2F0993762C81B706D592F8B5949FDBCC4E35F24A.udd" 2191
"C:/Users/yarik/AppData/Local/UnrealEngine/Common/DerivedDataCache/6/2/6/GSM_CE4A26A5071E4C9596A658A9AC69B29B_PCD3D_SM5_8__BC5N_NOCCBN_NOIRIS_DEV_SL_PR__1CBD381DA7C81639F23A1B10D94AF591FC8E5FC7.udd" 2192
"C:/Users/yarik/AppData/Local/UnrealEngine/Common/DerivedDataCache/8/7/4/GSM_CE4A26A5071E4C9596A658A9AC69B29B_PCD3D_SM5_8__BC5N_NOCCBN_NOIRIS_DEV_SL_PR__4DE6A5AD2B3FC614D53290C31F7FE60E52211CB6.udd" 2193
"C:/Users/yarik/AppData/Local/UnrealEngine/Common/DerivedDataCache/3/8/6/GSM_CE4A26A5071E4C9596A658A9AC69B29B_PCD3D_SM5_8__BC5N_NOCCBN_NOIRIS_DEV_SL_PR__2BB00BB6D1C982321CD523BEEDDD9F0E3DACF277.udd" 2194
"C:/Users/yarik/AppData/Local/UnrealEngine/Common/DerivedDataCache/5/1/2/GSM_CE4A26A5071E4C9596A658A9AC69B29B_PCD3D_SM5_8__BC5N_NOCCBN_NOIRIS_DEV_SL_PR__82C1CB2E21CFD0A4C91C410CF93F81435BB95197.udd" 2195
"C:/Users/yarik/AppData/Local/UnrealEngine/Common/DerivedDataCache/2/2/2/GSM_CE4A26A5071E4C9596A658A9AC69B29B_PCD3D_SM5_8__BC5N_NOCCBN_NOIRIS_DEV_SL_PR__DCD76EC759B458D99D3BBEED7EE18169454AAFE7.udd" 2196
"C:/Users/yarik/AppData/Local/UnrealEngine/Common/DerivedDataCache/9/2/7/GSM_CE4A26A5071E4C9596A658A9AC69B29B_PCD3D_SM5_8__BC5N_NOCCBN_NOIRIS_DEV_SL_PR__199B59801BC0A49A7F3EA477A2F40BCF8FD3C635.udd" 2197
"C:/Users/yarik/AppData/Local/UnrealEngine/Common/DerivedDataCache/5/2/3/GSM_CE4A26A5071E4C9596A658A9AC69B29B_PCD3D_SM5_8__BC5N_NOCCBN_NOIRIS_DEV_SL_PR__CC6B383029C4D6AB3A7BF4623B4AC24C0D965FBB.udd" 2198
"C:/Users/yarik/AppData/Local/UnrealEngine/Common/DerivedDataCache/0/8/0/GSM_CE4A26A5071E4C9596A658A9AC69B29B_PCD3D_SM5_8__BC5N_NOCCBN_NOIRIS_DEV_SL_PR__090F6A6B4FE39027D04A239A4313EDEDC808C4BA.udd" 2199
"C:/Users/yarik/AppData/Local/UnrealEngine/Common/DerivedDataCache/9/5/7/GSM_CE4A26A5071E4C9596A658A9AC69B29B_PCD3D_SM5_8__BC5N_NOCCBN_NOIRIS_DEV_SL_PR__B493589D8B60D64DA2A909FAAF9A60D8D7C8E481.udd" 2200
"C:/Users/yarik/AppData/Local/UnrealEngine/Common/DerivedDataCache/8/5/8/GSM_CE4A26A5071E4C9596A658A9AC69B29B_PCD3D_SM5_8__BC5N_NOCCBN_NOIRIS_DEV_SL_PR__1482078863D3E49F68E90107C41D1F802DC02339.udd" 2201
"C:/Users/yarik/AppData/Local/UnrealEngine/Common/DerivedDataCache/8/8/0/GSM_CE4A26A5071E4C9596A658A9AC69B29B_PCD3D_SM5_8__BC5N_NOCCBN_NOIRIS_DEV_SL_PR__05DEC2FD649B40F9D192DDA462A633BA17C93220.udd" 2202
"C:/Users/yarik/AppData/Local/UnrealEngine/Common/DerivedDataCache/6/8/1/GSM_CE4A26A5071E4C9596A658A9AC69B29B_PCD3D_SM5_8__BC5N_NOCCBN_NOIRIS_DEV_SL_PR__5558A597CC14878266543931463242AB0CE15CA9.udd" 2203
"C:/Users/yarik/AppData/Local/UnrealEngine/Common/DerivedDataCache/6/1/3/GSM_CE4A26A5071E4C9596A658A9AC69B29B_PCD3D_SM5_8__BC5N_NOCCBN_NOIRIS_DEV_SL_PR__FDE54563B765C77E10665DD0BF037F0F89650BBC.udd" 2204
"C:/Users/yarik/AppData/Local/UnrealEngine/Common/DerivedDataCache/9/8/5/GSM_CE4A26A5071E4C9596A658A9AC69B29B_PCD3D_SM5_8__BC5N_NOCCBN_NOIRIS_DEV_SL_PR__C8CFDCEB7CFD4ADB159E36F55FF7337D6EFD0C51.udd" 2205
"C:/Users/yarik/AppData/Local/UnrealEngine/Common/DerivedDataCache/1/4/5/GSM_CE4A26A5071E4C9596A658A9AC69B29B_PCD3D_SM5_8__BC5N_NOCCBN_NOIRIS_DEV_SL_PR__CC8E4AF748752D99DDAA5F16905967EDFF04AB75.udd" 2206
"C:/Users/yarik/AppData/Local/UnrealEngine/Common/DerivedDataCache/0/2/8/GSM_CE4A26A5071E4C9596A658A9AC69B29B_PCD3D_SM5_8__BC5N_NOCCBN_NOIRIS_DEV_SL_PR__159A6F37AF9E92895A2CC7D295EEA7CC6247577D.udd" 2207
"C:/Users/yarik/AppData/Local/UnrealEngine/Common/DerivedDataCache/0/7/3/GSM_CE4A26A5071E4C9596A658A9AC69B29B_PCD3D_SM5_8__BC5N_NOCCBN_NOIRIS_DEV_SL_PR__DE8C2506C1598A16B20BDFF498966448B45075CB.udd" 2208
"C:/Users/yarik/AppData/Local/UnrealEngine/Common/DerivedDataCache/0/3/7/GSM_CE4A26A5071E4C9596A658A9AC69B29B_PCD3D_SM5_8__BC5N_NOCCBN_NOIRIS_DEV_SL_PR__E4ACDD8AA9C3ABB59FD70784C987CC276353EF51.udd" 2209
"C:/Users/yarik/AppData/Local/UnrealEngine/Common/DerivedDataCache/8/3/5/GSM_CE4A26A5071E4C9596A658A9AC69B29B_PCD3D_SM5_8__BC5N_NOCCBN_NOIRIS_DEV_SL_PR__8ACDD7741CF571C93AE223A26C28B42991427FB4.udd" 2210
"C:/Users/yarik/AppData/Local/UnrealEngine/Common/DerivedDataCache/9/5/5/GSM_CE4A26A5071E4C9596A658A9AC69B29B_PCD3D_SM5_8__BC5N_NOCCBN_NOIRIS_DEV_SL_PR__A5DD30FE67E236CE824D5D9CEEE2271EE096D2D1.udd" 2211
"C:/Users/yarik/AppData/Local/UnrealEngine/Common/DerivedDataCache/6/8/0/GSM_CE4A26A5071E4C9596A658A9AC69B29B_PCD3D_SM5_8__BC5N_NOCCBN_NOIRIS_DEV_SL_PR__5784B775435C96457C228A464B53A03E57CDFFBC.udd" 2212
"C:/Users/yarik/AppData/Local/UnrealEngine/Common/DerivedDataCache/7/9/8/GSM_CE4A26A5071E4C9596A658A9AC69B29B_PCD3D_SM5_8__BC5N_NOCCBN_NOIRIS_DEV_SL_PR__13DA14CD5969C84EBFA9F802568F100BFB3DA255.udd" 2213
"C:/Users/yarik/AppData/Local/UnrealEngine/Common/DerivedDataCache/6/6/9/GSM_CE4A26A5071E4C9596A658A9AC69B29B_PCD3D_SM5_8__BC5N_NOCCBN_NOIRIS_DEV_SL_PR__57EC69AE4BE015D7A17245C9973A3A0256874725.udd" 2214
"C:/Users/yarik/AppData/Local/UnrealEngine/Common/DerivedDataCache/0/5/3/GSM_CE4A26A5071E4C9596A658A9AC69B29B_PCD3D_SM5_8__BC5N_NOCCBN_NOIRIS_DEV_SL_PR__C29F2888B71B91D96D7A483512E0E3094943F90A.udd" 2215
"C:/Users/yarik/AppData/Local/UnrealEngine/Common/DerivedDataCache/9/9/7/GSM_CE4A26A5071E4C9596A658A9AC69B29B_PCD3D_SM5_8__BC5N_NOCCBN_NOIRIS_DEV_SL_PR__85E637627FA3DC9AADC6A1386FE7148FB5AB61FC.udd" 2216
"C:/Users/yarik/AppData/Local/UnrealEngine/Common/DerivedDataCache/5/1/3/GSM_CE4A26A5071E4C9596A658A9AC69B29B_PCD3D_SM5_8__BC5N_NOCCBN_NOIRIS_DEV_SL_PR__D815D60D5F839E76EC1BFAD0A11594A3B9B1E179.udd" 2217
"C:/Users/yarik/AppData/Local/UnrealEngine/Common/DerivedDataCache/5/5/3/GSM_CE4A26A5071E4C9596A658A9AC69B29B_PCD3D_SM5_8__BC5N_NOCCBN_NOIRIS_DEV_SL_PR__81219DAD7A05563FD33D8D0FE3FD90EDB96A3E8B.udd" 2218
"C:/Users/yarik/AppData/Local/UnrealEngine/Common/DerivedDataCache/3/5/2/GSM_CE4A26A5071E4C9596A658A9AC69B29B_PCD3D_SM5_8__BC5N_NOCCBN_NOIRIS_DEV_SL_PR__AF33B8B04D38CD1987E31959B211D13514108693.udd" 2219
"C:/Users/yarik/AppData/Local/UnrealEngine/Common/DerivedDataCache/8/2/6/GSM_CE4A26A5071E4C9596A658A9AC69B29B_PCD3D_SM5_8__BC5N_NOCCBN_NOIRIS_DEV_SL_PR__D1F6B921E57FCA61A12830BDF564A8563230A9C3.udd" 2220
"C:/Users/yarik/AppData/Local/UnrealEngine/Common/DerivedDataCache/3/0/2/GSM_CE4A26A5071E4C9596A658A9AC69B29B_PCD3D_SM5_8__BC5N_NOCCBN_NOIRIS_DEV_SL_PR__AF1CABA3C4FE04A7FBC496466F55EBCBAB836EC7.udd" 2221
"C:/Users/yarik/AppData/Local/UnrealEngine/Common/DerivedDataCache/4/3/6/GSM_CE4A26A5071E4C9596A658A9AC69B29B_PCD3D_SM5_8__BC5N_NOCCBN_NOIRIS_DEV_SL_PR__392CACA04FF99CFDC1FAB2148E1DF3F46458E811.udd" 2222
"C:/Users/yarik/AppData/Local/UnrealEngine/Common/DerivedDataCache/6/9/9/GSM_CE4A26A5071E4C9596A658A9AC69B29B_PCD3D_SM5_8__BC5N_NOCCBN_NOIRIS_DEV_SL_PR__CDE2CFC994A28A432EF74A8E942AFDF315C0A97A.udd" 2223
"C:/Users/yarik/AppData/Local/UnrealEngine/Common/DerivedDataCache/0/8/7/GSM_CE4A26A5071E4C9596A658A9AC69B29B_PCD3D_SM5_8__BC5N_NOCCBN_NOIRIS_DEV_SL_PR__AB842E8C4F4C39F6D69FDE9D3022A2BED2B23012.udd" 2224
"C:/Users/yarik/AppData/Local/UnrealEngine/Common/DerivedDataCache/6/1/0/GSM_CE4A26A5071E4C9596A658A9AC69B29B_PCD3D_SM5_8__BC5N_NOCCBN_NOIRIS_DEV_SL_PR__68C6E3AED16077C6130652CDAA6295C93E1707B9.udd" 2225
"C:/Users/yarik/AppData/Local/UnrealEngine/Common/DerivedDataCache/1/8/3/GSM_CE4A26A5071E4C9596A658A9AC69B29B_PCD3D_SM5_8__BC5N_NOCCBN_NOIRIS_DEV_SL_PR__71F5CA53E53DB79FAC690A3E8F62BB05ECC22789.udd" 2226
"C:/Users/yarik/AppData/Local/UnrealEngine/Common/DerivedDataCache/0/2/0/GSM_CE4A26A5071E4C9596A658A9AC69B29B_PCD3D_SM5_8__BC5N_NOCCBN_NOIRIS_DEV_SL_PR__5C1FFD7E2EE4FEC9A329302C54706334080F5DCB.udd" 2227
"C:/Users/yarik/AppData/Local/UnrealEngine/Common/DerivedDataCache/2/1/0/GSM_CE4A26A5071E4C9596A658A9AC69B29B_PCD3D_SM5_8__BC5N_NOCCBN_NOIRIS_DEV_SL_PR__610B63E80B13ECFA7E250A168C92B4B9F0252EB6.udd" 2228
"C:/Users/yarik/AppData/Local/UnrealEngine/Common/DerivedDataCache/8/9/7/GSM_CE4A26A5071E4C9596A658A9AC69B29B_PCD3D_SM5_8__BC5N_NOCCBN_NOIRIS_DEV_SL_PR__FBBCFF613E19F07CAE680716CB5C4194AD2E2533.udd" 2229
"C:/Users/yarik/AppData/Local/UnrealEngine/Common/DerivedDataCache/5/0/9/GSM_CE4A26A5071E4C9596A658A9AC69B29B_PCD3D_SM5_8__BC5N_NOCCBN_NOIRIS_DEV_SL_PR__B8F6E94198B185F80724419798C548791520E423.udd" 2230
"C:/Users/yarik/AppData/Local/UnrealEngine/Common/DerivedDataCache/3/5/6/GSM_CE4A26A5071E4C9596A658A9AC69B29B_PCD3D_SM5_8__BC5N_NOCCBN_NOIRIS_DEV_SL_PR__8A19F917EEB00259ACC05CBCB6C825D943896F5B.udd" 2231
"C:/Users/yarik/AppData/Local/UnrealEngine/Common/DerivedDataCache/4/5/8/GSM_CE4A26A5071E4C9596A658A9AC69B29B_PCD3D_SM5_8__BC5N_NOCCBN_NOIRIS_DEV_SL_PR__63E00EE6D97D33EBC81AF42F32DEBEA7416C59B8.udd" 2232
"C:/Users/yarik/AppData/Local/UnrealEngine/Common/DerivedDataCache/7/7/7/GSM_CE4A26A5071E4C9596A658A9AC69B29B_PCD3D_SM5_8__BC5N_NOCCBN_NOIRIS_DEV_SL_PR__1F3CD11B00423D622F576A1BD668827ECA698EEE.udd" 2233
"C:/Users/yarik/AppData/Local/UnrealEngine/Common/DerivedDataCache/4/9/9/GSM_CE4A26A5071E4C9596A658A9AC69B29B_PCD3D_SM5_8__BC5N_NOCCBN_NOIRIS_DEV_SL_PR__7FC7E6EBDE79313EFD1C09822C5319F95A4B340D.udd" 2234
"C:/Users/yarik/AppData/Local/UnrealEngine/Common/DerivedDataCache/9/6/6/GSM_CE4A26A5071E4C9596A658A9AC69B29B_PCD3D_SM5_8__BC5N_NOCCBN_NOIRIS_DEV_SL_PR__885B58FF81BF31DD96515ECFD3A48D4756E0C896.udd" 2235
"C:/Users/yarik/AppData/Local/UnrealEngine/Common/DerivedDataCache/8/2/2/GSM_CE4A26A5071E4C9596A658A9AC69B29B_PCD3D_SM5_8__BC5N_NOCCBN_NOIRIS_DEV_SL_PR__45CF856E0313435CB1A2D68AFEC66C049293B9AF.udd" 2236
"C:/Users/yarik/AppData/Local/UnrealEngine/Common/DerivedDataCache/3/0/6/GSM_CE4A26A5071E4C9596A658A9AC69B29B_PCD3D_SM5_8__BC5N_NOCCBN_NOIRIS_DEV_SL_PR__295DFC2F295CA76EEF7421988E1B59C39891C847.udd" 2237
"C:/Users/yarik/AppData/Local/UnrealEngine/Common/DerivedDataCache/1/6/1/GSM_CE4A26A5071E4C9596A658A9AC69B29B_PCD3D_SM5_8__BC5N_NOCCBN_NOIRIS_DEV_SL_PR__6EE814CD371FC5443B15A5D8EA6F2504B4F54E66.udd" 2238
"C:/Users/yarik/AppData/Local/UnrealEngine/Common/DerivedDataCache/8/7/0/GSM_CE4A26A5071E4C9596A658A9AC69B29B_PCD3D_SM5_8__BC5N_NOCCBN_NOIRIS_DEV_SL_PR__0D4F4EC0DD86DA4333853A572AECA3CDE09D8CC9.udd" 2239
"C:/Users/yarik/AppData/Local/UnrealEngine/Common/DerivedDataCache/0/0/4/GSM_CE4A26A5071E4C9596A658A9AC69B29B_PCD3D_SM5_8__BC5N_NOCCBN_NOIRIS_DEV_SL_PR__9CE4E1BCCB170C4E9DDB7A5E1DCD567B7C0C1FA8.udd" 2240
"C:/Users/yarik/AppData/Local/UnrealEngine/Common/DerivedDataCache/2/3/8/GSM_CE4A26A5071E4C9596A658A9AC69B29B_PCD3D_SM5_8__BC5N_NOCCBN_NOIRIS_DEV_SL_PR__CED9BF2B49CDF838391865F4F36A2B5DACD8AC58.udd" 2241
"C:/Users/yarik/AppData/Local/UnrealEngine/Common/DerivedDataCache/8/0/5/GSM_CE4A26A5071E4C9596A658A9AC69B29B_PCD3D_SM5_8__BC5N_NOCCBN_NOIRIS_DEV_SL_PR__0057391350C1C7FC73410070024524EF614DE873.udd" 2242
"C:/Users/yarik/AppData/Local/UnrealEngine/Common/DerivedDataCache/6/9/9/GSM_CE4A26A5071E4C9596A658A9AC69B29B_PCD3D_SM5_8__BC5N_NOCCBN_NOIRIS_DEV_SL_PR__D8D35CF98A1D3519B9C02B1E17D4B0FD774B6E21.udd" 2243
"C:/Users/yarik/AppData/Local/UnrealEngine/Common/DerivedDataCache/8/3/6/GSM_CE4A26A5071E4C9596A658A9AC69B29B_PCD3D_SM5_8__BC5N_NOCCBN_NOIRIS_DEV_SL_PR__589EB7F41E5161862F4ACD835EF6ADA9C5C49DF5.udd" 2244
"C:/Users/yarik/AppData/Local/UnrealEngine/Common/DerivedDataCache/3/2/4/GSM_CE4A26A5071E4C9596A658A9AC69B29B_PCD3D_SM5_8__BC5N_NOCCBN_NOIRIS_DEV_SL_PR__8D514EB119A3107A5C49D54D93DA02522551C26F.udd" 2245
"C:/Users/yarik/AppData/Local/UnrealEngine/Common/DerivedDataCache/3/8/6/GSM_CE4A26A5071E4C9596A658A9AC69B29B_PCD3D_SM5_8__BC5N_NOCCBN_NOIRIS_DEV_SL_PR__891CE855AC219C151FBADF98FF0BFB63445A3F6E.udd" 2246
"C:/Users/yarik/AppData/Local/UnrealEngine/Common/DerivedDataCache/3/5/7/GSM_CE4A26A5071E4C9596A658A9AC69B29B_PCD3D_SM5_8__BC5N_NOCCBN_NOIRIS_DEV_SL_PR__58125B94C6CFAD2D244ACE6787B556C865C8D7BD.udd" 2247
"C:/Users/yarik/AppData/Local/UnrealEngine/Common/DerivedDataCache/8/4/2/GSM_CE4A26A5071E4C9596A658A9AC69B29B_PCD3D_SM5_8__BC5N_NOCCBN_NOIRIS_DEV_SL_PR__E282AC0973C0CE09691C6F515C17C449FA972BE0.udd" 2248
"C:/Users/yarik/AppData/Local/UnrealEngine/Common/DerivedDataCache/7/4/4/GSM_CE4A26A5071E4C9596A658A9AC69B29B_PCD3D_SM5_8__BC5N_NOCCBN_NOIRIS_DEV_SL_PR__64D89DC4791567433F4E9E104D5E177F554A2BB6.udd" 2249
"C:/Users/yarik/AppData/Local/UnrealEngine/Common/DerivedDataCache/2/9/8/GSM_CE4A26A5071E4C9596A658A9AC69B29B_PCD3D_SM5_8__BC5N_NOCCBN_NOIRIS_DEV_SL_PR__665DC08EFF422B39D6D840D454C462F51FC72B91.udd" 2250
"C:/Users/yarik/AppData/Local/UnrealEngine/Common/DerivedDataCache/0/7/5/GSM_CE4A26A5071E4C9596A658A9AC69B29B_PCD3D_SM5_8__BC5N_NOCCBN_NOIRIS_DEV_SL_PR__ACCBC24F406BB6EB211FBD3170BF77DBE503FA5D.udd" 2251
"C:/Users/yarik/AppData/Local/UnrealEngine/Common/DerivedDataCache/5/4/1/GSM_CE4A26A5071E4C9596A658A9AC69B29B_PCD3D_SM5_8__BC5N_NOCCBN_NOIRIS_DEV_SL_PR__D97752265BDC14C3740F89F8644C0A9368B5A82D.udd" 2252
"C:/Users/yarik/AppData/Local/UnrealEngine/Common/DerivedDataCache/0/5/5/GSM_CE4A26A5071E4C9596A658A9AC69B29B_PCD3D_SM5_8__BC5N_NOCCBN_NOIRIS_DEV_SL_PR__D4976598CC6E53943E9E04EE00000022949A7607.udd" 2253
"C:/Users/yarik/AppData/Local/UnrealEngine/Common/DerivedDataCache/7/9/5/GSM_CE4A26A5071E4C9596A658A9AC69B29B_PCD3D_SM5_8__BC5N_NOCCBN_NOIRIS_DEV_SL_PR__7768B88F9A1F800C652CFD32AD2DF6B2D71356B0.udd" 2254
"C:/Users/yarik/AppData/Local/UnrealEngine/Common/DerivedDataCache/2/0/5/GSM_CE4A26A5071E4C9596A658A9AC69B29B_PCD3D_SM5_8__BC5N_NOCCBN_NOIRIS_DEV_SL_PR__2BDF7C90C19FE78E3874689CAA7983207DD2B068.udd" 2255
"C:/Users/yarik/AppData/Local/UnrealEngine/Common/DerivedDataCache/2/5/4/GSM_CE4A26A5071E4C9596A658A9AC69B29B_PCD3D_SM5_8__BC5N_NOCCBN_NOIRIS_DEV_SL_PR__E82BEB1F6D916B68412CE8BC3B148EDD24E085AB.udd" 2256
"C:/Users/yarik/AppData/Local/UnrealEngine/Common/DerivedDataCache/8/3/2/GSM_CE4A26A5071E4C9596A658A9AC69B29B_PCD3D_SM5_8__BC5N_NOCCBN_NOIRIS_DEV_SL_PR__0E4F774F4121425E92DCAE2FB7B01718F9B927DB.udd" 2257
"C:/Users/yarik/AppData/Local/UnrealEngine/Common/DerivedDataCache/2/8/7/GSM_CE4A26A5071E4C9596A658A9AC69B29B_PCD3D_SM5_8__BC5N_NOCCBN_NOIRIS_DEV_SL_PR__5543F3801317FB5B90B545F844F2F50F52A5CEE1.udd" 2258
"C:/Users/yarik/AppData/Local/UnrealEngine/Common/DerivedDataCache/1/5/6/GSM_CE4A26A5071E4C9596A658A9AC69B29B_PCD3D_SM5_8__BC5N_NOCCBN_NOIRIS_DEV_SL_PR__0B606FC9C1612DCAD434210EC298DE1843AFE5D2.udd" 2259
"C:/Users/yarik/AppData/Local/UnrealEngine/Common/DerivedDataCache/4/8/8/GSM_CE4A26A5071E4C9596A658A9AC69B29B_PCD3D_SM5_8__BC5N_NOCCBN_NOIRIS_DEV_SL_PR__32D1C3C9FD4155CAA85B046BEA6E44E7323191BF.udd" 2260
"C:/Users/yarik/AppData/Local/UnrealEngine/Common/DerivedDataCache/1/1/0/GSM_CE4A26A5071E4C9596A658A9AC69B29B_PCD3D_SM5_8__BC5N_NOCCBN_NOIRIS_DEV_SL_PR__026A589346903992D387A5AE1C0D72092BA2D76A.udd" 2261
"C:/Users/yarik/AppData/Local/UnrealEngine/Common/DerivedDataCache/6/3/7/GSM_CE4A26A5071E4C9596A658A9AC69B29B_PCD3D_SM5_8__BC5N_NOCCBN_NOIRIS_DEV_SL_PR__79FB8B074B75060828616BF14BD915919E1D43DC.udd" 2262
"C:/Users/yarik/AppData/Local/UnrealEngine/Common/DerivedDataCache/1/8/4/GSM_CE4A26A5071E4C9596A658A9AC69B29B_PCD3D_SM5_8__BC5N_NOCCBN_NOIRIS_DEV_SL_PR__53E2CE09ED6939D7AB2F90AD658C90FEDD569DAD.udd" 2263
"C:/Users/yarik/AppData/Local/UnrealEngine/Common/DerivedDataCache/1/3/0/GSM_CE4A26A5071E4C9596A658A9AC69B29B_PCD3D_SM5_8__BC5N_NOCCBN_NOIRIS_DEV_SL_PR__AED93A88D7E4BCAD17C11611EF352061DF56D94F.udd" 2264
"C:/Users/yarik/AppData/Local/UnrealEngine/Common/DerivedDataCache/4/8/3/GSM_CE4A26A5071E4C9596A658A9AC69B29B_PCD3D_SM5_8__BC5N_NOCCBN_NOIRIS_DEV_SL_PR__14A72D4128511A60D746B2C4FD5C74913B542209.udd" 2265
"C:/Users/yarik/AppData/Local/UnrealEngine/Common/DerivedDataCache/9/0/3/GSM_CE4A26A5071E4C9596A658A9AC69B29B_PCD3D_SM5_8__BC5N_NOCCBN_NOIRIS_DEV_SL_PR__3188325BBB65100B4BDD3F171909857544E9902B.udd" 2266
"C:/Users/yarik/AppData/Local/UnrealEngine/Common/DerivedDataCache/7/8/9/GSM_CE4A26A5071E4C9596A658A9AC69B29B_PCD3D_SM5_8__BC5N_NOCCBN_NOIRIS_DEV_SL_PR__9B2AD62901629E6FDF20C7D383345C58CB42F59D.udd" 2267
"C:/Users/yarik/AppData/Local/UnrealEngine/Common/DerivedDataCache/0/6/9/GSM_CE4A26A5071E4C9596A658A9AC69B29B_PCD3D_SM5_8__BC5N_NOCCBN_NOIRIS_DEV_SL_PR__5D4A57AD233F9340B9751AB8BA70BA7ABF862170.udd" 2268
"C:/Users/yarik/AppData/Local/UnrealEngine/Common/DerivedDataCache/6/3/9/GSM_CE4A26A5071E4C9596A658A9AC69B29B_PCD3D_SM5_8__BC5N_NOCCBN_NOIRIS_DEV_SL_PR__1884F065581328B359B79C2F70A67A9767F4CB22.udd" 2269
"C:/Users/yarik/AppData/Local/UnrealEngine/Common/DerivedDataCache/0/9/7/GSM_CE4A26A5071E4C9596A658A9AC69B29B_PCD3D_SM5_8__BC5N_NOCCBN_NOIRIS_DEV_SL_PR__1116FB1FA32EA644CEBE23A41F2CD2DA7CA4090F.udd" 2270
"C:/Users/yarik/AppData/Local/UnrealEngine/Common/DerivedDataCache/2/7/2/GSM_CE4A26A5071E4C9596A658A9AC69B29B_PCD3D_SM5_8__BC5N_NOCCBN_NOIRIS_DEV_SL_PR__A21989BACA23ED2130C5E6D8CB6384E3D510D144.udd" 2271
"C:/Users/yarik/AppData/Local/UnrealEngine/Common/DerivedDataCache/4/9/5/GSM_CE4A26A5071E4C9596A658A9AC69B29B_PCD3D_SM5_8__BC5N_NOCCBN_NOIRIS_DEV_SL_PR__EF847315A18D35FAACB3A1ECE2D050271DB67B65.udd" 2272
"C:/Users/yarik/AppData/Local/UnrealEngine/Common/DerivedDataCache/1/0/6/GSM_CE4A26A5071E4C9596A658A9AC69B29B_PCD3D_SM5_8__BC5N_NOCCBN_NOIRIS_DEV_SL_PR__E36206320F3F2D3679ED9E1562165A35DBE26BE5.udd" 2273
"C:/Users/yarik/AppData/Local/UnrealEngine/Common/DerivedDataCache/1/2/4/GSM_CE4A26A5071E4C9596A658A9AC69B29B_PCD3D_SM5_8__BC5N_NOCCBN_NOIRIS_DEV_SL_PR__FF122685E406C512CAE39FD8E49BBBC866FE578B.udd" 2274
"C:/Users/yarik/AppData/Local/UnrealEngine/Common/DerivedDataCache/2/7/7/GSM_CE4A26A5071E4C9596A658A9AC69B29B_PCD3D_SM5_8__BC5N_NOCCBN_NOIRIS_DEV_SL_PR__E392206108E0A9ED74789533FB133263ACFCC6FD.udd" 2275
"C:/Users/yarik/AppData/Local/UnrealEngine/Common/DerivedDataCache/1/5/5/GSM_CE4A26A5071E4C9596A658A9AC69B29B_PCD3D_SM5_8__BC5N_NOCCBN_NOIRIS_DEV_SL_PR__1F708CB412DDE2D113AB5E02E17FF25237F93BFB.udd" 2276
"C:/Users/yarik/AppData/Local/UnrealEngine/Common/DerivedDataCache/1/3/2/GSM_CE4A26A5071E4C9596A658A9AC69B29B_PCD3D_SM5_8__BC5N_NOCCBN_NOIRIS_DEV_SL_PR__CCC45FC12F5F4411E832138813D426098AB79D0E.udd" 2277
"C:/Users/yarik/AppData/Local/UnrealEngine/Common/DerivedDataCache/1/1/4/GSM_CE4A26A5071E4C9596A658A9AC69B29B_PCD3D_SM5_8__BC5N_NOCCBN_NOIRIS_DEV_SL_PR__E6E025D1C6D353095D4D9428FEC45161DF19EF14.udd" 2278
"C:/Users/yarik/AppData/Local/UnrealEngine/Common/DerivedDataCache/6/5/2/GSM_CE4A26A5071E4C9596A658A9AC69B29B_PCD3D_SM5_8__BC5N_NOCCBN_NOIRIS_DEV_SL_PR__FFAB1916D42AD8AD04830E71330D2304244A4186.udd" 2279
"C:/Users/yarik/AppData/Local/UnrealEngine/Common/DerivedDataCache/6/6/4/GSM_CE4A26A5071E4C9596A658A9AC69B29B_PCD3D_SM5_8__BC5N_NOCCBN_NOIRIS_DEV_SL_PR__441FA6EA99A006EFE8F5CF3A9EEC50CBB39D928D.udd" 2280
"C:/Users/yarik/AppData/Local/UnrealEngine/Common/DerivedDataCache/4/9/8/GSM_CE4A26A5071E4C9596A658A9AC69B29B_PCD3D_SM5_8__BC5N_NOCCBN_NOIRIS_DEV_SL_PR__9181E3375D3A5ABE0719F1084B17F79B9A2E5DC6.udd" 2281
"C:/Users/yarik/AppData/Local/UnrealEngine/Common/DerivedDataCache/1/7/1/GSM_CE4A26A5071E4C9596A658A9AC69B29B_PCD3D_SM5_8__BC5N_NOCCBN_NOIRIS_DEV_SL_PR__987EEE4D86BA26C3CFD46C770175CC7BEB7D4811.udd" 2282
"C:/Users/yarik/AppData/Local/UnrealEngine/Common/DerivedDataCache/7/0/5/GSM_CE4A26A5071E4C9596A658A9AC69B29B_PCD3D_SM5_8__BC5N_NOCCBN_NOIRIS_DEV_SL_PR__0552C8DD928F9F093123C0801220FF5B8335B7DC.udd" 2283
"C:/Users/yarik/AppData/Local/UnrealEngine/Common/DerivedDataCache/3/0/3/GSM_CE4A26A5071E4C9596A658A9AC69B29B_PCD3D_SM5_8__BC5N_NOCCBN_NOIRIS_DEV_SL_PR__8EB19B8AD905546E4D74134D9D47E7BCB8AF03CD.udd" 2284
"C:/Users/yarik/AppData/Local/UnrealEngine/Common/DerivedDataCache/1/5/0/GSM_CE4A26A5071E4C9596A658A9AC69B29B_PCD3D_SM5_8__BC5N_NOCCBN_NOIRIS_DEV_SL_PR__A2BEB6614AB11A9DEC87E74548608802E96A8EB5.udd" 2285
"C:/Users/yarik/AppData/Local/UnrealEngine/Common/DerivedDataCache/7/2/5/GSM_CE4A26A5071E4C9596A658A9AC69B29B_PCD3D_SM5_8__BC5N_NOCCBN_NOIRIS_DEV_SL_PR__D67003418A68DEC4439FB8F9CE768BFDB196A20F.udd" 2286
"C:/Users/yarik/AppData/Local/UnrealEngine/Common/DerivedDataCache/9/6/3/GSM_CE4A26A5071E4C9596A658A9AC69B29B_PCD3D_SM5_8__BC5N_NOCCBN_NOIRIS_DEV_SL_PR__964A4B07ADA1EFE6ABFFACC8E5A7BFEACEAAEDF8.udd" 2287
"C:/Users/yarik/AppData/Local/UnrealEngine/Common/DerivedDataCache/5/4/2/GSM_CE4A26A5071E4C9596A658A9AC69B29B_PCD3D_SM5_8__BC5N_NOCCBN_NOIRIS_DEV_SL_PR__602B18604EDCFC637B46D5003DD7D3146CD1CE10.udd" 2288
"C:/Users/yarik/AppData/Local/UnrealEngine/Common/DerivedDataCache/0/9/6/GSM_CE4A26A5071E4C9596A658A9AC69B29B_PCD3D_SM5_8__BC5N_NOCCBN_NOIRIS_DEV_SL_PR__B00ADCA487666E979D984B876CA0E7D4FCF95221.udd" 2289
"C:/Users/yarik/AppData/Local/UnrealEngine/Common/DerivedDataCache/3/2/4/GSM_CE4A26A5071E4C9596A658A9AC69B29B_PCD3D_SM5_8__BC5N_NOCCBN_NOIRIS_DEV_SL_PR__032061AB76531CE2F76622D20B5B6EA7900C1D53.udd" 2290
"C:/Users/yarik/AppData/Local/UnrealEngine/Common/DerivedDataCache/6/9/2/GSM_CE4A26A5071E4C9596A658A9AC69B29B_PCD3D_SM5_8__BC5N_NOCCBN_NOIRIS_DEV_SL_PR__300ECC7BB3A17F832F430081E7B3EDF90BF13782.udd" 2291
"C:/Users/yarik/AppData/Local/UnrealEngine/Common/DerivedDataCache/1/4/3/GSM_CE4A26A5071E4C9596A658A9AC69B29B_PCD3D_SM5_8__BC5N_NOCCBN_NOIRIS_DEV_SL_PR__1B453DEBEE23261BA940E42A0A1FC0B475C6F10C.udd" 2292
"C:/Users/yarik/AppData/Local/UnrealEngine/Common/DerivedDataCache/3/1/8/GSM_CE4A26A5071E4C9596A658A9AC69B29B_PCD3D_SM5_8__BC5N_NOCCBN_NOIRIS_DEV_SL_PR__A51B739B4990E5BF964A73F7B36472ACF9D56771.udd" 2293
"C:/Users/yarik/AppData/Local/UnrealEngine/Common/DerivedDataCache/4/0/7/GSM_CE4A26A5071E4C9596A658A9AC69B29B_PCD3D_SM5_8__BC5N_NOCCBN_NOIRIS_DEV_SL_PR__75F57A27DBD86B90DB7AED07623B9A3CE0D262B5.udd" 2294
"C:/Users/yarik/AppData/Local/UnrealEngine/Common/DerivedDataCache/5/6/1/GSM_CE4A26A5071E4C9596A658A9AC69B29B_PCD3D_SM5_8__BC5N_NOCCBN_NOIRIS_DEV_SL_PR__9E085E5F4BC836DD67BD63F083B9271479F40305.udd" 2295
"C:/Users/yarik/AppData/Local/UnrealEngine/Common/DerivedDataCache/4/6/4/GSM_CE4A26A5071E4C9596A658A9AC69B29B_PCD3D_SM5_8__BC5N_NOCCBN_NOIRIS_DEV_SL_PR__32786F951E1B805A2870672C8F0872EC356B7A57.udd" 2296
"C:/Users/yarik/AppData/Local/UnrealEngine/Common/DerivedDataCache/2/2/9/GSM_CE4A26A5071E4C9596A658A9AC69B29B_PCD3D_SM5_8__BC5N_NOCCBN_NOIRIS_DEV_SL_PR__601F34387F04C97708EF7F39E1997FCCD61BD635.udd" 2297
"C:/Users/yarik/AppData/Local/UnrealEngine/Common/DerivedDataCache/3/1/3/GSM_CE4A26A5071E4C9596A658A9AC69B29B_PCD3D_SM5_8__BC5N_NOCCBN_NOIRIS_DEV_SL_PR__2316FFAC43BE93A84FADF027D2921C4F173ACC16.udd" 2298
"C:/Users/yarik/AppData/Local/UnrealEngine/Common/DerivedDataCache/3/4/0/GSM_CE4A26A5071E4C9596A658A9AC69B29B_PCD3D_SM5_8__BC5N_NOCCBN_NOIRIS_DEV_SL_PR__EC87F34821E39FA87841A81AD42F261CF2B3847A.udd" 2299
"C:/Users/yarik/AppData/Local/UnrealEngine/Common/DerivedDataCache/4/0/6/GSM_CE4A26A5071E4C9596A658A9AC69B29B_PCD3D_SM5_8__BC5N_NOCCBN_NOIRIS_DEV_SL_PR__57578A8B0AF25246F714525E5B914427DBC73BC8.udd" 2300
"C:/Users/yarik/AppData/Local/UnrealEngine/Common/DerivedDataCache/5/1/9/GSM_CE4A26A5071E4C9596A658A9AC69B29B_PCD3D_SM5_8__BC5N_NOCCBN_NOIRIS_DEV_SL_PR__5CA0C4B7D169B408824D20D233FCF012813AD121.udd" 2301
"C:/Users/yarik/AppData/Local/UnrealEngine/Common/DerivedDataCache/7/1/9/GSM_CE4A26A5071E4C9596A658A9AC69B29B_PCD3D_SM5_8__BC5N_NOCCBN_NOIRIS_DEV_SL_PR__5BF74B4239F7E1061EB4AB3EC32FC8941655EE9D.udd" 2302
"C:/Users/yarik/AppData/Local/UnrealEngine/Common/DerivedDataCache/5/2/0/GSM_CE4A26A5071E4C9596A658A9AC69B29B_PCD3D_SM5_8__BC5N_NOCCBN_NOIRIS_DEV_SL_PR__A5C9799DE12851FCE5E7F82DAD1A8996D312DA48.udd" 2303
"C:/Users/yarik/AppData/Local/UnrealEngine/Common/DerivedDataCache/9/2/7/GSM_CE4A26A5071E4C9596A658A9AC69B29B_PCD3D_SM5_8__BC5N_NOCCBN_NOIRIS_DEV_SL_PR__55E76663B84115E9BF9A653D9E938BE6E9693369.udd" 2304
"C:/Users/yarik/AppData/Local/UnrealEngine/Common/DerivedDataCache/6/4/1/GSM_CE4A26A5071E4C9596A658A9AC69B29B_PCD3D_SM5_8__BC5N_NOCCBN_NOIRIS_DEV_SL_PR__33D95678343D73BEDC1C8116AA4222D60184D9C2.udd" 2305
"C:/Users/yarik/AppData/Local/UnrealEngine/Common/DerivedDataCache/3/3/3/GSM_CE4A26A5071E4C9596A658A9AC69B29B_PCD3D_SM5_8__BC5N_NOCCBN_NOIRIS_DEV_SL_PR__A6DE397C66AD89A2AEB26F372F179F7C99C3E103.udd" 2306
"C:/Users/yarik/AppData/Local/UnrealEngine/Common/DerivedDataCache/7/9/3/GSM_CE4A26A5071E4C9596A658A9AC69B29B_PCD3D_SM5_8__BC5N_NOCCBN_NOIRIS_DEV_SL_PR__ABDB21366AF7F6627C8BC65B5D0857F3539CDBF6.udd" 2307
"C:/Users/yarik/AppData/Local/UnrealEngine/Common/DerivedDataCache/3/0/4/GSM_CE4A26A5071E4C9596A658A9AC69B29B_PCD3D_SM5_8__BC5N_NOCCBN_NOIRIS_DEV_SL_PR__22925392D460C7B3EBD8793C33106F6E6021A4D7.udd" 2308
"C:/Users/yarik/AppData/Local/UnrealEngine/Common/DerivedDataCache/6/7/2/GSM_CE4A26A5071E4C9596A658A9AC69B29B_PCD3D_SM5_8__BC5N_NOCCBN_NOIRIS_DEV_SL_PR__807D7B1D689D7C06E71CB1EB7B486CE9C697308B.udd" 2309
"C:/Users/yarik/AppData/Local/UnrealEngine/Common/DerivedDataCache/2/8/0/GSM_CE4A26A5071E4C9596A658A9AC69B29B_PCD3D_SM5_8__BC5N_NOCCBN_NOIRIS_DEV_SL_PR__FCB3528726ED9D9FF28536DC49FC5B0135DDBC28.udd" 2310
"C:/Users/yarik/AppData/Local/UnrealEngine/Common/DerivedDataCache/5/3/2/GSM_CE4A26A5071E4C9596A658A9AC69B29B_PCD3D_SM5_8__BC5N_NOCCBN_NOIRIS_DEV_SL_PR__EDD1EB7030DE7AC3F41F69824D6676B591803802.udd" 2311
"C:/Users/yarik/AppData/Local/UnrealEngine/Common/DerivedDataCache/2/5/7/GSM_CE4A26A5071E4C9596A658A9AC69B29B_PCD3D_SM5_8__BC5N_NOCCBN_NOIRIS_DEV_SL_PR__1921A6C577E5F6A8411A58E0AB7AA7E3267DE6F1.udd" 2312
"C:/Users/yarik/AppData/Local/UnrealEngine/Common/DerivedDataCache/1/4/2/GSM_CE4A26A5071E4C9596A658A9AC69B29B_PCD3D_SM5_8__BC5N_NOCCBN_NOIRIS_DEV_SL_PR__30A733D26C17F3CCB95725F3144AD42DC0751A8A.udd" 2313
"C:/Users/yarik/AppData/Local/UnrealEngine/Common/DerivedDataCache/1/7/1/GSM_CE4A26A5071E4C9596A658A9AC69B29B_PCD3D_SM5_8__BC5N_NOCCBN_NOIRIS_DEV_SL_PR__52E78EC9B1D340BF4590ACA5A7C0888191F39C14.udd" 2314
"C:/Users/yarik/AppData/Local/UnrealEngine/Common/DerivedDataCache/4/1/2/GSM_CE4A26A5071E4C9596A658A9AC69B29B_PCD3D_SM5_8__BC5N_NOCCBN_NOIRIS_DEV_SL_PR__31E10E8B3BFA4D4A90AD41F855F94408362F499F.udd" 2315
"C:/Users/yarik/AppData/Local/UnrealEngine/Common/DerivedDataCache/4/1/1/GSM_CE4A26A5071E4C9596A658A9AC69B29B_PCD3D_SM5_8__BC5N_NOCCBN_NOIRIS_DEV_SL_PR__B98908F95B02C13CDAC350CE78D4BAECD2B94324.udd" 2316
"C:/Users/yarik/AppData/Local/UnrealEngine/Common/DerivedDataCache/1/7/3/GSM_CE4A26A5071E4C9596A658A9AC69B29B_PCD3D_SM5_8__BC5N_NOCCBN_NOIRIS_DEV_SL_PR__2693CDAEE86B7AE0F68DA061EA3E33023F787945.udd" 2317
"C:/Users/yarik/AppData/Local/UnrealEngine/Common/DerivedDataCache/1/4/0/GSM_CE4A26A5071E4C9596A658A9AC69B29B_PCD3D_SM5_8__BC5N_NOCCBN_NOIRIS_DEV_SL_PR__6BF8265A9F6B29F2E4A15A63524ADA44D1B10CF4.udd" 2318
"C:/Users/yarik/AppData/Local/UnrealEngine/Common/DerivedDataCache/0/0/1/GSM_CE4A26A5071E4C9596A658A9AC69B29B_PCD3D_SM5_8__BC5N_NOCCBN_NOIRIS_DEV_SL_PR__1D5076CD4B2A7F2133B088B365C9EDF685029ABB.udd" 2319
"C:/Users/yarik/AppData/Local/UnrealEngine/Common/DerivedDataCache/3/8/1/GSM_CE4A26A5071E4C9596A658A9AC69B29B_PCD3D_SM5_8__BC5N_NOCCBN_NOIRIS_DEV_SL_PR__29523EEBA6B8F747F04F66C8ED7861DE8C954C24.udd" 2320
"C:/Users/yarik/AppData/Local/UnrealEngine/Common/DerivedDataCache/3/6/7/GSM_CE4A26A5071E4C9596A658A9AC69B29B_PCD3D_SM5_8__BC5N_NOCCBN_NOIRIS_DEV_SL_PR__CD25B6813CB5431066A1C4AAE05BAD1E78035F83.udd" 2321
"C:/Users/yarik/AppData/Local/UnrealEngine/Common/DerivedDataCache/0/7/9/GSM_CE4A26A5071E4C9596A658A9AC69B29B_PCD3D_SM5_8__BC5N_NOCCBN_NOIRIS_DEV_SL_PR__C75E68924B596209B642F0304E2EA6DE419786B8.udd" 2322
"C:/Users/yarik/AppData/Local/UnrealEngine/Common/DerivedDataCache/7/4/6/GSM_CE4A26A5071E4C9596A658A9AC69B29B_PCD3D_SM5_8__BC5N_NOCCBN_NOIRIS_DEV_SL_PR__DBBECCCCCF7938F7DFC086A6E4CCE9FE36117BD3.udd" 2323
"C:/Users/yarik/AppData/Local/UnrealEngine/Common/DerivedDataCache/2/5/1/GSM_CE4A26A5071E4C9596A658A9AC69B29B_PCD3D_SM5_8__BC5N_NOCCBN_NOIRIS_DEV_SL_PR__DA65086CDBA0F4F8BEFDC84104AE6468A74412F8.udd" 2324
"C:/Users/yarik/AppData/Local/UnrealEngine/Common/DerivedDataCache/0/4/3/GSM_CE4A26A5071E4C9596A658A9AC69B29B_PCD3D_SM5_8__BC5N_NOCCBN_NOIRIS_DEV_SL_PR__0015813C65D05185854A5C19E5C930927AAE808A.udd" 2325
"../../../Engine/Content/MobileResources/HUD/DefaultVirtualJoysticks.uasset" 2326
"../../../Engine/Content/MobileResources/HUD/VirtualJoystick_Background.uasset" 2327
"../../../Engine/Content/MobileResources/HUD/VirtualJoystick_Thumb.uasset" 2328
"../../../../../../Users/Yaroslav/OneDrive/Unreal/Unreal Projects/Project/JamProject05/Content/ThirdPersonBP/Blueprints/ThirdPersonGameMode.uasset" 2329
"../../../../../../Users/Yaroslav/OneDrive/Unreal/Unreal Projects/Project/JamProject05/Content/Mannequin/Animations/ThirdPerson_AnimBP.uasset" 2330
"../../../../../../Users/Yaroslav/OneDrive/Unreal/Unreal Projects/Project/JamProject05/Content/Mannequin/Animations/Test5.uasset" 2331
"../../../Engine/Content/Animation/DefaultAnimBoneCompressionSettings.uasset" 2332
"../../../../../../Users/Yaroslav/OneDrive/Unreal/Unreal Projects/Project/JamProject05/Content/Mannequin/Character/Mesh/UE4_Mannequin_Skeleton.uasset" 2333
"../../../../../../Users/Yaroslav/OneDrive/Unreal/Unreal Projects/Project/JamProject05/Content/Mannequin/Animations/ThirdPerson_Jump.uasset" 2334
"../../../../../../Users/Yaroslav/OneDrive/Unreal/Unreal Projects/Project/JamProject05/Content/Mannequin/Animations/ThirdPersonJump_Loop.uasset" 2335
"../../../../../../Users/Yaroslav/OneDrive/Unreal/Unreal Projects/Project/JamProject05/Content/Mannequin/Animations/ThirdPersonJump_Start.uasset" 2336
"../../../../../../Users/Yaroslav/OneDrive/Unreal/Unreal Projects/Project/JamProject05/Content/Mannequin/Animations/ThirdPerson_IdleRun_2D.uasset" 2337
"../../../../../../Users/Yaroslav/OneDrive/Unreal/Unreal Projects/Project/JamProject05/Content/Mannequin/Animations/ThirdPersonIdle.uasset" 2338
"../../../../../../Users/Yaroslav/OneDrive/Unreal/Unreal Projects/Project/JamProject05/Content/Mannequin/Animations/ThirdPersonRun.uasset" 2339
"../../../../../../Users/Yaroslav/OneDrive/Unreal/Unreal Projects/Project/JamProject05/Content/Mannequin/Animations/ThirdPersonWalk.uasset" 2340
"../../../Engine/Content/EditorBlueprintResources/StandardMacros.uasset" 2341
"../../../../../../Users/Yaroslav/OneDrive/Unreal/Unreal Projects/Project/JamProject05/Content/StarterContent/Props/Materials/M_Rock.uasset" 2342
"../../../Engine/Content/Functions/Engine_MaterialFunctions02/Utility/BlendAngleCorrectedNormals.uasset" 2343
"../../../../../../Users/Yaroslav/OneDrive/Unreal/Unreal Projects/Project/JamProject05/Content/StarterContent/Textures/T_Detail_Rocky_N.uasset" 2344
"../../../../../../Users/Yaroslav/OneDrive/Unreal/Unreal Projects/Project/JamProject05/Content/StarterContent/Textures/T_Rock_Basalt_D.uasset" 2345
"../../../../../../Users/Yaroslav/OneDrive/Unreal/Unreal Projects/Project/JamProject05/Content/StarterContent/Textures/T_RockMesh_M.uasset" 2346
"../../../../../../Users/Yaroslav/OneDrive/Unreal/Unreal Projects/Project/JamProject05/Content/StarterContent/Textures/T_RockMesh_N.uasset" 2347
"../../../../../../Users/Yaroslav/OneDrive/Unreal/Unreal Projects/Project/JamProject05/Content/Man/Mesh/Full/SK_Man_Full_01.uasset" 2348
"../../../../../../Users/Yaroslav/OneDrive/Unreal/Unreal Projects/Project/JamProject05/Content/Man/Materials/M_MAn_Body.uasset" 2349
"../../../../../../Users/Yaroslav/OneDrive/Unreal/Unreal Projects/Project/JamProject05/Content/Man/Textures/Body/T_Man_Body_Albedo.uasset" 2350
"../../../../../../Users/Yaroslav/OneDrive/Unreal/Unreal Projects/Project/JamProject05/Content/Man/Textures/Body/T_Man_Body_Ao.uasset" 2351
"../../../../../../Users/Yaroslav/OneDrive/Unreal/Unreal Projects/Project/JamProject05/Content/Man/Textures/Body/T_Man_Body_Metallic.uasset" 2352
"../../../../../../Users/Yaroslav/OneDrive/Unreal/Unreal Projects/Project/JamProject05/Content/Man/Textures/Body/T_Man_Body_Normals.uasset" 2353
"../../../../../../Users/Yaroslav/OneDrive/Unreal/Unreal Projects/Project/JamProject05/Content/Man/Mesh/Full/SK_Man_Full_01_PhysicsAsset.uasset" 2354
"../../../../../../Users/Yaroslav/OneDrive/Unreal/Unreal Projects/Project/JamProject05/Content/Meshes/Skelly.uasset" 2355
"../../../../../../Users/Yaroslav/OneDrive/Unreal/Unreal Projects/Project/JamProject05/Content/ModularSkeletonArmy/CharacterParts_Skeleton/Materials/Skeleton/MI_caster_bags_darken.uasset" 2356
"../../../../../../Users/Yaroslav/OneDrive/Unreal/Unreal Projects/Project/JamProject05/Content/ModularSkeletonArmy/Base/Materials/MI_Base_GlobalTint.uasset" 2357
"../../../../../../Users/Yaroslav/OneDrive/Unreal/Unreal Projects/Project/JamProject05/Content/ModularSkeletonArmy/Base/Materials/M_Base.uasset" 2358
"../../../Engine/Content/Functions/Engine_MaterialFunctions01/Texturing/ScaleUVsByCenter.uasset" 2359
"../../../Engine/Content/Functions/Engine_MaterialFunctions02/Texturing/CustomRotator.uasset" 2360
"../../../../../../Users/Yaroslav/OneDrive/Unreal/Unreal Projects/Project/JamProject05/Content/ModularSkeletonArmy/Base/Materials/MaterialFunctions/MF_RGBA_Multiplier.uasset" 2361
"../../../../../../Users/Yaroslav/OneDrive/Unreal/Unreal Projects/Project/JamProject05/Content/ModularSkeletonArmy/Base/Textures/Demotextures/T_RGBA_Mask_NoTint.uasset" 2362
"../../../../../../Users/Yaroslav/OneDrive/Unreal/Unreal Projects/Project/JamProject05/Content/ModularSkeletonArmy/Base/Materials/MaterialFunctions/MF_RGBA_PatternBlend.uasset" 2363
"../../../Engine/Content/EngineMaterials/FlatNormal.uasset" 2364
"../../../../../../Users/Yaroslav/OneDrive/Unreal/Unreal Projects/Project/JamProject05/Content/ModularSkeletonArmy/Base/Textures/Logo/T_polyphoria_logo.uasset" 2365
"../../../../../../Users/Yaroslav/OneDrive/Unreal/Unreal Projects/Project/JamProject05/Content/ModularSkeletonArmy/CharacterParts_Skeleton/Textures/Skeleton/T_skeleton_base_ID.uasset" 2366
"../../../../../../Users/Yaroslav/OneDrive/Unreal/Unreal Projects/Project/JamProject05/Content/ModularSkeletonArmy/Base/Materials/MaterialFunctions/MF_RGBA_Tint.uasset" 2367
"../../../../../../Users/Yaroslav/OneDrive/Unreal/Unreal Projects/Project/JamProject05/Content/ModularSkeletonArmy/CharacterParts_Skeleton/Textures/Skeleton/T_skeleton_base_D.uasset" 2368
"../../../../../../Users/Yaroslav/OneDrive/Unreal/Unreal Projects/Project/JamProject05/Content/ModularSkeletonArmy/CharacterParts_Skeleton/Textures/Skeleton/T_skeleton_base_N.uasset" 2369
"../../../../../../Users/Yaroslav/OneDrive/Unreal/Unreal Projects/Project/JamProject05/Content/ModularSkeletonArmy/CharacterParts_Skeleton/Textures/Skeleton/T_skeleton_base_ORM.uasset" 2370
"../../../../../../Users/Yaroslav/OneDrive/Unreal/Unreal Projects/Project/JamProject05/Content/ModularSkeletonArmy/CharacterParts_Skeleton/Textures/Accessories/T_pouches_access_D.uasset" 2371
"../../../../../../Users/Yaroslav/OneDrive/Unreal/Unreal Projects/Project/JamProject05/Content/ModularSkeletonArmy/CharacterParts_Skeleton/Textures/Accessories/T_pouches_access_ID.uasset" 2372
"../../../../../../Users/Yaroslav/OneDrive/Unreal/Unreal Projects/Project/JamProject05/Content/ModularSkeletonArmy/CharacterParts_Skeleton/Textures/Accessories/T_pouches_access_N.uasset" 2373
"../../../../../../Users/Yaroslav/OneDrive/Unreal/Unreal Projects/Project/JamProject05/Content/ModularSkeletonArmy/CharacterParts_Skeleton/Textures/Accessories/T_pouches_access_ORM.uasset" 2374
"../../../../../../Users/Yaroslav/OneDrive/Unreal/Unreal Projects/Project/JamProject05/Content/ModularSkeletonArmy/CharacterParts_Skeleton/Materials/Skeleton/MI_skeleton_dress_02.uasset" 2375
"../../../../../../Users/Yaroslav/OneDrive/Unreal/Unreal Projects/Project/JamProject05/Content/ModularSkeletonArmy/CharacterParts_Skeleton/Textures/Skeleton/T_skeleton_Hood_D.uasset" 2376
"../../../../../../Users/Yaroslav/OneDrive/Unreal/Unreal Projects/Project/JamProject05/Content/ModularSkeletonArmy/CharacterParts_Skeleton/Textures/Skeleton/T_skeleton_Hood_ID.uasset" 2377
"../../../../../../Users/Yaroslav/OneDrive/Unreal/Unreal Projects/Project/JamProject05/Content/ModularSkeletonArmy/CharacterParts_Skeleton/Textures/Skeleton/T_skeleton_Hood_N.uasset" 2378
"../../../../../../Users/Yaroslav/OneDrive/Unreal/Unreal Projects/Project/JamProject05/Content/ModularSkeletonArmy/CharacterParts_Skeleton/Textures/Skeleton/T_skeleton_Hood_ORM.uasset" 2379
"../../../../../../Users/Yaroslav/OneDrive/Unreal/Unreal Projects/Project/JamProject05/Content/ModularSkeletonArmy/CharacterParts_Skeleton/Materials/Skeleton/MI_skelly_dress_01.uasset" 2380
"../../../../../../Users/Yaroslav/OneDrive/Unreal/Unreal Projects/Project/JamProject05/Content/ModularSkeletonArmy/Base/Materials/MI_BaseComplex_GlobalTint.uasset" 2381
"../../../../../../Users/Yaroslav/OneDrive/Unreal/Unreal Projects/Project/JamProject05/Content/ModularSkeletonArmy/Base/Materials/M_BaseComplex.uasset" 2382
"../../../../../../Users/Yaroslav/OneDrive/Unreal/Unreal Projects/Project/JamProject05/Content/ModularSkeletonArmy/Base/Materials/MaterialFunctions/MF_RGBYMCA_Multiplier.uasset" 2383
"../../../../../../Users/Yaroslav/OneDrive/Unreal/Unreal Projects/Project/JamProject05/Content/ModularSkeletonArmy/Base/Materials/MaterialFunctions/MF_RGBYMCA_Tint.uasset" 2384
"../../../../../../Users/Yaroslav/OneDrive/Unreal/Unreal Projects/Project/JamProject05/Content/ModularSkeletonArmy/CharacterParts_Skeleton/Textures/Dress/T_skelly_dress_base_D.uasset" 2385
"../../../../../../Users/Yaroslav/OneDrive/Unreal/Unreal Projects/Project/JamProject05/Content/ModularSkeletonArmy/CharacterParts_Skeleton/Textures/Dress/T_skelly_dress_base_ID.uasset" 2386
"../../../../../../Users/Yaroslav/OneDrive/Unreal/Unreal Projects/Project/JamProject05/Content/ModularSkeletonArmy/CharacterParts_Skeleton/Textures/Dress/T_skelly_dress_base_N.uasset" 2387
"../../../../../../Users/Yaroslav/OneDrive/Unreal/Unreal Projects/Project/JamProject05/Content/ModularSkeletonArmy/CharacterParts_Skeleton/Textures/Dress/T_skelly_dress_base_ORM.uasset" 2388
"../../../../../../Users/Yaroslav/OneDrive/Unreal/Unreal Projects/Project/JamProject05/Content/UI/WBP_HUD.uasset" 2389
"../../../../../../Users/Yaroslav/OneDrive/Unreal/Unreal Projects/Project/JamProject05/Content/UI/WBP_Stamina.uasset" 2390
"C:/Users/yarik/AppData/Local/UnrealEngine/Common/DerivedDataCache/4/7/7/SKELETALMESH_BAD8180EFB1543D79AA1D10F3F5945A2_F541D605FF4426A6441AB4964CAD09F7__700336916E29021A1C6E7A7E60BB64E18E764474.udd" 2391
"C:/Users/yarik/AppData/Local/UnrealEngine/Common/DerivedDataCache/9/4/8/MATSM_EEC7EF19B1AF435984C9604C80FF9350_PCD3D_SM5_8__BC5N_NOCCBN_NOIRIS_DEV_SL___4B3C35D747145CE7BF458CFE872AD751F06E13C7.udd" 2392
"C:/Users/yarik/AppData/Local/UnrealEngine/Common/DerivedDataCache/5/3/4/STATICMESH_F9378A28F161444987BACE79B2590E57_228332BAE0224DD294E232B87D83948FQU__1E2833C7478CE79DE5B74123C3183BED5374210A.udd" 2393
"C:/Users/yarik/AppData/Local/UnrealEngine/Common/DerivedDataCache/9/0/0/NAVCOLLISION_2EE6412E1E884D1AAA7F79FF760363BC_NAVCOLLISION_X_B8BAB86A4172AEEDF__07D0A696EC9831CBBC4D6227728B764660B057F5.udd" 2394
"C:/Users/yarik/AppData/Local/UnrealEngine/Common/DerivedDataCache/6/1/8/PHYSX_A08609EF508D460CBB6710540B03AACF_PHYSXPC_B8BAB86A4172AEEDF59F6C9B65D0157__200A2F57939F9F0E7E8C206F60D76FD32541EC89.udd" 2395
"C:/Users/yarik/AppData/Local/UnrealEngine/Common/DerivedDataCache/7/9/1/ANIMSEQ_D8E26604610C43A4A2DCB8A690657705_0_F72F63EB6E8B2E264211459A650F0F8760E__655DB7DDBD80B4169D726FBB2111CB5387CA79F2.udd" 2396
"C:/Users/yarik/AppData/Local/UnrealEngine/Common/DerivedDataCache/7/6/6/TEXTURE_564290F8998644E39A2118D5C683187B_AUTODXT_583049A8433BC745A9826599BBC53__EC98BB07E45974A6B37A04E853C447754F1EBAE0.udd" 2397
"C:/Users/yarik/AppData/Local/UnrealEngine/Common/DerivedDataCache/8/4/7/TEXTURE_564290F8998644E39A2118D5C683187B_AUTODXT_583049A8433BC745A9826599BBC53__C5E0E3259B73D1581E4888AEACBFE32652663848.udd" 2398
"C:/Users/yarik/AppData/Local/UnrealEngine/Common/DerivedDataCache/6/6/4/TEXTURE_564290F8998644E39A2118D5C683187B_AUTODXT_583049A8433BC745A9826599BBC53__407A2A665D30E21DB03EFB9F85D75E95FB968536.udd" 2399
"C:/Users/yarik/AppData/Local/UnrealEngine/Common/DerivedDataCache/6/1/3/TEXTURE_564290F8998644E39A2118D5C683187B_AUTODXT_583049A8433BC745A9826599BBC53__E6351474D62C691B757F92614D273F8A520DB8D7.udd" 2400
"C:/Users/yarik/AppData/Local/UnrealEngine/Common/DerivedDataCache/9/7/7/TEXTURE_564290F8998644E39A2118D5C683187B_AUTODXT_583049A8433BC745A9826599BBC53__54EE739B63C0842C52840840804DA163FBCF5464.udd" 2401
"C:/Users/yarik/AppData/Local/UnrealEngine/Common/DerivedDataCache/2/4/3/TEXTURE_564290F8998644E39A2118D5C683187B_AUTODXT_583049A8433BC745A9826599BBC53__8D75D5168C07B2740FD6CDE01F4C035FE251CE0D.udd" 2402
"C:/Users/yarik/AppData/Local/UnrealEngine/Common/DerivedDataCache/2/3/3/TEXTURE_564290F8998644E39A2118D5C683187B_AUTODXT_D82D85614CD9CB3802A0098D07E67__4A96AE2A9A3E1C33A7C6B64C63A9E6297DAEB072.udd" 2403
"C:/Users/yarik/AppData/Local/UnrealEngine/Common/DerivedDataCache/7/9/0/TEXTURE_564290F8998644E39A2118D5C683187B_BC5_090891E343FF52931229F89F99168148___C216B66998BFC4F64582F900C37EA394E027EDA0.udd" 2404
"C:/Users/yarik/AppData/Local/UnrealEngine/Common/DerivedDataCache/6/6/0/TEXTURE_564290F8998644E39A2118D5C683187B_AUTODXT_D82D85614CD9CB3802A0098D07E67__2FCFDB75DCC54951DD46EA4625BA071C1253788E.udd" 2405
"C:/Users/yarik/AppData/Local/UnrealEngine/Common/DerivedDataCache/8/0/2/TEXTURE_564290F8998644E39A2118D5C683187B_AUTODXT_D82D85614CD9CB3802A0098D07E67__FC660A0FF98A746812F84B5E9A6DB6F8E71C045F.udd" 2406
"C:/Users/yarik/AppData/Local/UnrealEngine/Common/DerivedDataCache/9/1/4/TEXTURE_564290F8998644E39A2118D5C683187B_AUTODXT_D82D85614CD9CB3802A0098D07E67__D159FB28C7E4EC67F6EFD13EA909D8A3D4D809EE.udd" 2407
"C:/Users/yarik/AppData/Local/UnrealEngine/Common/DerivedDataCache/0/6/4/TEXTURE_564290F8998644E39A2118D5C683187B_AUTODXT_D82D85614CD9CB3802A0098D07E67__A2EBABC698F58F9EF3F2C9383BA6650B83724A02.udd" 2408
"C:/Users/yarik/AppData/Local/UnrealEngine/Common/DerivedDataCache/8/1/2/TEXTURE_564290F8998644E39A2118D5C683187B_AUTODXT_D82D85614CD9CB3802A0098D07E67__144DAB3693E77787449B208F6CBF232AA6230771.udd" 2409
"C:/Users/yarik/AppData/Local/UnrealEngine/Common/DerivedDataCache/9/3/8/TEXTURE_564290F8998644E39A2118D5C683187B_BC5_090891E343FF52931229F89F99168148___BE202F13B0D6AB9F68744F2F41E53F9814B47761.udd" 2410
"C:/Users/yarik/AppData/Local/UnrealEngine/Common/DerivedDataCache/5/1/7/TEXTURE_564290F8998644E39A2118D5C683187B_BC5_090891E343FF52931229F89F99168148___2D35EEA0DFE5F73751A0F02115DB62515DA6B44C.udd" 2411
"C:/Users/yarik/AppData/Local/UnrealEngine/Common/DerivedDataCache/7/8/1/TEXTURE_564290F8998644E39A2118D5C683187B_BC5_090891E343FF52931229F89F99168148___D1F4A55A9815012A8EDFDDE78D4797EEBDAF988E.udd" 2412
"C:/Users/yarik/AppData/Local/UnrealEngine/Common/DerivedDataCache/8/1/4/TEXTURE_564290F8998644E39A2118D5C683187B_BC5_090891E343FF52931229F89F99168148___1706D80901ABAD407AC5C3335164915F002D621A.udd" 2413
"C:/Users/yarik/AppData/Local/UnrealEngine/Common/DerivedDataCache/1/0/5/TEXTURE_564290F8998644E39A2118D5C683187B_BC5_090891E343FF52931229F89F99168148___2FD021D517736859D2455B1D29D9271CD3FC8539.udd" 2414
"C:/Users/yarik/AppData/Local/UnrealEngine/Common/DerivedDataCache/6/2/9/TEXTURE_564290F8998644E39A2118D5C683187B_AUTODXT_B2B356454F752E983050A59878764__44C3BF9806DEC53D6F789CC2C09D87EAF5913809.udd" 2415
"C:/Users/yarik/AppData/Local/UnrealEngine/Common/DerivedDataCache/2/2/6/TEXTURE_564290F8998644E39A2118D5C683187B_AUTODXT_B2B356454F752E983050A59878764__C7BFB1279F9F38ECA9E8464BF93BCCF8DC9449FE.udd" 2416
"C:/Users/yarik/AppData/Local/UnrealEngine/Common/DerivedDataCache/8/2/6/TEXTURE_564290F8998644E39A2118D5C683187B_AUTODXT_B2B356454F752E983050A59878764__A2500F37E3461A2D9779AB8FB7B31654A1719C62.udd" 2417
"C:/Users/yarik/AppData/Local/UnrealEngine/Common/DerivedDataCache/2/5/6/TEXTURE_564290F8998644E39A2118D5C683187B_AUTODXT_B2B356454F752E983050A59878764__17B33A52126B21454CE031C5F4A93D7465B32F09.udd" 2418
"C:/Users/yarik/AppData/Local/UnrealEngine/Common/DerivedDataCache/0/6/6/TEXTURE_564290F8998644E39A2118D5C683187B_AUTODXT_B2B356454F752E983050A59878764__2B0F460F57703368D2555103C0730966F0D7264D.udd" 2419
"C:/Users/yarik/AppData/Local/UnrealEngine/Common/DerivedDataCache/1/8/1/TEXTURE_564290F8998644E39A2118D5C683187B_AUTODXT_B2B356454F752E983050A59878764__25B5000EADC834B6E208F3B11B3221CDC1AF87B6.udd" 2420
"C:/Users/yarik/AppData/Local/UnrealEngine/Common/DerivedDataCache/1/1/4/TEXTURE_564290F8998644E39A2118D5C683187B_AUTODXT_EE16E4E04D41FE62BAB99B9E20955__C1D12F5F499F5BC1DB9BF27547614504BAFB888E.udd" 2421
"C:/Users/yarik/AppData/Local/UnrealEngine/Common/DerivedDataCache/9/6/8/TEXTURE_564290F8998644E39A2118D5C683187B_AUTODXT_EE16E4E04D41FE62BAB99B9E20955__DA6A63FC0CD2E98409CCFC3EAFBF43A827E88188.udd" 2422
"C:/Users/yarik/AppData/Local/UnrealEngine/Common/DerivedDataCache/5/4/6/TEXTURE_564290F8998644E39A2118D5C683187B_AUTODXT_EE16E4E04D41FE62BAB99B9E20955__BB405A0E7B61EB145E1F642865F244CFAB6C9C37.udd" 2423
"C:/Users/yarik/AppData/Local/UnrealEngine/Common/DerivedDataCache/8/7/5/TEXTURE_564290F8998644E39A2118D5C683187B_AUTODXT_EE16E4E04D41FE62BAB99B9E20955__F6F0B4C94F0F26260B419CBFDB34B8F87CEE3400.udd" 2424
"C:/Users/yarik/AppData/Local/UnrealEngine/Common/DerivedDataCache/1/1/0/TEXTURE_564290F8998644E39A2118D5C683187B_AUTODXT_EE16E4E04D41FE62BAB99B9E20955__944339D406EACDD1A985D283EEB3462545EE18E7.udd" 2425
"C:/Users/yarik/AppData/Local/UnrealEngine/Common/DerivedDataCache/1/2/3/TEXTURE_564290F8998644E39A2118D5C683187B_AUTODXT_EE16E4E04D41FE62BAB99B9E20955__5BC9B55D8E5984CE27BA3E181FC258CDA4765FA2.udd" 2426
"C:/Users/yarik/AppData/Local/UnrealEngine/Common/DerivedDataCache/9/0/2/TEXTURE_564290F8998644E39A2118D5C683187B_AUTODXT_844CEA81414EA2DE7CE67EB791365__66CC59C8BA82F66115712674755F28E071436EA4.udd" 2427
"C:/Users/yarik/AppData/Local/UnrealEngine/Common/DerivedDataCache/4/0/3/TEXTURE_564290F8998644E39A2118D5C683187B_BC5_B0BBCD4E4DBB81853C289D925D0506E2___C1A5D41C92BF6D6525BA883F63A1C5CA9263368C.udd" 2428
"C:/Users/yarik/AppData/Local/UnrealEngine/Common/DerivedDataCache/5/5/7/TEXTURE_564290F8998644E39A2118D5C683187B_AUTODXT_844CEA81414EA2DE7CE67EB791365__C31526F07EC7B79DDC140761C9B468FBAFC0651C.udd" 2429
"C:/Users/yarik/AppData/Local/UnrealEngine/Common/DerivedDataCache/6/5/0/TEXTURE_564290F8998644E39A2118D5C683187B_AUTODXT_415EE2B04D7015330C35739F8D5CA__EA98324E4ADDADEA57954BFB3814683F793D2AD2.udd" 2430
"C:/Users/yarik/AppData/Local/UnrealEngine/Common/DerivedDataCache/3/7/7/TEXTURE_564290F8998644E39A2118D5C683187B_AUTODXT_844CEA81414EA2DE7CE67EB791365__B63BA5F44ACD917384C86C998E502BA0819B7751.udd" 2431
"C:/Users/yarik/AppData/Local/UnrealEngine/Common/DerivedDataCache/0/4/0/TEXTURE_564290F8998644E39A2118D5C683187B_AUTODXT_13970E8B46A77C56D1E787838C767__C934496D2D4FE14F16318DCE490D694F03666D3D.udd" 2432
"C:/Users/yarik/AppData/Local/UnrealEngine/Common/DerivedDataCache/6/1/0/TEXTURE_564290F8998644E39A2118D5C683187B_AUTODXT_415EE2B04D7015330C35739F8D5CA__8D72A70C78A051C409F25687B4D80030180B7EB1.udd" 2433
"C:/Users/yarik/AppData/Local/UnrealEngine/Common/DerivedDataCache/4/6/5/TEXTURE_564290F8998644E39A2118D5C683187B_AUTODXT_844CEA81414EA2DE7CE67EB791365__73972FDD3C9BC39182276F137EE339B0F0E4807A.udd" 2434
"C:/Users/yarik/AppData/Local/UnrealEngine/Common/DerivedDataCache/0/7/2/TEXTURE_564290F8998644E39A2118D5C683187B_AUTODXT_844CEA81414EA2DE7CE67EB791365__151FB19D5E87977AA7C3C64177A0C4A48B9DEDE7.udd" 2435
"C:/Users/yarik/AppData/Local/UnrealEngine/Common/DerivedDataCache/9/6/8/TEXTURE_564290F8998644E39A2118D5C683187B_AUTODXT_844CEA81414EA2DE7CE67EB791365__B09BC1CFC75E04BA3206AC08D7C784E6598B3032.udd" 2436
"C:/Users/yarik/AppData/Local/UnrealEngine/Common/DerivedDataCache/9/8/0/TEXTURE_564290F8998644E39A2118D5C683187B_AUTODXT_13970E8B46A77C56D1E787838C767__A85AFC3CDB947550EDBF73DCA70B0FC2EF3FD198.udd" 2437
"C:/Users/yarik/AppData/Local/UnrealEngine/Common/DerivedDataCache/6/3/4/TEXTURE_564290F8998644E39A2118D5C683187B_AUTODXT_415EE2B04D7015330C35739F8D5CA__15144737454DAD9F873AA73248452DD4B0003B56.udd" 2438
"C:/Users/yarik/AppData/Local/UnrealEngine/Common/DerivedDataCache/7/5/5/TEXTURE_564290F8998644E39A2118D5C683187B_AUTODXT_AE422C8C44B7B745140053856D826__ECF913DC5DD8B52D1FD789E8820F4A9FED36C5C7.udd" 2439
"C:/Users/yarik/AppData/Local/UnrealEngine/Common/DerivedDataCache/7/4/2/TEXTURE_564290F8998644E39A2118D5C683187B_AUTODXT_F8085A274BE0DD2275E075A1EE02E__BD88AE602F7C251EE79CF1D04391DAD3E887F675.udd" 2440
"C:/Users/yarik/AppData/Local/UnrealEngine/Common/DerivedDataCache/4/7/4/TEXTURE_564290F8998644E39A2118D5C683187B_AUTODXT_415EE2B04D7015330C35739F8D5CA__12935173B9EA7C4E19EFE798E3692507433C9611.udd" 2441
"C:/Users/yarik/AppData/Local/UnrealEngine/Common/DerivedDataCache/8/3/6/TEXTURE_564290F8998644E39A2118D5C683187B_AUTODXT_AE422C8C44B7B745140053856D826__CE04CBB221056535FF2C08CFFE5DE8375C843A36.udd" 2442
"C:/Users/yarik/AppData/Local/UnrealEngine/Common/DerivedDataCache/6/3/9/TEXTURE_564290F8998644E39A2118D5C683187B_AUTODXT_415EE2B04D7015330C35739F8D5CA__73062CB138DF00B48F92E78CD315B07EC8E03DDD.udd" 2443
"C:/Users/yarik/AppData/Local/UnrealEngine/Common/DerivedDataCache/5/1/2/TEXTURE_564290F8998644E39A2118D5C683187B_AUTODXT_13970E8B46A77C56D1E787838C767__1B0995DBB4176AE147C7C0D997A0BA8F67BCA89D.udd" 2444
"C:/Users/yarik/AppData/Local/UnrealEngine/Common/DerivedDataCache/9/9/5/TEXTURE_564290F8998644E39A2118D5C683187B_AUTODXT_13970E8B46A77C56D1E787838C767__ACBF78035120BBDF4F7F44378B5BE057BBFA9ECB.udd" 2445
"C:/Users/yarik/AppData/Local/UnrealEngine/Common/DerivedDataCache/2/4/5/TEXTURE_564290F8998644E39A2118D5C683187B_BC5_B0BBCD4E4DBB81853C289D925D0506E2___761D22E887AAB9DF1DD42177DC43DC70DE872ACA.udd" 2446
"C:/Users/yarik/AppData/Local/UnrealEngine/Common/DerivedDataCache/5/0/3/TEXTURE_564290F8998644E39A2118D5C683187B_AUTODXT_13970E8B46A77C56D1E787838C767__3C1B5FF61BC97B9B5EF60123B7EEE3B11ECB6FEB.udd" 2447
"C:/Users/yarik/AppData/Local/UnrealEngine/Common/DerivedDataCache/3/8/2/TEXTURE_564290F8998644E39A2118D5C683187B_AUTODXT_415EE2B04D7015330C35739F8D5CA__55FE27DF068F0E221858E6F8454E589947B7A603.udd" 2448
"C:/Users/yarik/AppData/Local/UnrealEngine/Common/DerivedDataCache/0/7/2/TEXTURE_564290F8998644E39A2118D5C683187B_AUTODXT_AE422C8C44B7B745140053856D826__470EF6FEBD5C8FF1BA2262BC7585B43296532D18.udd" 2449
"C:/Users/yarik/AppData/Local/UnrealEngine/Common/DerivedDataCache/5/6/0/TEXTURE_564290F8998644E39A2118D5C683187B_AUTODXT_AE422C8C44B7B745140053856D826__625DA711B8B0F12978A733DDE59D2D8AFCDF4749.udd" 2450
"C:/Users/yarik/AppData/Local/UnrealEngine/Common/DerivedDataCache/3/4/7/TEXTURE_564290F8998644E39A2118D5C683187B_AUTODXT_AE422C8C44B7B745140053856D826__D0FD356E6853BC12810D51EA74AA0B55AE91589A.udd" 2451
"C:/Users/yarik/AppData/Local/UnrealEngine/Common/DerivedDataCache/4/1/9/TEXTURE_564290F8998644E39A2118D5C683187B_AUTODXT_AE422C8C44B7B745140053856D826__4A499464B6A07C142CE1C7F200E65226410E292C.udd" 2452
"C:/Users/yarik/AppData/Local/UnrealEngine/Common/DerivedDataCache/1/6/1/TEXTURE_564290F8998644E39A2118D5C683187B_BC5_B0BBCD4E4DBB81853C289D925D0506E2___4972DEA8917ADD7E0A674C495C6F7F35899C1CCD.udd" 2453
"C:/Users/yarik/AppData/Local/UnrealEngine/Common/DerivedDataCache/0/7/4/TEXTURE_564290F8998644E39A2118D5C683187B_BC5_B0BBCD4E4DBB81853C289D925D0506E2___95E6E02CBAA4ABEAD9599E578FDF215B1A7C62CF.udd" 2454
"C:/Users/yarik/AppData/Local/UnrealEngine/Common/DerivedDataCache/2/8/7/TEXTURE_564290F8998644E39A2118D5C683187B_BC5_B0BBCD4E4DBB81853C289D925D0506E2___04EBF98B04A856EB516AF2F676A81B427D125EF7.udd" 2455
"C:/Users/yarik/AppData/Local/UnrealEngine/Common/DerivedDataCache/9/7/3/TEXTURE_564290F8998644E39A2118D5C683187B_BC5_B0BBCD4E4DBB81853C289D925D0506E2___1C5D8A6918A11A9656EA073A954F945DCE6C297E.udd" 2456
"C:/Users/yarik/AppData/Local/UnrealEngine/Common/DerivedDataCache/2/1/7/MATSM_EEC7EF19B1AF435984C9604C80FF9350_PCD3D_SM5_8__BC5N_NOCCBN_NOIRIS_DEV_SL___F7E67C7A342FD57E9C1AF9A1AD88C70CE5E4100B.udd" 2457
"C:/Users/yarik/AppData/Local/UnrealEngine/Common/DerivedDataCache/7/8/0/TEXTURE_564290F8998644E39A2118D5C683187B_BC5_18EBE6894D80137AD7EF89A042977E4D___5B07D086970F7FD5750DCD1380E7AF47A60130E8.udd" 2458
"C:/Users/yarik/AppData/Local/UnrealEngine/Common/DerivedDataCache/3/8/8/TEXTURE_564290F8998644E39A2118D5C683187B_BC5_18EBE6894D80137AD7EF89A042977E4D___EC739C867045252C76C5035B7632F1E817F49A63.udd" 2459
"C:/Users/yarik/AppData/Local/UnrealEngine/Common/DerivedDataCache/4/4/7/TEXTURE_564290F8998644E39A2118D5C683187B_BC5_18EBE6894D80137AD7EF89A042977E4D___A322554041D6FAEB3971D2C79D6D022DAE5F515D.udd" 2460
"C:/Users/yarik/AppData/Local/UnrealEngine/Common/DerivedDataCache/3/9/7/TEXTURE_564290F8998644E39A2118D5C683187B_BC5_18EBE6894D80137AD7EF89A042977E4D___28197712867C31C7746FA7C2E81FC4D9FF25F544.udd" 2461
"C:/Users/yarik/AppData/Local/UnrealEngine/Common/DerivedDataCache/5/4/5/TEXTURE_564290F8998644E39A2118D5C683187B_BC5_18EBE6894D80137AD7EF89A042977E4D___82AF4F4AAF3AFB2258A6E14CCE3AC28FA02B6B07.udd" 2462
"C:/Users/yarik/AppData/Local/UnrealEngine/Common/DerivedDataCache/7/2/5/TEXTURE_564290F8998644E39A2118D5C683187B_BC5_18EBE6894D80137AD7EF89A042977E4D___7126AD8D76CD07E7583D8DDF513A24BB74F1809C.udd" 2463
"C:/Users/yarik/AppData/Local/UnrealEngine/Common/DerivedDataCache/3/9/3/TEXTURE_564290F8998644E39A2118D5C683187B_BC5_18EBE6894D80137AD7EF89A042977E4D___7B9D6136D55F3FF27C85CAE64524FE455D36F27B.udd" 2464
"C:/Users/yarik/AppData/Local/UnrealEngine/Common/DerivedDataCache/0/1/8/TEXTURE_564290F8998644E39A2118D5C683187B_AUTODXT_0C2FC2DC4BA05FE98C6205806DC5A__70608CC3C72638A55E822786C15F4EF06805EF2E.udd" 2465
"C:/Users/yarik/AppData/Local/UnrealEngine/Common/DerivedDataCache/1/7/7/TEXTURE_564290F8998644E39A2118D5C683187B_AUTODXT_0C2FC2DC4BA05FE98C6205806DC5A__ED8E3C1006D22889605E4C4A95D1E75A60396823.udd" 2466
"C:/Users/yarik/AppData/Local/UnrealEngine/Common/DerivedDataCache/2/0/2/TEXTURE_564290F8998644E39A2118D5C683187B_AUTODXT_0C2FC2DC4BA05FE98C6205806DC5A__8B449C8BF8542160A4AB17F112105CA50B97B552.udd" 2467
"C:/Users/yarik/AppData/Local/UnrealEngine/Common/DerivedDataCache/0/4/4/TEXTURE_564290F8998644E39A2118D5C683187B_AUTODXT_0C2FC2DC4BA05FE98C6205806DC5A__ADABA02BC4BDD497CEC01295D0405A5215DAC239.udd" 2468
"C:/Users/yarik/AppData/Local/UnrealEngine/Common/DerivedDataCache/5/5/2/TEXTURE_564290F8998644E39A2118D5C683187B_AUTODXT_0C2FC2DC4BA05FE98C6205806DC5A__A1495934556CCC5EECCE9B9889357F019C5B716D.udd" 2469
"C:/Users/yarik/AppData/Local/UnrealEngine/Common/DerivedDataCache/0/1/6/TEXTURE_564290F8998644E39A2118D5C683187B_AUTODXT_0C2FC2DC4BA05FE98C6205806DC5A__F1D50FACAE69CD45F0D0CDA9088E6463DFCA3745.udd" 2470
"C:/Users/yarik/AppData/Local/UnrealEngine/Common/DerivedDataCache/3/1/5/TEXTURE_564290F8998644E39A2118D5C683187B_AUTODXT_0C2FC2DC4BA05FE98C6205806DC5A__BD0AA547CEA008F1D2299751D55A8D7689B9E397.udd" 2471
"C:/Users/yarik/AppData/Local/UnrealEngine/Common/DerivedDataCache/8/1/2/TEXTURE_564290F8998644E39A2118D5C683187B_AUTODXT_8597037F407DA19500B61CB87500E__09E3408730CDB1156EBA0509D1DA0787D36DC006.udd" 2472
"C:/Users/yarik/AppData/Local/UnrealEngine/Common/DerivedDataCache/8/1/1/TEXTURE_564290F8998644E39A2118D5C683187B_AUTODXT_500904EF4465EE66E3AD75B9A419B__ECE26ABF7F3FF0909C8936EC835A5EA8706DE04E.udd" 2473
"C:/Users/yarik/AppData/Local/UnrealEngine/Common/DerivedDataCache/1/7/9/TEXTURE_564290F8998644E39A2118D5C683187B_AUTODXT_8597037F407DA19500B61CB87500E__FBA927E80001D13E8EC1FD52BC1D9285A879EE6E.udd" 2474
"C:/Users/yarik/AppData/Local/UnrealEngine/Common/DerivedDataCache/4/5/4/TEXTURE_564290F8998644E39A2118D5C683187B_AUTODXT_8597037F407DA19500B61CB87500E__741D254A894BE61B83C21583AF3B9DF4004334E5.udd" 2475
"C:/Users/yarik/AppData/Local/UnrealEngine/Common/DerivedDataCache/9/2/4/TEXTURE_564290F8998644E39A2118D5C683187B_AUTODXT_8597037F407DA19500B61CB87500E__592A31933B9850B1A9ADDA2E34668E6D83560644.udd" 2476
"C:/Users/yarik/AppData/Local/UnrealEngine/Common/DerivedDataCache/3/7/8/TEXTURE_564290F8998644E39A2118D5C683187B_AUTODXT_8597037F407DA19500B61CB87500E__BF4166B5506403ED36F6064001E630B7105AAD03.udd" 2477
"C:/Users/yarik/AppData/Local/UnrealEngine/Common/DerivedDataCache/3/5/5/TEXTURE_564290F8998644E39A2118D5C683187B_AUTODXT_500904EF4465EE66E3AD75B9A419B__9FB1C590371D2CFAE6CF2D209BC5C01F2CCD4AB2.udd" 2478
"C:/Users/yarik/AppData/Local/UnrealEngine/Common/DerivedDataCache/4/8/4/TEXTURE_564290F8998644E39A2118D5C683187B_AUTODXT_8597037F407DA19500B61CB87500E__65C09F3D93F0A9F0BF2BEA6D280DC1C1E4A41190.udd" 2479
"C:/Users/yarik/AppData/Local/UnrealEngine/Common/DerivedDataCache/1/0/0/TEXTURE_564290F8998644E39A2118D5C683187B_AUTODXT_8597037F407DA19500B61CB87500E__57461BE33FB8EB0C75F24AD32C67063AD6E33721.udd" 2480
"C:/Users/yarik/AppData/Local/UnrealEngine/Common/DerivedDataCache/3/1/7/TEXTURE_564290F8998644E39A2118D5C683187B_AUTODXT_500904EF4465EE66E3AD75B9A419B__FAE50DF90ECB619D0E90740B54478F1AC0F7E3F2.udd" 2481
"C:/Users/yarik/AppData/Local/UnrealEngine/Common/DerivedDataCache/8/5/6/MATSM_EEC7EF19B1AF435984C9604C80FF9350_PCD3D_SM5_8__BC5N_NOCCBN_NOIRIS_DEV_SL___6EB4FF04A28571C4D9757CA1DABD853CE93F8D15.udd" 2482
"C:/Users/yarik/AppData/Local/UnrealEngine/Common/DerivedDataCache/5/7/4/TEXTURE_564290F8998644E39A2118D5C683187B_AUTODXT_500904EF4465EE66E3AD75B9A419B__9F86B193BEC18EA791E33233B7FA1E1EC62C679E.udd" 2483
"C:/Users/yarik/AppData/Local/UnrealEngine/Common/DerivedDataCache/0/2/7/TEXTURE_564290F8998644E39A2118D5C683187B_AUTODXT_500904EF4465EE66E3AD75B9A419B__1E9E248C0C2031B3E1F126F5ABB018ADCCFC3983.udd" 2484
"C:/Users/yarik/AppData/Local/UnrealEngine/Common/DerivedDataCache/1/1/8/TEXTURE_564290F8998644E39A2118D5C683187B_AUTODXT_500904EF4465EE66E3AD75B9A419B__E55E5C2B2F8AC0F144B29E35958BA47CE737F677.udd" 2485
"C:/Users/yarik/AppData/Local/UnrealEngine/Common/DerivedDataCache/6/9/7/TEXTURE_564290F8998644E39A2118D5C683187B_AUTODXT_500904EF4465EE66E3AD75B9A419B__A5476EAF990832E0772900E3FE61C09019A6CBDC.udd" 2486
"../../../Engine/Content/EngineSky/BP_Sky_Sphere.uasset" 2487
"../../../Engine/Content/EngineSky/C_Sky_Cloud_Color.uasset" 2488
"../../../Engine/Content/EngineSky/C_Sky_Horizon_Color.uasset" 2489
"../../../Engine/Content/EngineSky/C_Sky_Zenith_Color.uasset" 2490
"../../../Engine/Content/EngineSky/M_Sky_Panning_Clouds2.uasset" 2491
"../../../Engine/Content/EngineSky/T_Sky_Blue.uasset" 2492
"../../../Engine/Content/EngineSky/T_Sky_Clouds_M.uasset" 2493
"../../../Engine/Content/EngineSky/T_Sky_Stars.uasset" 2494
"../../../Engine/Content/EngineSky/SM_SkySphere.uasset" 2495
"../../../../../../Users/Yaroslav/OneDrive/Unreal/Unreal Projects/Project/JamProject05/Content/Hell/Maps/Hell01_Demo_sharedassets/Grass_Uncut_LayerInfo2.uasset" 2496
"../../../../../../Users/Yaroslav/OneDrive/Unreal/Unreal Projects/Project/JamProject05/Content/Hell/Maps/Hell01_Demo_sharedassets/Ground_Gravel_LayerInfo2.uasset" 2497
"../../../../../../Users/Yaroslav/OneDrive/Unreal/Unreal Projects/Project/JamProject05/Content/Hell/Maps/Hell01_Demo_sharedassets/SnowFootprints_LayerInfo.uasset" 2498
"../../../../../../Users/Yaroslav/OneDrive/Unreal/Unreal Projects/Project/JamProject05/Content/Hell/Maps/Hell01_Demo_sharedassets/Soil_Mud_LayerInfo1.uasset" 2499
"../../../Engine/Content/BasicShapes/BasicShapeMaterial.uasset" 2500
"../../../../../../Users/Yaroslav/OneDrive/Unreal/Unreal Projects/Project/JamProject05/Content/Hell/Materials/M_Ruins03.uasset" 2501
"../../../../../../Users/Yaroslav/OneDrive/Unreal/Unreal Projects/Project/JamProject05/Content/Hell/Textures/T_Clouds02.uasset" 2502
"../../../../../../Users/Yaroslav/OneDrive/Unreal/Unreal Projects/Project/JamProject05/Content/Hell/Textures/T_HellRuins02_B_BC.uasset" 2503
"../../../../../../Users/Yaroslav/OneDrive/Unreal/Unreal Projects/Project/JamProject05/Content/Hell/Textures/T_HellRuins03_A_BC.uasset" 2504
"../../../../../../Users/Yaroslav/OneDrive/Unreal/Unreal Projects/Project/JamProject05/Content/Hell/Textures/T_HellRuins03_A_HRM.uasset" 2505
"../../../../../../Users/Yaroslav/OneDrive/Unreal/Unreal Projects/Project/JamProject05/Content/Hell/Textures/T_HellRuins03_A_Norm.uasset" 2506
"../../../../../../Users/Yaroslav/OneDrive/Unreal/Unreal Projects/Project/JamProject05/Content/Hell/Textures/T_HellRuins03_B_Emissive.uasset" 2507
"../../../../../../Users/Yaroslav/OneDrive/Unreal/Unreal Projects/Project/JamProject05/Content/Hell/Textures/T_HellRuins03_B_HRM.uasset" 2508
"../../../../../../Users/Yaroslav/OneDrive/Unreal/Unreal Projects/Project/JamProject05/Content/Hell/Textures/T_HellRuins03_B_Norm.uasset" 2509
"../../../../../../Users/Yaroslav/OneDrive/Unreal/Unreal Projects/Project/JamProject05/Content/Hell/Materials/MI_MasterLandscape_Winter_Tessellation.uasset" 2510
"../../../../../../Users/Yaroslav/OneDrive/Unreal/Unreal Projects/Project/JamProject05/Content/Hell/Materials/M_MasterLandscape_Winter_Tessellation.uasset" 2511
"../../../Engine/Content/Functions/Engine_MaterialFunctions02/Utility/VectorLength.uasset" 2512
"../../../../../../Users/Yaroslav/OneDrive/Unreal/Unreal Projects/Project/JamProject05/Content/Hell/Textures/T_AshesTileable01_Emissive.uasset" 2513
"../../../../../../Users/Yaroslav/OneDrive/Unreal/Unreal Projects/Project/JamProject05/Content/Hell/Textures/T_AshesTileable_BC.uasset" 2514
"../../../../../../Users/Yaroslav/OneDrive/Unreal/Unreal Projects/Project/JamProject05/Content/Hell/Textures/T_AshesTileable_HRM.uasset" 2515
"../../../../../../Users/Yaroslav/OneDrive/Unreal/Unreal Projects/Project/JamProject05/Content/Hell/Textures/T_AshesTileable_Norm.uasset" 2516
"../../../../../../Users/Yaroslav/OneDrive/Unreal/Unreal Projects/Project/JamProject05/Content/Hell/Textures/T_GroundBloody01_BC.uasset" 2517
"../../../../../../Users/Yaroslav/OneDrive/Unreal/Unreal Projects/Project/JamProject05/Content/Hell/Textures/T_GroundBloody01_HRM.uasset" 2518
"../../../../../../Users/Yaroslav/OneDrive/Unreal/Unreal Projects/Project/JamProject05/Content/Hell/Textures/T_GroundBloody01_Norm.uasset" 2519
"../../../../../../Users/Yaroslav/OneDrive/Unreal/Unreal Projects/Project/JamProject05/Content/Hell/Textures/T_GroundPuddles01_BC.uasset" 2520
"../../../../../../Users/Yaroslav/OneDrive/Unreal/Unreal Projects/Project/JamProject05/Content/Hell/Textures/T_GroundPuddles01_HRM.uasset" 2521
"../../../../../../Users/Yaroslav/OneDrive/Unreal/Unreal Projects/Project/JamProject05/Content/Hell/Textures/T_GroundPuddles01_Norm.uasset" 2522
"../../../../../../Users/Yaroslav/OneDrive/Unreal/Unreal Projects/Project/JamProject05/Content/Hell/Textures/T_SnowRock_BC.uasset" 2523
"../../../../../../Users/Yaroslav/OneDrive/Unreal/Unreal Projects/Project/JamProject05/Content/Hell/Textures/T_SnowRock_HRM.uasset" 2524
"../../../../../../Users/Yaroslav/OneDrive/Unreal/Unreal Projects/Project/JamProject05/Content/Hell/Textures/T_SnowRock_Normal.uasset" 2525
"../../../Engine/Content/EditorMaterials/AssetViewer/EpicQuadPanorama_CC+EV1.uasset" 2526
"../../../Engine/Content/MapTemplates/SM_Template_Map_Floor.uasset" 2527
"../../../../../../Users/Yaroslav/OneDrive/Unreal/Unreal Projects/Project/JamProject05/Content/Hell/Meshes/SM_Bridge01.uasset" 2528
"../../../../../../Users/Yaroslav/OneDrive/Unreal/Unreal Projects/Project/JamProject05/Content/Hell/Materials/MI_Whale01.uasset" 2529
"../../../../../../Users/Yaroslav/OneDrive/Unreal/Unreal Projects/Project/JamProject05/Content/Hell/Materials/M_Whale01.uasset" 2530
"../../../../../../Users/Yaroslav/OneDrive/Unreal/Unreal Projects/Project/JamProject05/Content/Hell/Textures/T_BoneTileable01_BC.uasset" 2531
"../../../../../../Users/Yaroslav/OneDrive/Unreal/Unreal Projects/Project/JamProject05/Content/Hell/Textures/T_BoneTileable01_HRM.uasset" 2532
"../../../../../../Users/Yaroslav/OneDrive/Unreal/Unreal Projects/Project/JamProject05/Content/Hell/Textures/T_BoneTileable01_Norm.uasset" 2533
"../../../../../../Users/Yaroslav/OneDrive/Unreal/Unreal Projects/Project/JamProject05/Content/Hell/Textures/T_Whale01A_BC.uasset" 2534
"../../../../../../Users/Yaroslav/OneDrive/Unreal/Unreal Projects/Project/JamProject05/Content/Hell/Textures/T_Whale01A_Emissive.uasset" 2535
"../../../../../../Users/Yaroslav/OneDrive/Unreal/Unreal Projects/Project/JamProject05/Content/Hell/Textures/T_Whale01A_HRM.uasset" 2536
"../../../../../../Users/Yaroslav/OneDrive/Unreal/Unreal Projects/Project/JamProject05/Content/Hell/Textures/T_Whale01A_Norm.uasset" 2537
"../../../../../../Users/Yaroslav/OneDrive/Unreal/Unreal Projects/Project/JamProject05/Content/Hell/Meshes/SM_Cliff06.uasset" 2538
"../../../../../../Users/Yaroslav/OneDrive/Unreal/Unreal Projects/Project/JamProject05/Content/Hell/Materials/MI_Cliff06_Var2.uasset" 2539
"../../../../../../Users/Yaroslav/OneDrive/Unreal/Unreal Projects/Project/JamProject05/Content/Hell/Materials/M_Cliff06_Var2.uasset" 2540
"../../../../../../Users/Yaroslav/OneDrive/Unreal/Unreal Projects/Project/JamProject05/Content/Hell/Textures/T_AshesTileable03_Emissive.uasset" 2541
"../../../../../../Users/Yaroslav/OneDrive/Unreal/Unreal Projects/Project/JamProject05/Content/Hell/Textures/T_CaveCliff01_BC.uasset" 2542
"../../../../../../Users/Yaroslav/OneDrive/Unreal/Unreal Projects/Project/JamProject05/Content/Hell/Textures/T_CaveCliff01_HRM.uasset" 2543
"../../../../../../Users/Yaroslav/OneDrive/Unreal/Unreal Projects/Project/JamProject05/Content/Hell/Textures/T_CaveCliff01_Norm.uasset" 2544
"../../../../../../Users/Yaroslav/OneDrive/Unreal/Unreal Projects/Project/JamProject05/Content/Hell/Textures/T_Cliff06_Emissive_Mask.uasset" 2545
"../../../../../../Users/Yaroslav/OneDrive/Unreal/Unreal Projects/Project/JamProject05/Content/Hell/Textures/T_Cliff06_Mask.uasset" 2546
"../../../../../../Users/Yaroslav/OneDrive/Unreal/Unreal Projects/Project/JamProject05/Content/Hell/Textures/T_Cliff06_Norm.uasset" 2547
"../../../../../../Users/Yaroslav/OneDrive/Unreal/Unreal Projects/Project/JamProject05/Content/Hell/Textures/T_RockMica01_BC.uasset" 2548
"../../../../../../Users/Yaroslav/OneDrive/Unreal/Unreal Projects/Project/JamProject05/Content/Hell/Textures/T_RockMica01_HRM.uasset" 2549
"../../../../../../Users/Yaroslav/OneDrive/Unreal/Unreal Projects/Project/JamProject05/Content/Hell/Textures/T_RockMica01_Norm.uasset" 2550
"../../../../../../Users/Yaroslav/OneDrive/Unreal/Unreal Projects/Project/JamProject05/Content/Hell/Meshes/SM_LavaFall01.uasset" 2551
"../../../../../../Users/Yaroslav/OneDrive/Unreal/Unreal Projects/Project/JamProject05/Content/Hell/Materials/MI_LavaFlow01.uasset" 2552
"../../../../../../Users/Yaroslav/OneDrive/Unreal/Unreal Projects/Project/JamProject05/Content/Hell/Materials/M_LavaFlow01.uasset" 2553
"../../../../../../Users/Yaroslav/OneDrive/Unreal/Unreal Projects/Project/JamProject05/Content/Hell/Meshes/SM_Monster03_Spike.uasset" 2554
"../../../../../../Users/Yaroslav/OneDrive/Unreal/Unreal Projects/Project/JamProject05/Content/Hell/Materials/MI_Monster03.uasset" 2555
"../../../../../../Users/Yaroslav/OneDrive/Unreal/Unreal Projects/Project/JamProject05/Content/Hell/Materials/M_Monster03.uasset" 2556
"../../../../../../Users/Yaroslav/OneDrive/Unreal/Unreal Projects/Project/JamProject05/Content/Hell/Textures/T_Monster03A_BC.uasset" 2557
"../../../../../../Users/Yaroslav/OneDrive/Unreal/Unreal Projects/Project/JamProject05/Content/Hell/Textures/T_Monster03A_HRM.uasset" 2558
"../../../../../../Users/Yaroslav/OneDrive/Unreal/Unreal Projects/Project/JamProject05/Content/Hell/Textures/T_Monster03A_Norm.uasset" 2559
"../../../../../../Users/Yaroslav/OneDrive/Unreal/Unreal Projects/Project/JamProject05/Content/Hell/Textures/T_Monster03B_BC.uasset" 2560
"../../../../../../Users/Yaroslav/OneDrive/Unreal/Unreal Projects/Project/JamProject05/Content/Hell/Textures/T_Monster03B_Emissive.uasset" 2561
"../../../../../../Users/Yaroslav/OneDrive/Unreal/Unreal Projects/Project/JamProject05/Content/Hell/Textures/T_Monster03B_HRM.uasset" 2562
"../../../../../../Users/Yaroslav/OneDrive/Unreal/Unreal Projects/Project/JamProject05/Content/Hell/Textures/T_Monster03B_Norm.uasset" 2563
"../../../../../../Users/Yaroslav/OneDrive/Unreal/Unreal Projects/Project/JamProject05/Content/Hell/Materials/MI_Nail01.uasset" 2564
"../../../../../../Users/Yaroslav/OneDrive/Unreal/Unreal Projects/Project/JamProject05/Content/Hell/Materials/M_Nail01.uasset" 2565
"../../../../../../Users/Yaroslav/OneDrive/Unreal/Unreal Projects/Project/JamProject05/Content/Hell/Textures/T_Nail01_BC.uasset" 2566
"../../../../../../Users/Yaroslav/OneDrive/Unreal/Unreal Projects/Project/JamProject05/Content/Hell/Textures/T_Nail01_HRM.uasset" 2567
"../../../../../../Users/Yaroslav/OneDrive/Unreal/Unreal Projects/Project/JamProject05/Content/Hell/Textures/T_Nail01_Norm.uasset" 2568
"../../../../../../Users/Yaroslav/OneDrive/Unreal/Unreal Projects/Project/JamProject05/Content/Hell/Meshes/SM_Ruins_03_FloorTile02.uasset" 2569
"../../../../../../Users/Yaroslav/OneDrive/Unreal/Unreal Projects/Project/JamProject05/Content/Hell/Materials/MI_Ruins03.uasset" 2570
"../../../../../../Users/Yaroslav/OneDrive/Unreal/Unreal Projects/Project/JamProject05/Content/Hell/Meshes/SM_Ruins_03_FloorTile03.uasset" 2571
"../../../../../../Users/Yaroslav/OneDrive/Unreal/Unreal Projects/Project/JamProject05/Content/Hell/Meshes/SM_Ruins_Circle_Prefab01.uasset" 2572
"../../../../../../Users/Yaroslav/OneDrive/Unreal/Unreal Projects/Project/JamProject05/Content/Hell/Materials/MI_Ruins01.uasset" 2573
"../../../../../../Users/Yaroslav/OneDrive/Unreal/Unreal Projects/Project/JamProject05/Content/Hell/Materials/M_Ruins01.uasset" 2574
"../../../../../../Users/Yaroslav/OneDrive/Unreal/Unreal Projects/Project/JamProject05/Content/Hell/Textures/T_HellRuins01_A_BC.uasset" 2575
"../../../../../../Users/Yaroslav/OneDrive/Unreal/Unreal Projects/Project/JamProject05/Content/Hell/Textures/T_HellRuins01_A_HRM.uasset" 2576
"../../../../../../Users/Yaroslav/OneDrive/Unreal/Unreal Projects/Project/JamProject05/Content/Hell/Textures/T_HellRuins01_A_Norm.uasset" 2577
"../../../../../../Users/Yaroslav/OneDrive/Unreal/Unreal Projects/Project/JamProject05/Content/Hell/Textures/T_HellRuins01_B_BC.uasset" 2578
"../../../../../../Users/Yaroslav/OneDrive/Unreal/Unreal Projects/Project/JamProject05/Content/Hell/Textures/T_HellRuins01_B_Emissive.uasset" 2579
"../../../../../../Users/Yaroslav/OneDrive/Unreal/Unreal Projects/Project/JamProject05/Content/Hell/Textures/T_HellRuins01_B_HRM.uasset" 2580
"../../../../../../Users/Yaroslav/OneDrive/Unreal/Unreal Projects/Project/JamProject05/Content/Hell/Textures/T_HellRuins01_B_Norm.uasset" 2581
"../../../../../../Users/Yaroslav/OneDrive/Unreal/Unreal Projects/Project/JamProject05/Content/Hell/Materials/MI_Ruins02.uasset" 2582
"../../../../../../Users/Yaroslav/OneDrive/Unreal/Unreal Projects/Project/JamProject05/Content/Hell/Materials/M_Ruins02.uasset" 2583
"../../../../../../Users/Yaroslav/OneDrive/Unreal/Unreal Projects/Project/JamProject05/Content/Hell/Textures/T_HellRuins02_A_BC.uasset" 2584
"../../../../../../Users/Yaroslav/OneDrive/Unreal/Unreal Projects/Project/JamProject05/Content/Hell/Textures/T_HellRuins02_A_HRM.uasset" 2585
"../../../../../../Users/Yaroslav/OneDrive/Unreal/Unreal Projects/Project/JamProject05/Content/Hell/Textures/T_HellRuins02_A_Norm.uasset" 2586
"../../../../../../Users/Yaroslav/OneDrive/Unreal/Unreal Projects/Project/JamProject05/Content/Hell/Textures/T_HellRuins02_B_Emissive.uasset" 2587
"../../../../../../Users/Yaroslav/OneDrive/Unreal/Unreal Projects/Project/JamProject05/Content/Hell/Textures/T_HellRuins02_B_HRM.uasset" 2588
"../../../../../../Users/Yaroslav/OneDrive/Unreal/Unreal Projects/Project/JamProject05/Content/Hell/Textures/T_HellRuins02_B_Norm.uasset" 2589
"../../../../../../Users/Yaroslav/OneDrive/Unreal/Unreal Projects/Project/JamProject05/Content/Hell/Meshes/SM_Ruins_Circle_Prefab02.uasset" 2590
"../../../../../../Users/Yaroslav/OneDrive/Unreal/Unreal Projects/Project/JamProject05/Content/Hell/Meshes/SM_Ruins_Circle_Rubble03.uasset" 2591
"../../../../../../Users/Yaroslav/OneDrive/Unreal/Unreal Projects/Project/JamProject05/Content/Hell/Meshes/SM_Ruins_Circle_Stairs01.uasset" 2592
"../../../../../../Users/Yaroslav/OneDrive/Unreal/Unreal Projects/Project/JamProject05/Content/Hell/Meshes/SM_Ruins_Circle_Stairs02_Broken.uasset" 2593
"../../../../../../Users/Yaroslav/OneDrive/Unreal/Unreal Projects/Project/JamProject05/Content/Hell/Meshes/SM_TreeMapleDead.uasset" 2594
"../../../../../../Users/Yaroslav/OneDrive/Unreal/Unreal Projects/Project/JamProject05/Content/Hell/Materials/MI_Bark03.uasset" 2595
"../../../../../../Users/Yaroslav/OneDrive/Unreal/Unreal Projects/Project/JamProject05/Content/Hell/Materials/M_Bark03.uasset" 2596
"../../../../../../Users/Yaroslav/OneDrive/Unreal/Unreal Projects/Project/JamProject05/Content/Hell/Textures/T_Bark03_BC.uasset" 2597
"../../../../../../Users/Yaroslav/OneDrive/Unreal/Unreal Projects/Project/JamProject05/Content/Hell/Textures/T_Bark03_HRM.uasset" 2598
"../../../../../../Users/Yaroslav/OneDrive/Unreal/Unreal Projects/Project/JamProject05/Content/Hell/Textures/T_Bark03_Norm.uasset" 2599
"../../../../../../Users/Yaroslav/OneDrive/Unreal/Unreal Projects/Project/JamProject05/Content/Hell/Textures/T_HDRI_Space.uasset" 2600
"../../../../../../Users/Yaroslav/OneDrive/Unreal/Unreal Projects/Project/JamProject05/Content/Maps/Test.umap" 2601
"C:/Users/yarik/AppData/Local/UnrealEngine/Common/DerivedDataCache/1/5/5/STATICMESH_F9378A28F161444987BACE79B2590E57_228332BAE0224DD294E232B87D83948FQU__C471124241CF0A567DD90BA0DADFC994B170181F.udd" 2602
"C:/Users/yarik/AppData/Local/UnrealEngine/Common/DerivedDataCache/9/0/5/DIST_STATICMESH_F9378A28F161444987BACE79B2590E57_228332BAE0224DD294E232B87D839__71B5192F7C536468A678DF46181ADD41F58A6579.udd" 2603
"C:/Users/yarik/AppData/Local/UnrealEngine/Common/DerivedDataCache/3/3/2/NAVCOLLISION_2EE6412E1E884D1AAA7F79FF760363BC_NAVCOLLISION_X_F512F4664110D8408__0060902213A269F549F8F9AD4560384B05A3D30B.udd" 2604
"C:/Users/yarik/AppData/Local/UnrealEngine/Common/DerivedDataCache/2/9/9/PHYSX_A08609EF508D460CBB6710540B03AACF_PHYSXPC_F512F4664110D8408A4758B2B457DCE__922341F340B934A8A5BAAB24956F94D7C2B8E275.udd" 2605
"C:/Users/yarik/AppData/Local/UnrealEngine/Common/DerivedDataCache/4/8/2/STATICMESH_F9378A28F161444987BACE79B2590E57_228332BAE0224DD294E232B87D83948FQU__DD035EF4338B18DDF706214B80F9CEBD46385EDA.udd" 2606
"C:/Users/yarik/AppData/Local/UnrealEngine/Common/DerivedDataCache/8/4/0/NAVCOLLISION_2EE6412E1E884D1AAA7F79FF760363BC_NAVCOLLISION_X_6F4A19C74A7F7A9D2__2D4A60F0B8452F9A9F196E0B8E722AC14994BE44.udd" 2607
"C:/Users/yarik/AppData/Local/UnrealEngine/Common/DerivedDataCache/9/1/3/PHYSX_A08609EF508D460CBB6710540B03AACF_PHYSXPC_6F4A19C74A7F7A9D2CE5549C8915E43__C72CA9E799B7681C1DCFD47BB781860768B14305.udd" 2608
"C:/Users/yarik/AppData/Local/UnrealEngine/Common/DerivedDataCache/2/8/9/STATICMESH_F9378A28F161444987BACE79B2590E57_228332BAE0224DD294E232B87D83948FQU__A888F7FC68D3AD7B406E61C0541E712C94311F89.udd" 2609
"C:/Users/yarik/AppData/Local/UnrealEngine/Common/DerivedDataCache/9/2/2/NAVCOLLISION_2EE6412E1E884D1AAA7F79FF760363BC_NAVCOLLISION_X_572019AD4C1E5E980__EA070A71CCCAEE66BD32AFA567857FD2AC81F2E2.udd" 2610
"C:/Users/yarik/AppData/Local/UnrealEngine/Common/DerivedDataCache/9/1/7/PHYSX_A08609EF508D460CBB6710540B03AACF_PHYSXPC_572019AD4C1E5E980A6FAA9195BBB67__1EAE35F0F2166388B0F0165405F69AF8A420B5BB.udd" 2611
"C:/Users/yarik/AppData/Local/UnrealEngine/Common/DerivedDataCache/9/0/1/STATICMESH_F9378A28F161444987BACE79B2590E57_228332BAE0224DD294E232B87D83948FQU__BAE4AD90379BB6B6A1DF4299C5816DD7BC82C221.udd" 2612
"C:/Users/yarik/AppData/Local/UnrealEngine/Common/DerivedDataCache/8/7/4/NAVCOLLISION_2EE6412E1E884D1AAA7F79FF760363BC_NAVCOLLISION_X_41A445584C96DF9F9__9D8A1E653E8A1BE341574DCB68389BC26C720AAF.udd" 2613
"C:/Users/yarik/AppData/Local/UnrealEngine/Common/DerivedDataCache/4/9/2/PHYSX_A08609EF508D460CBB6710540B03AACF_PHYSXPC_41A445584C96DF9F90D6B18970551C6__2D1D2C167F3F86A5E793781A19367456349B3042.udd" 2614
"C:/Users/yarik/AppData/Local/UnrealEngine/Common/DerivedDataCache/7/7/2/STATICMESH_F9378A28F161444987BACE79B2590E57_228332BAE0224DD294E232B87D83948FQU__21F26BE62458E6BCC29A38A351EF87135526A719.udd" 2615
"C:/Users/yarik/AppData/Local/UnrealEngine/Common/DerivedDataCache/1/1/6/NAVCOLLISION_2EE6412E1E884D1AAA7F79FF760363BC_NAVCOLLISION_X_A9D2D31C414C6DE20__F7F260ABE23DBDD83EDAC388BE1E783A19849F51.udd" 2616
"C:/Users/yarik/AppData/Local/UnrealEngine/Common/DerivedDataCache/3/8/5/PHYSX_A08609EF508D460CBB6710540B03AACF_PHYSXPC_A9D2D31C414C6DE20D848898C6BF6D1__097EC164D6BAF475C3161F3C35848CD1FBB9DE94.udd" 2617
"C:/Users/yarik/AppData/Local/UnrealEngine/Common/DerivedDataCache/3/2/0/STATICMESH_F9378A28F161444987BACE79B2590E57_228332BAE0224DD294E232B87D83948FQU__12188B476BD887B24F659772767080C2539CEA3C.udd" 2618
"C:/Users/yarik/AppData/Local/UnrealEngine/Common/DerivedDataCache/1/2/3/DIST_STATICMESH_F9378A28F161444987BACE79B2590E57_228332BAE0224DD294E232B87D839__B0A56E59BFB8339D1D65A4442260EAD3ACAA6ED6.udd" 2619
"C:/Users/yarik/AppData/Local/UnrealEngine/Common/DerivedDataCache/2/1/5/NAVCOLLISION_2EE6412E1E884D1AAA7F79FF760363BC_NAVCOLLISION_X_BCA404C845CDFFAF9__00D43DBF3B1422AED3ACFF6D3299EC1094C66AA9.udd" 2620
"C:/Users/yarik/AppData/Local/UnrealEngine/Common/DerivedDataCache/8/1/4/PHYSX_A08609EF508D460CBB6710540B03AACF_PHYSXPC_BCA404C845CDFFAF9C531785C9809BE__FA1095FF5C5511EAB0C4872E4504DFB0DC45AD8F.udd" 2621
"C:/Users/yarik/AppData/Local/UnrealEngine/Common/DerivedDataCache/1/3/0/STATICMESH_F9378A28F161444987BACE79B2590E57_228332BAE0224DD294E232B87D83948FQU__5DEDDB1004F252C979ACF2896E754C8F9027DAA0.udd" 2622
"C:/Users/yarik/AppData/Local/UnrealEngine/Common/DerivedDataCache/1/4/8/NAVCOLLISION_2EE6412E1E884D1AAA7F79FF760363BC_NAVCOLLISION_X_E31048C446696C2B9__FEC9F47F04E6284EF9B5E5D42CDB6EE7538984B3.udd" 2623
"C:/Users/yarik/AppData/Local/UnrealEngine/Common/DerivedDataCache/2/3/0/PHYSX_A08609EF508D460CBB6710540B03AACF_PHYSXPC_E31048C446696C2B9ED0F788221F4B4__1324C1463955826D776C9CF356AF7BDCF0CE29CE.udd" 2624
"C:/Users/yarik/AppData/Local/UnrealEngine/Common/DerivedDataCache/0/0/5/STATICMESH_F9378A28F161444987BACE79B2590E57_228332BAE0224DD294E232B87D83948FQU__7E0BD45E4D7F5FA2F72F524D40FF7E8C132538D7.udd" 2625
"C:/Users/yarik/AppData/Local/UnrealEngine/Common/DerivedDataCache/7/2/4/NAVCOLLISION_2EE6412E1E884D1AAA7F79FF760363BC_NAVCOLLISION_X_A15899A94F06483EC__AF3ADCEE2D7719110FF1AF9C000810773F94FEA2.udd" 2626
"C:/Users/yarik/AppData/Local/UnrealEngine/Common/DerivedDataCache/7/9/1/PHYSX_A08609EF508D460CBB6710540B03AACF_PHYSXPC_A15899A94F06483EC5AC2C86D5A1C4F__00870E776411AD2C0651C3D4F8C3FDFBC9C39D92.udd" 2627
"C:/Users/yarik/AppData/Local/UnrealEngine/Common/DerivedDataCache/0/6/6/PHYSX_A08609EF508D460CBB6710540B03AACF_PHYSXPC_C3DEFBB0407D552851DBC7A3628784C9__1_0_0_0_3_13315_0.udd" 2628
"C:/Users/yarik/AppData/Local/UnrealEngine/Common/DerivedDataCache/0/0/8/PHYSX_A08609EF508D460CBB6710540B03AACF_PHYSXPC_1C13ECEB438B8815F2D8EEA5D89E6A95__1_0_0_0_3_13315_0.udd" 2629
"C:/Users/yarik/AppData/Local/UnrealEngine/Common/DerivedDataCache/6/2/4/PHYSX_A08609EF508D460CBB6710540B03AACF_PHYSXPC_8153907346C1A7692FD8CA88F43EB988__1_0_0_0_3_13315_0.udd" 2630
"C:/Users/yarik/AppData/Local/UnrealEngine/Common/DerivedDataCache/0/3/0/PHYSX_A08609EF508D460CBB6710540B03AACF_PHYSXPC_729E85134369B27528E752837862CFE5__1_0_0_0_3_13315_0.udd" 2631
"C:/Users/yarik/AppData/Local/UnrealEngine/Common/DerivedDataCache/2/9/1/PHYSX_A08609EF508D460CBB6710540B03AACF_PHYSXPC_5C8D93AB42A7A669C93336B9D26DBAE3__1_0_0_0_3_13315_0.udd" 2632
"C:/Users/yarik/AppData/Local/UnrealEngine/Common/DerivedDataCache/0/9/8/PHYSX_A08609EF508D460CBB6710540B03AACF_PHYSXPC_81B17BC948BF7A7DDCC20795C5E830A8__1_0_0_0_3_13315_0.udd" 2633
"C:/Users/yarik/AppData/Local/UnrealEngine/Common/DerivedDataCache/1/7/3/PHYSX_A08609EF508D460CBB6710540B03AACF_PHYSXPC_4410A42D4AF3517FDAB7BD8A160969AE__1_0_0_0_2_13315_0.udd" 2634
"C:/Users/yarik/AppData/Local/UnrealEngine/Common/DerivedDataCache/2/8/9/MATSM_EEC7EF19B1AF435984C9604C80FF9350_PCD3D_SM5_8__BC5N_NOCCBN_NOIRIS_DEV_SL___C7329EFE8401C95FAAC0E3ED5AD1D1F02EE9A437.udd" 2635
"C:/Users/yarik/AppData/Local/UnrealEngine/Common/DerivedDataCache/0/9/6/MATSM_EEC7EF19B1AF435984C9604C80FF9350_PCD3D_SM5_8__BC5N_NOCCBN_NOIRIS_DEV_SL___49772850EC005429F0478F7E51C635B732DBBA7B.udd" 2636
"C:/Users/yarik/AppData/Local/UnrealEngine/Common/DerivedDataCache/7/1/7/MATSM_EEC7EF19B1AF435984C9604C80FF9350_PCD3D_SM5_8__BC5N_NOCCBN_NOIRIS_DEV_SL___238280DC508E0116DC9F948D2EC1E96905C1F36D.udd" 2637
"C:/Users/yarik/AppData/Local/UnrealEngine/Common/DerivedDataCache/1/2/0/MATSM_EEC7EF19B1AF435984C9604C80FF9350_PCD3D_SM5_8__BC5N_NOCCBN_NOIRIS_DEV_SL___3A7D7BBCB1CE44E7A5793E2A39539AC9556FC17A.udd" 2638
"C:/Users/yarik/AppData/Local/UnrealEngine/Common/DerivedDataCache/9/4/9/MATSM_EEC7EF19B1AF435984C9604C80FF9350_PCD3D_SM5_8__BC5N_NOCCBN_NOIRIS_DEV_SL___8EA352B3FA4047062295201ECB40568E1C376B2F.udd" 2639
"C:/Users/yarik/AppData/Local/UnrealEngine/Common/DerivedDataCache/0/8/1/MATSM_EEC7EF19B1AF435984C9604C80FF9350_PCD3D_SM5_8__BC5N_NOCCBN_NOIRIS_DEV_SL___4A65EA8ADCD95580D8CC046BAC0E4875655769BE.udd" 2640
"C:/Users/yarik/AppData/Local/UnrealEngine/Common/DerivedDataCache/5/0/8/MATSM_EEC7EF19B1AF435984C9604C80FF9350_PCD3D_SM5_8__BC5N_NOCCBN_NOIRIS_DEV_SL___951A918F253E659C9D544AEDE69B06E50B498818.udd" 2641
"C:/Users/yarik/AppData/Local/UnrealEngine/Common/DerivedDataCache/8/1/5/MATSM_EEC7EF19B1AF435984C9604C80FF9350_PCD3D_SM5_8__BC5N_NOCCBN_NOIRIS_DEV_SL___0853EB7E9D776E4E63DFDB9E52386DAF32C35CA1.udd" 2642
"C:/Users/yarik/AppData/Local/UnrealEngine/Common/DerivedDataCache/6/0/7/STATICMESH_F9378A28F161444987BACE79B2590E57_228332BAE0224DD294E232B87D83948FQU__84DDD1CF85013E7EBA4E219F8F855B70E1CDC58F.udd" 2643
"C:/Users/yarik/AppData/Local/UnrealEngine/Common/DerivedDataCache/7/1/0/DIST_STATICMESH_F9378A28F161444987BACE79B2590E57_228332BAE0224DD294E232B87D839__7DD133CF37611267E83EAE5767ED81B2FC17DD4D.udd" 2644
"C:/Users/yarik/AppData/Local/UnrealEngine/Common/DerivedDataCache/0/5/3/NAVCOLLISION_2EE6412E1E884D1AAA7F79FF760363BC_NAVCOLLISION_X_06CA7D064E6954800__B2F6FC3E378E2814C03A602E107194BC5EE282A3.udd" 2645
"C:/Users/yarik/AppData/Local/UnrealEngine/Common/DerivedDataCache/2/4/9/STATICMESH_F9378A28F161444987BACE79B2590E57_228332BAE0224DD294E232B87D83948FQU__A2684AB5145E096EA4294B14C56F8ED2978FC627.udd" 2646
"C:/Users/yarik/AppData/Local/UnrealEngine/Common/DerivedDataCache/6/9/9/DIST_STATICMESH_F9378A28F161444987BACE79B2590E57_228332BAE0224DD294E232B87D839__287F9E9AE203BC596C865297E477B6695E309678.udd" 2647
"C:/Users/yarik/AppData/Local/UnrealEngine/Common/DerivedDataCache/0/5/3/NAVCOLLISION_2EE6412E1E884D1AAA7F79FF760363BC_NAVCOLLISION_X_990BDC3A4CDF96E38__426C8F76B4B4E873D174345CBBBCB7178BF93534.udd" 2648
"C:/Users/yarik/AppData/Local/UnrealEngine/Common/DerivedDataCache/0/2/6/STATICMESH_F9378A28F161444987BACE79B2590E57_228332BAE0224DD294E232B87D83948FQU__256CEBD9965613FDA342D0EAB6A992DDB427EDDB.udd" 2649
"C:/Users/yarik/AppData/Local/UnrealEngine/Common/DerivedDataCache/2/7/6/NAVCOLLISION_2EE6412E1E884D1AAA7F79FF760363BC_NAVCOLLISION_X_763741994E651F6E8__2F5663AED800D5CF0FB6890A963CAF311D1E75DB.udd" 2650
"C:/Users/yarik/AppData/Local/UnrealEngine/Common/DerivedDataCache/4/4/8/STATICMESH_F9378A28F161444987BACE79B2590E57_228332BAE0224DD294E232B87D83948FQU__A5EBA6A7D0D4DFAF29CB539C1C77D72F1D909724.udd" 2651
"C:/Users/yarik/AppData/Local/UnrealEngine/Common/DerivedDataCache/0/8/7/NAVCOLLISION_2EE6412E1E884D1AAA7F79FF760363BC_NAVCOLLISION_X_2DDD400F455ABD987__332B04EFC6A990BFA8A26D937F56CDD8BA14AAD4.udd" 2652
"C:/Users/yarik/AppData/Local/UnrealEngine/Common/DerivedDataCache/3/5/8/PHYSX_A08609EF508D460CBB6710540B03AACF_PHYSXPC_2DDD400F455ABD987C5E77B6FCAB4A2__EA3C2B81C77140AC94DA78C9B313DDF29A353A9B.udd" 2653
"C:/Users/yarik/AppData/Local/UnrealEngine/Common/DerivedDataCache/6/0/3/PHYSX_A08609EF508D460CBB6710540B03AACF_PHYSXPC_763741994E651F6E886B6E9525B2927__50EA87F58AC7326C0BF878D9553D51283C427AF4.udd" 2654
"C:/Users/yarik/AppData/Local/UnrealEngine/Common/DerivedDataCache/7/6/9/PHYSX_A08609EF508D460CBB6710540B03AACF_PHYSXPC_990BDC3A4CDF96E383FC75971E9C045__0FB2ADFB062391F204683D86C2467E8D9DEABC96.udd" 2655
"C:/Users/yarik/AppData/Local/UnrealEngine/Common/DerivedDataCache/6/2/8/PHYSX_A08609EF508D460CBB6710540B03AACF_PHYSXPC_06CA7D064E6954800D2F109C74E12FB__4E8942AAF7365BD31A181A7AF88F3C06AAE6F7CD.udd" 2656
"C:/Users/yarik/AppData/Local/UnrealEngine/Common/DerivedDataCache/7/9/7/TEXTURE_564290F8998644E39A2118D5C683187B_BGRA8_D42AF0974C361D5010C5E19F4ED37FE__FA75AEA856080EC91CADEA75FFEEE1572986464F.udd" 2657
"C:/Users/yarik/AppData/Local/UnrealEngine/Common/DerivedDataCache/5/0/6/TEXTURE_564290F8998644E39A2118D5C683187B_BGRA8_B2A1443A4119DEB512F134AE5AC59B7__2A7F8E9600FAD66B6EBD42D8D4FA64AA632B6348.udd" 2658
"C:/Users/yarik/AppData/Local/UnrealEngine/Common/DerivedDataCache/2/0/3/TEXTURE_564290F8998644E39A2118D5C683187B_BGRA8_5E7B7305429174E78D18C89121178DB__EBF9D92C7F08342ED80171E35466B8397C00C272.udd" 2659
"C:/Users/yarik/AppData/Local/UnrealEngine/Common/DerivedDataCache/6/0/2/TEXTURE_564290F8998644E39A2118D5C683187B_BGRA8_D91C34AC44196D88D0F3A39245B736D__7DE577E88BCB45078E4BDC349A03543F0EA56D88.udd" 2660
"C:/Users/yarik/AppData/Local/UnrealEngine/Common/DerivedDataCache/3/5/4/TEXTURE_564290F8998644E39A2118D5C683187B_BGRA8_7CEEEAA04FE467284F9B8B8EB44B46B__39CD847AF66432E5168A27D9E9A94B6F6CEBF215.udd" 2661
"C:/Users/yarik/AppData/Local/UnrealEngine/Common/DerivedDataCache/4/1/6/TEXTURE_564290F8998644E39A2118D5C683187B_BGRA8_28EBE4824EFD34F84381E69D08CDC42__4EA1F63DD922C07542284CF0F9146ECFA92C3C2D.udd" 2662
"C:/Users/yarik/AppData/Local/UnrealEngine/Common/DerivedDataCache/3/6/4/TEXTURE_564290F8998644E39A2118D5C683187B_BGRA8_D42AF0974C361D5010C5E19F4ED37FE__BD1956394D64F1C04CA00EEE86B2687D9C8BD263.udd" 2663
"C:/Users/yarik/AppData/Local/UnrealEngine/Common/DerivedDataCache/2/1/2/TEXTURE_564290F8998644E39A2118D5C683187B_BGRA8_57CF57B84B9E6727163DFB82C8B07B9__6BE9DA7B8323978A1EF75B1AA38376DEA5E12680.udd" 2664
"C:/Users/yarik/AppData/Local/UnrealEngine/Common/DerivedDataCache/4/8/7/TEXTURE_564290F8998644E39A2118D5C683187B_BGRA8_D42AF0974C361D5010C5E19F4ED37FE__1EB53D90EA5B79B57575763083413A4FD77C8CCB.udd" 2665
"C:/Users/yarik/AppData/Local/UnrealEngine/Common/DerivedDataCache/5/2/1/TEXTURE_564290F8998644E39A2118D5C683187B_BGRA8_A9F3580A43F39786CEE7F08707D6628__EC43E717EB0AF1638DE01066ED2F48EC35E8C0CC.udd" 2666
"C:/Users/yarik/AppData/Local/UnrealEngine/Common/DerivedDataCache/2/8/7/TEXTURE_564290F8998644E39A2118D5C683187B_BGRA8_CB246DAC47B0942525D640B258FE5FC__BBCCF506374FD6AA5C5C59F96D8E88E7E708FFD4.udd" 2667
"C:/Users/yarik/AppData/Local/UnrealEngine/Common/DerivedDataCache/2/1/9/TEXTURE_564290F8998644E39A2118D5C683187B_BGRA8_983BF47C4BC8E741C0712CA229A86E4__A19161BFADA54D56A810EB18EB8954AE50D08EAD.udd" 2668
"C:/Users/yarik/AppData/Local/UnrealEngine/Common/DerivedDataCache/1/9/3/TEXTURE_564290F8998644E39A2118D5C683187B_BGRA8_D42AF0974C361D5010C5E19F4ED37FE__8424D8F84CC368BD289CD8865A7D8105684A3B3B.udd" 2669
"C:/Users/yarik/AppData/Local/UnrealEngine/Common/DerivedDataCache/6/8/4/TEXTURE_564290F8998644E39A2118D5C683187B_BGRA8_73785B1D4B0F15B49020059684441E6__64298F3FC499BEE73700BDE8288625EF03A05057.udd" 2670
"C:/Users/yarik/AppData/Local/UnrealEngine/Common/DerivedDataCache/8/4/5/TEXTURE_564290F8998644E39A2118D5C683187B_BGRA8_F5ADC65B497736A0B5E3F19BAFFE58A__E9A0342820C9FA67DF494F04950D39701BCB0B1C.udd" 2671
"C:/Users/yarik/AppData/Local/UnrealEngine/Common/DerivedDataCache/4/2/1/TEXTURE_564290F8998644E39A2118D5C683187B_BGRA8_6ADF5F084C3F95DBF074BA930637405__5950B855DAD8165684DFE02AAC75CDD2A524F108.udd" 2672
"C:/Users/yarik/AppData/Local/UnrealEngine/Common/DerivedDataCache/3/4/7/TEXTURE_564290F8998644E39A2118D5C683187B_BGRA8_1F742175439A1A519FA14AB5635B843__17ACDEB3BAF077C704E66E2F9A3F4D77366EE351.udd" 2673
"C:/Users/yarik/AppData/Local/UnrealEngine/Common/DerivedDataCache/2/3/3/TEXTURE_564290F8998644E39A2118D5C683187B_BGRA8_F61F9E9D48C9805074EB61BBFC3CD72__6988C760A00B2544CBA8DF88CC694CC04BD9D670.udd" 2674
"C:/Users/yarik/AppData/Local/UnrealEngine/Common/DerivedDataCache/2/1/1/TEXTURE_564290F8998644E39A2118D5C683187B_BC5_1A1895EC445784A98E2834864B9FC43E___A7FA9C23AC601EBB76C16F4FFB567B21D0CB50D8.udd" 2675
"C:/Users/yarik/AppData/Local/UnrealEngine/Common/DerivedDataCache/8/7/5/TEXTURE_564290F8998644E39A2118D5C683187B_BC5_1A1895EC445784A98E2834864B9FC43E___B4664EB3B7C8AE509E4FE0487B153F2CD6C3F969.udd" 2676
"C:/Users/yarik/AppData/Local/UnrealEngine/Common/DerivedDataCache/4/2/1/TEXTURE_564290F8998644E39A2118D5C683187B_BC5_1A1895EC445784A98E2834864B9FC43E___3D04389DF6E2EE82420698954F7F6D3A2A828D10.udd" 2677
"C:/Users/yarik/AppData/Local/UnrealEngine/Common/DerivedDataCache/1/1/1/TEXTURE_564290F8998644E39A2118D5C683187B_BC5_1A1895EC445784A98E2834864B9FC43E___09ED52D402326DE0B62CBB38811C5ACE43C3B6F2.udd" 2678
"C:/Users/yarik/AppData/Local/UnrealEngine/Common/DerivedDataCache/7/9/6/TEXTURE_564290F8998644E39A2118D5C683187B_BC5_1A1895EC445784A98E2834864B9FC43E___0215235F80F4415D4229F1EDC31A622FEE95246A.udd" 2679
"C:/Users/yarik/AppData/Local/UnrealEngine/Common/DerivedDataCache/1/7/1/TEXTURE_564290F8998644E39A2118D5C683187B_BC5_1A1895EC445784A98E2834864B9FC43E___1A80A4221DCE180A89E4E88E2D1DE22D4B6E5D05.udd" 2680
"C:/Users/yarik/AppData/Local/UnrealEngine/Common/DerivedDataCache/1/1/8/TEXTURE_564290F8998644E39A2118D5C683187B_BC5_1A1895EC445784A98E2834864B9FC43E___017A42EC6576761DA361146EF6F4752464F62976.udd" 2681
"../../../Engine/Content/EditorResources/EmptyActor.uasset" 2682
"../../../Engine/Content/EditorResources/LightIcons/S_LightError.uasset" 2683
"C:/Users/yarik/AppData/Local/UnrealEngine/Common/DerivedDataCache/2/9/5/PHYSX_PHYSXPC_FULL_CC58B9FA08AD47E3BF06976E60B693C3_2CC04DA68CD5C8E323EA583E9781C643.udd" 2684
"C:/Users/yarik/AppData/Local/UnrealEngine/Common/DerivedDataCache/3/6/1/PHYSX_PHYSXPC_VIS_CC58B9FA08AD47E3BF06976E60B693C3_735C96944F3400DAAD93B08F89225300.udd" 2685
"C:/Users/yarik/AppData/Local/UnrealEngine/Common/DerivedDataCache/0/3/9/PHYSX_PHYSXPC_FULL_CC58B9FA08AD47E3BF06976E60B693C3_19D0F250D078108B78D03317E83A539A.udd" 2686
"C:/Users/yarik/AppData/Local/UnrealEngine/Common/DerivedDataCache/6/5/1/PHYSX_PHYSXPC_VIS_CC58B9FA08AD47E3BF06976E60B693C3_19C2DE1C441C397CF6280E9CA1AD44AB.udd" 2687
"C:/Users/yarik/AppData/Local/UnrealEngine/Common/DerivedDataCache/2/3/3/PHYSX_PHYSXPC_FULL_CC58B9FA08AD47E3BF06976E60B693C3_C3D8CC49B772B74B8F329A8E6BDC2EE7.udd" 2688
"C:/Users/yarik/AppData/Local/UnrealEngine/Common/DerivedDataCache/9/6/4/PHYSX_PHYSXPC_VIS_CC58B9FA08AD47E3BF06976E60B693C3_94B9046D4084AF777582C2A7C1356CEF.udd" 2689
"C:/Users/yarik/AppData/Local/UnrealEngine/Common/DerivedDataCache/3/4/9/PHYSX_PHYSXPC_FULL_CC58B9FA08AD47E3BF06976E60B693C3_345809E0D81B7AAF5D68DC9E45C44E73.udd" 2690
"C:/Users/yarik/AppData/Local/UnrealEngine/Common/DerivedDataCache/5/0/3/PHYSX_PHYSXPC_VIS_CC58B9FA08AD47E3BF06976E60B693C3_6EFAD32D4EA5426CACBCD6A4E3DD81C4.udd" 2691
"C:/Users/yarik/AppData/Local/UnrealEngine/Common/DerivedDataCache/9/7/5/PHYSX_PHYSXPC_FULL_CC58B9FA08AD47E3BF06976E60B693C3_2D4C366A85486561E7AA155EBE7D3924.udd" 2692
"C:/Users/yarik/AppData/Local/UnrealEngine/Common/DerivedDataCache/4/9/9/PHYSX_PHYSXPC_VIS_CC58B9FA08AD47E3BF06976E60B693C3_EDFADF504223E0787B4A81A29850A082.udd" 2693
"C:/Users/yarik/AppData/Local/UnrealEngine/Common/DerivedDataCache/1/6/1/PHYSX_PHYSXPC_FULL_CC58B9FA08AD47E3BF06976E60B693C3_7EB93C1A51B305A717BD1DCBB48170D1.udd" 2694
"C:/Users/yarik/AppData/Local/UnrealEngine/Common/DerivedDataCache/2/3/4/PHYSX_PHYSXPC_VIS_CC58B9FA08AD47E3BF06976E60B693C3_20D2C1D8403E8D56C22832974B6E0641.udd" 2695
"C:/Users/yarik/AppData/Local/UnrealEngine/Common/DerivedDataCache/6/0/7/PHYSX_PHYSXPC_FULL_CC58B9FA08AD47E3BF06976E60B693C3_A09D08E1AB7424EE2A580699D6113873.udd" 2696
"C:/Users/yarik/AppData/Local/UnrealEngine/Common/DerivedDataCache/8/8/1/PHYSX_PHYSXPC_VIS_CC58B9FA08AD47E3BF06976E60B693C3_BB91C6874A5B1DE47CC30AB14E84EB67.udd" 2697
"C:/Users/yarik/AppData/Local/UnrealEngine/Common/DerivedDataCache/6/0/8/PHYSX_PHYSXPC_FULL_CC58B9FA08AD47E3BF06976E60B693C3_90D8D62254D069E513B9925DDF5D8936.udd" 2698
"C:/Users/yarik/AppData/Local/UnrealEngine/Common/DerivedDataCache/5/2/5/PHYSX_PHYSXPC_VIS_CC58B9FA08AD47E3BF06976E60B693C3_5A9419814868B3FAC24596B8A79A58BF.udd" 2699
"C:/Users/yarik/AppData/Local/UnrealEngine/Common/DerivedDataCache/5/6/0/PHYSX_PHYSXPC_FULL_CC58B9FA08AD47E3BF06976E60B693C3_66244C00CD7F7890D13FDA77DC20CD72.udd" 2700
"C:/Users/yarik/AppData/Local/UnrealEngine/Common/DerivedDataCache/8/9/4/PHYSX_PHYSXPC_VIS_CC58B9FA08AD47E3BF06976E60B693C3_95354211410BF73F402FCDA225981D31.udd" 2701
"C:/Users/yarik/AppData/Local/UnrealEngine/Common/DerivedDataCache/8/8/7/PHYSX_PHYSXPC_FULL_CC58B9FA08AD47E3BF06976E60B693C3_BFF22923B8975703516B63079EBF1E5A.udd" 2702
"C:/Users/yarik/AppData/Local/UnrealEngine/Common/DerivedDataCache/0/1/7/PHYSX_PHYSXPC_VIS_CC58B9FA08AD47E3BF06976E60B693C3_BF576BDC4FB4A08E556371A2A937ED29.udd" 2703
"C:/Users/yarik/AppData/Local/UnrealEngine/Common/DerivedDataCache/5/4/5/PHYSX_PHYSXPC_FULL_CC58B9FA08AD47E3BF06976E60B693C3_79E635450D36BAFA809F5C4B60D07595.udd" 2704
"C:/Users/yarik/AppData/Local/UnrealEngine/Common/DerivedDataCache/1/4/9/PHYSX_PHYSXPC_VIS_CC58B9FA08AD47E3BF06976E60B693C3_5067DCCF47426C01E975FA917D248CA9.udd" 2705
"C:/Users/yarik/AppData/Local/UnrealEngine/Common/DerivedDataCache/0/6/8/PHYSX_PHYSXPC_FULL_CC58B9FA08AD47E3BF06976E60B693C3_815DF04CBC212C70538E23C4D4B39874.udd" 2706
"C:/Users/yarik/AppData/Local/UnrealEngine/Common/DerivedDataCache/1/2/2/PHYSX_PHYSXPC_VIS_CC58B9FA08AD47E3BF06976E60B693C3_A3267B2B44DF55992477C39C24B81F1D.udd" 2707
"C:/Users/yarik/AppData/Local/UnrealEngine/Common/DerivedDataCache/9/8/3/PHYSX_PHYSXPC_FULL_CC58B9FA08AD47E3BF06976E60B693C3_E2F1E35E4ABC52566387B01EB35ECB52.udd" 2708
"C:/Users/yarik/AppData/Local/UnrealEngine/Common/DerivedDataCache/5/8/7/PHYSX_PHYSXPC_VIS_CC58B9FA08AD47E3BF06976E60B693C3_4E55BC6840668917F6C59598590C2464.udd" 2709
"C:/Users/yarik/AppData/Local/UnrealEngine/Common/DerivedDataCache/8/6/7/TEXTURE_564290F8998644E39A2118D5C683187B_AUTODXT_0DB45F024F1A79980DE02BA34A950__B63503295524D33565B9DBE84497B84D74E115D7.udd" 2710
"C:/Users/yarik/AppData/Local/UnrealEngine/Common/DerivedDataCache/7/7/0/TEXTURE_564290F8998644E39A2118D5C683187B_AUTODXT_0DB45F024F1A79980DE02BA34A950__2DA5F0E14FBBF2E0349A0905D627B8C4BCA0E2AE.udd" 2711
"C:/Users/yarik/AppData/Local/UnrealEngine/Common/DerivedDataCache/1/4/4/TEXTURE_564290F8998644E39A2118D5C683187B_AUTODXT_0DB45F024F1A79980DE02BA34A950__F29B5EE5D5F7E745E20EA1F9B3E0FB800E551F85.udd" 2712
"C:/Users/yarik/AppData/Local/UnrealEngine/Common/DerivedDataCache/7/7/8/TEXTURE_564290F8998644E39A2118D5C683187B_AUTODXT_0DB45F024F1A79980DE02BA34A950__498D7B7AE561CF5178633FBA761DD26946B54D2B.udd" 2713
"C:/Users/yarik/AppData/Local/UnrealEngine/Common/DerivedDataCache/5/7/8/TEXTURE_564290F8998644E39A2118D5C683187B_AUTODXT_0DB45F024F1A79980DE02BA34A950__79A2DAB64B28201F33DCC339AE3927228FBD4C44.udd" 2714
"C:/Users/yarik/AppData/Local/UnrealEngine/Common/DerivedDataCache/9/1/2/TEXTURE_564290F8998644E39A2118D5C683187B_AUTODXT_0DB45F024F1A79980DE02BA34A950__D9E05C3DB6F203D7C7A9F153B82FC0AC6F0020BD.udd" 2715
"C:/Users/yarik/AppData/Local/UnrealEngine/Common/DerivedDataCache/5/8/6/TEXTURE_564290F8998644E39A2118D5C683187B_AUTODXT_0DB45F024F1A79980DE02BA34A950__F03562CE6D2FD837185F21554808A0641D437E3E.udd" 2716
"C:/Users/yarik/AppData/Local/UnrealEngine/Common/DerivedDataCache/7/9/8/TEXTURE_564290F8998644E39A2118D5C683187B_AUTODXT_806A318F46BC31C798EE9994BDC38__3BF9D2CA191337EFF39BAC1534B4274027D298A5.udd" 2717
"C:/Users/yarik/AppData/Local/UnrealEngine/Common/DerivedDataCache/9/3/3/TEXTURE_564290F8998644E39A2118D5C683187B_AUTODXT_806A318F46BC31C798EE9994BDC38__F43D54042B6BADDE0CD86973A6B1926BFA22F820.udd" 2718
"C:/Users/yarik/AppData/Local/UnrealEngine/Common/DerivedDataCache/2/2/3/TEXTURE_564290F8998644E39A2118D5C683187B_AUTODXT_806A318F46BC31C798EE9994BDC38__5375456B4F343D5005D3E1BA64FFE6CCDA349E0C.udd" 2719
"C:/Users/yarik/AppData/Local/UnrealEngine/Common/DerivedDataCache/2/1/6/TEXTURE_564290F8998644E39A2118D5C683187B_AUTODXT_806A318F46BC31C798EE9994BDC38__9FFD7C42580CA16CCE25A08C34D9BC8697CC98D7.udd" 2720
"C:/Users/yarik/AppData/Local/UnrealEngine/Common/DerivedDataCache/6/2/9/TEXTURE_564290F8998644E39A2118D5C683187B_AUTODXT_806A318F46BC31C798EE9994BDC38__E8398A43961F5F44F220873D87A9D0264A86D9F0.udd" 2721
"C:/Users/yarik/AppData/Local/UnrealEngine/Common/DerivedDataCache/8/2/8/TEXTURE_564290F8998644E39A2118D5C683187B_AUTODXT_806A318F46BC31C798EE9994BDC38__5D3BB9045D59B9EA807116EE52AA54F60225B518.udd" 2722
"C:/Users/yarik/AppData/Local/UnrealEngine/Common/DerivedDataCache/2/3/9/TEXTURE_564290F8998644E39A2118D5C683187B_AUTODXT_806A318F46BC31C798EE9994BDC38__6F8682C1E280BE92253259EE112C73B9986468C9.udd" 2723
"C:/Users/yarik/AppData/Local/UnrealEngine/Common/DerivedDataCache/6/7/7/MATSM_EEC7EF19B1AF435984C9604C80FF9350_PCD3D_SM5_8__BC5N_NOCCBN_NOIRIS_DEV_SL___8552F1B107BA7A567BE447CED9B9BDBEDB8BC1BA.udd" 2724
"C:/Users/yarik/AppData/Local/UnrealEngine/Common/DerivedDataCache/3/3/7/TEXTURE_564290F8998644E39A2118D5C683187B_BC5_12FD601243C39DF31AADD2B6FCED6E71___BC3CC9CD56EEEDFDA12A71FDC7BD6D08E56572DF.udd" 2725
"C:/Users/yarik/AppData/Local/UnrealEngine/Common/DerivedDataCache/2/0/9/TEXTURE_564290F8998644E39A2118D5C683187B_BC5_12FD601243C39DF31AADD2B6FCED6E71___2DDCB3CD27611EFC9CB5A800F8E6C8E22319124F.udd" 2726
"C:/Users/yarik/AppData/Local/UnrealEngine/Common/DerivedDataCache/1/5/1/TEXTURE_564290F8998644E39A2118D5C683187B_BC5_12FD601243C39DF31AADD2B6FCED6E71___2B9AD82FC1265B91F266E31F645EEF2A73B90E44.udd" 2727
"C:/Users/yarik/AppData/Local/UnrealEngine/Common/DerivedDataCache/1/4/4/TEXTURE_564290F8998644E39A2118D5C683187B_BC5_12FD601243C39DF31AADD2B6FCED6E71___CECAF1B652949E382F8F674C3486038384A9D415.udd" 2728
"C:/Users/yarik/AppData/Local/UnrealEngine/Common/DerivedDataCache/1/4/5/TEXTURE_564290F8998644E39A2118D5C683187B_BC5_12FD601243C39DF31AADD2B6FCED6E71___FC262090FDD54DF2B8DE1D6FD1E57ED21BC48F9A.udd" 2729
"C:/Users/yarik/AppData/Local/UnrealEngine/Common/DerivedDataCache/5/2/6/TEXTURE_564290F8998644E39A2118D5C683187B_BC5_12FD601243C39DF31AADD2B6FCED6E71___9D74A95E0603DC6849EFD61DE90B617BE51259D8.udd" 2730
"C:/Users/yarik/AppData/Local/UnrealEngine/Common/DerivedDataCache/0/5/6/TEXTURE_564290F8998644E39A2118D5C683187B_BC5_12FD601243C39DF31AADD2B6FCED6E71___5EF4902EC7C31F7EB117EE6EC87FC279ABD52C73.udd" 2731
"C:/Users/yarik/AppData/Local/UnrealEngine/Common/DerivedDataCache/8/2/8/TEXTURE_564290F8998644E39A2118D5C683187B_AUTODXT_C8E79A134A1BA7A811FB5A9DAA8AA__0D67525586F75919B585CF1B7E9DD684DB7FFBF1.udd" 2732
"C:/Users/yarik/AppData/Local/UnrealEngine/Common/DerivedDataCache/0/0/8/TEXTURE_564290F8998644E39A2118D5C683187B_AUTODXT_7577F3DB4FE29CAD89804F9523BE2__7C4FDFBD1B6F6FF212A8FB5D02C68A4FEE8A7335.udd" 2733
"C:/Users/yarik/AppData/Local/UnrealEngine/Common/DerivedDataCache/1/0/3/TEXTURE_564290F8998644E39A2118D5C683187B_AUTODXT_C8E79A134A1BA7A811FB5A9DAA8AA__57F61BB836F41A86DE0871481A4545058468BF63.udd" 2734
"C:/Users/yarik/AppData/Local/UnrealEngine/Common/DerivedDataCache/7/8/3/TEXTURE_564290F8998644E39A2118D5C683187B_AUTODXT_C8E79A134A1BA7A811FB5A9DAA8AA__CE8139AC8FAEAD41A87A92365D2E26A0F1200402.udd" 2735
"C:/Users/yarik/AppData/Local/UnrealEngine/Common/DerivedDataCache/1/1/4/TEXTURE_564290F8998644E39A2118D5C683187B_AUTODXT_C8E79A134A1BA7A811FB5A9DAA8AA__8563704DAF951CE06271D0C52247D07EBE77A9EA.udd" 2736
"C:/Users/yarik/AppData/Local/UnrealEngine/Common/DerivedDataCache/8/3/3/TEXTURE_564290F8998644E39A2118D5C683187B_AUTODXT_C8E79A134A1BA7A811FB5A9DAA8AA__15773CAB5A03D732A171293729F27C60CC67370E.udd" 2737
"C:/Users/yarik/AppData/Local/UnrealEngine/Common/DerivedDataCache/0/0/8/TEXTURE_564290F8998644E39A2118D5C683187B_BC5_B0125DA946848C06B06E89B40D6F209C___303EB9EB1E4E1267392AC0C4394F9A2EC5197D7F.udd" 2738
"C:/Users/yarik/AppData/Local/UnrealEngine/Common/DerivedDataCache/8/2/7/TEXTURE_564290F8998644E39A2118D5C683187B_AUTODXT_C8E79A134A1BA7A811FB5A9DAA8AA__79181246796FCDF582A376A7120E8A7BBE2DEC7D.udd" 2739
"C:/Users/yarik/AppData/Local/UnrealEngine/Common/DerivedDataCache/3/6/6/TEXTURE_564290F8998644E39A2118D5C683187B_AUTODXT_9E21C2CC4712B3D771CDA28E3EAE8__A22D258DE80B46B0C7DBB535D82DB89F22A5251D.udd" 2740
"C:/Users/yarik/AppData/Local/UnrealEngine/Common/DerivedDataCache/1/5/4/TEXTURE_564290F8998644E39A2118D5C683187B_AUTODXT_7577F3DB4FE29CAD89804F9523BE2__4078940EDD88E0AD9ABFB74C4B8F3A59D8AE7405.udd" 2741
"C:/Users/yarik/AppData/Local/UnrealEngine/Common/DerivedDataCache/6/7/6/TEXTURE_564290F8998644E39A2118D5C683187B_AUTODXT_7577F3DB4FE29CAD89804F9523BE2__3C0CA29351F769DB784DE57FB2E44FBF6AE38F78.udd" 2742
"C:/Users/yarik/AppData/Local/UnrealEngine/Common/DerivedDataCache/1/2/0/TEXTURE_564290F8998644E39A2118D5C683187B_AUTODXT_4E1FA72C452EBCD218019F80643FA__36E40FDA259C1BD3D1CE8E8C6D3465CAF2DF3922.udd" 2743
"C:/Users/yarik/AppData/Local/UnrealEngine/Common/DerivedDataCache/1/0/2/TEXTURE_564290F8998644E39A2118D5C683187B_BC5_B0125DA946848C06B06E89B40D6F209C___B835BAB3927A9B7EC15775BE3FC22BF3681388E1.udd" 2744
"C:/Users/yarik/AppData/Local/UnrealEngine/Common/DerivedDataCache/1/9/3/TEXTURE_564290F8998644E39A2118D5C683187B_AUTODXT_9E21C2CC4712B3D771CDA28E3EAE8__453E769D899A837A42FCA855FB07BAFBC12A884F.udd" 2745
"C:/Users/yarik/AppData/Local/UnrealEngine/Common/DerivedDataCache/7/9/8/TEXTURE_564290F8998644E39A2118D5C683187B_AUTODXT_4E1FA72C452EBCD218019F80643FA__408D94B7BDA017D550CA087A95043CDB6544AE66.udd" 2746
"C:/Users/yarik/AppData/Local/UnrealEngine/Common/DerivedDataCache/9/5/3/TEXTURE_564290F8998644E39A2118D5C683187B_AUTODXT_7577F3DB4FE29CAD89804F9523BE2__686293205DA1DFA64FAEA80B41152EE6A5420F74.udd" 2747
"C:/Users/yarik/AppData/Local/UnrealEngine/Common/DerivedDataCache/8/1/6/TEXTURE_564290F8998644E39A2118D5C683187B_AUTODXT_7577F3DB4FE29CAD89804F9523BE2__2FFE895F7BE7E46C431D1B5A2564131A0070507D.udd" 2748
"C:/Users/yarik/AppData/Local/UnrealEngine/Common/DerivedDataCache/6/8/8/TEXTURE_564290F8998644E39A2118D5C683187B_BC5_B0125DA946848C06B06E89B40D6F209C___CC53B3F13D6FDE6B424C1DDE440E90C7D67B3EF0.udd" 2749
"C:/Users/yarik/AppData/Local/UnrealEngine/Common/DerivedDataCache/3/8/6/TEXTURE_564290F8998644E39A2118D5C683187B_BC5_B0125DA946848C06B06E89B40D6F209C___E714AC378B998130D199476B69F5E3ADC40F73B3.udd" 2750
"C:/Users/yarik/AppData/Local/UnrealEngine/Common/DerivedDataCache/4/8/9/TEXTURE_564290F8998644E39A2118D5C683187B_BC5_B0125DA946848C06B06E89B40D6F209C___5051ED64D443842E6F62C5040C63C1043871607D.udd" 2751
"C:/Users/yarik/AppData/Local/UnrealEngine/Common/DerivedDataCache/0/3/5/TEXTURE_564290F8998644E39A2118D5C683187B_BC5_B0125DA946848C06B06E89B40D6F209C___54B469681FFA93EF5BB5A27CCDC62AD6B6DC33D4.udd" 2752
"C:/Users/yarik/AppData/Local/UnrealEngine/Common/DerivedDataCache/9/7/3/TEXTURE_564290F8998644E39A2118D5C683187B_BC5_B0125DA946848C06B06E89B40D6F209C___92839B305E9083E886079B466424A013B2A7D84B.udd" 2753
"C:/Users/yarik/AppData/Local/UnrealEngine/Common/DerivedDataCache/6/9/7/TEXTURE_564290F8998644E39A2118D5C683187B_AUTODXT_9E21C2CC4712B3D771CDA28E3EAE8__FBD0CAA36148FEE42C34DDFDF61E767D62FB1575.udd" 2754
"C:/Users/yarik/AppData/Local/UnrealEngine/Common/DerivedDataCache/5/9/6/TEXTURE_564290F8998644E39A2118D5C683187B_AUTODXT_9E21C2CC4712B3D771CDA28E3EAE8__1F0AA7D915B3838C75C909278F74AAD081FB67E7.udd" 2755
"C:/Users/yarik/AppData/Local/UnrealEngine/Common/DerivedDataCache/3/2/2/TEXTURE_564290F8998644E39A2118D5C683187B_AUTODXT_9E21C2CC4712B3D771CDA28E3EAE8__B28ABFE5E82785D2D6A8377C0452544257FEF15C.udd" 2756
"C:/Users/yarik/AppData/Local/UnrealEngine/Common/DerivedDataCache/5/1/4/TEXTURE_564290F8998644E39A2118D5C683187B_AUTODXT_9E21C2CC4712B3D771CDA28E3EAE8__4AFF7B593A9ED3959BFEFFAA87C684D8293DEE95.udd" 2757
"C:/Users/yarik/AppData/Local/UnrealEngine/Common/DerivedDataCache/3/2/2/TEXTURE_564290F8998644E39A2118D5C683187B_AUTODXT_9E21C2CC4712B3D771CDA28E3EAE8__8105F6B2B62F777F5F148C0F1C6CBEC14D74EA6E.udd" 2758
"C:/Users/yarik/AppData/Local/UnrealEngine/Common/DerivedDataCache/6/6/0/TEXTURE_564290F8998644E39A2118D5C683187B_AUTODXT_4E1FA72C452EBCD218019F80643FA__3BD4EC82E1C2D7B1155AAE3A39402D39C8FA287B.udd" 2759
"C:/Users/yarik/AppData/Local/UnrealEngine/Common/DerivedDataCache/6/4/3/TEXTURE_564290F8998644E39A2118D5C683187B_AUTODXT_4E1FA72C452EBCD218019F80643FA__05426B9AB2B2341BDF36901D7EB29F3B3CC30211.udd" 2760
"C:/Users/yarik/AppData/Local/UnrealEngine/Common/DerivedDataCache/3/1/9/TEXTURE_564290F8998644E39A2118D5C683187B_AUTODXT_4E1FA72C452EBCD218019F80643FA__186EA431C7B5A7DB8F73E8C3FF597305E8324D1C.udd" 2761
"C:/Users/yarik/AppData/Local/UnrealEngine/Common/DerivedDataCache/7/3/9/TEXTURE_564290F8998644E39A2118D5C683187B_AUTODXT_4E1FA72C452EBCD218019F80643FA__6CF31493546E279B1D8494CD2E02EC1462B5CA8D.udd" 2762
"C:/Users/yarik/AppData/Local/UnrealEngine/Common/DerivedDataCache/3/4/9/TEXTURE_564290F8998644E39A2118D5C683187B_AUTODXT_4E1FA72C452EBCD218019F80643FA__133EFCD5B946E2726882310ECF1D1830232058EE.udd" 2763
"C:/Users/yarik/AppData/Local/UnrealEngine/Common/DerivedDataCache/1/7/8/TEXTURE_564290F8998644E39A2118D5C683187B_AUTODXT_C8E79A134A1BA7A811FB5A9DAA8AA__F8989E477B7B101245252EB40A87A212AB48BC25.udd" 2764
"C:/Users/yarik/AppData/Local/UnrealEngine/Common/DerivedDataCache/8/1/4/TEXTURE_564290F8998644E39A2118D5C683187B_AUTODXT_7577F3DB4FE29CAD89804F9523BE2__675E700EF85A6919BCB7AFC142B93701E39A6133.udd" 2765
"C:/Users/yarik/AppData/Local/UnrealEngine/Common/DerivedDataCache/2/3/2/TEXTURE_564290F8998644E39A2118D5C683187B_AUTODXT_7577F3DB4FE29CAD89804F9523BE2__F96AC0B7C354B70EC2924B059D4C43AF1DD8EA77.udd" 2766
"C:/Users/yarik/AppData/Local/UnrealEngine/Common/DerivedDataCache/3/2/0/TEXTURE_564290F8998644E39A2118D5C683187B_BC5_4F1F912B465DE4FB28536EA88686F7A7___4586C7636017B5B3F7D2F93C66F728B6305262F5.udd" 2767
"C:/Users/yarik/AppData/Local/UnrealEngine/Common/DerivedDataCache/7/8/9/TEXTURE_564290F8998644E39A2118D5C683187B_BC5_4F1F912B465DE4FB28536EA88686F7A7___5EADAA9A8E3A5CB9FAA045D5B4349E2242E7014F.udd" 2768
"C:/Users/yarik/AppData/Local/UnrealEngine/Common/DerivedDataCache/4/8/7/TEXTURE_564290F8998644E39A2118D5C683187B_BC5_4F1F912B465DE4FB28536EA88686F7A7___5ECEB9CD3FD26D3AA2F30420EC8FC883674EDCD8.udd" 2769
"C:/Users/yarik/AppData/Local/UnrealEngine/Common/DerivedDataCache/7/7/7/TEXTURE_564290F8998644E39A2118D5C683187B_BC5_4F1F912B465DE4FB28536EA88686F7A7___917D3F4E0E950C9F5E100EA7CE93A9EAC7612569.udd" 2770
"C:/Users/yarik/AppData/Local/UnrealEngine/Common/DerivedDataCache/1/9/1/TEXTURE_564290F8998644E39A2118D5C683187B_BC5_4F1F912B465DE4FB28536EA88686F7A7___CEC4EF3A11CC4272B1AA0FECE8118738C3D86DA0.udd" 2771
"C:/Users/yarik/AppData/Local/UnrealEngine/Common/DerivedDataCache/4/7/6/TEXTURE_564290F8998644E39A2118D5C683187B_BC5_4F1F912B465DE4FB28536EA88686F7A7___F828FE1C72496795F28C18939589172520A75D02.udd" 2772
"C:/Users/yarik/AppData/Local/UnrealEngine/Common/DerivedDataCache/3/7/8/TEXTURE_564290F8998644E39A2118D5C683187B_AUTODXT_F145D29E428EB940593EECAF221DF__7EFC17A3D6BEAFA231A0ECC63D6CD64E2B2D69F1.udd" 2773
"C:/Users/yarik/AppData/Local/UnrealEngine/Common/DerivedDataCache/9/8/3/TEXTURE_564290F8998644E39A2118D5C683187B_AUTODXT_F145D29E428EB940593EECAF221DF__3B9E62A41D2AFF9F9ED8D7E731E32604EFB2CC8C.udd" 2774
"C:/Users/yarik/AppData/Local/UnrealEngine/Common/DerivedDataCache/7/0/1/TEXTURE_564290F8998644E39A2118D5C683187B_AUTODXT_F145D29E428EB940593EECAF221DF__B242D8EC419B3F3A72507B5E5C8CD966298294E5.udd" 2775
"C:/Users/yarik/AppData/Local/UnrealEngine/Common/DerivedDataCache/9/0/0/TEXTURE_564290F8998644E39A2118D5C683187B_AUTODXT_F145D29E428EB940593EECAF221DF__BE4679F4FDD523432E6410EDB6E2E166854AA394.udd" 2776
"C:/Users/yarik/AppData/Local/UnrealEngine/Common/DerivedDataCache/4/3/1/TEXTURE_564290F8998644E39A2118D5C683187B_AUTODXT_F145D29E428EB940593EECAF221DF__B61CDF0C28D77A70714FF184D5BF75C75C2245AD.udd" 2777
"C:/Users/yarik/AppData/Local/UnrealEngine/Common/DerivedDataCache/9/0/7/TEXTURE_564290F8998644E39A2118D5C683187B_BC5_4F1F912B465DE4FB28536EA88686F7A7___F7C67173B2E85C08A05C429993357505D3BF7558.udd" 2778
"C:/Users/yarik/AppData/Local/UnrealEngine/Common/DerivedDataCache/1/7/1/TEXTURE_564290F8998644E39A2118D5C683187B_AUTODXT_F145D29E428EB940593EECAF221DF__EFC86B355FF89F4D57858E1ADBBFDF0CC8357004.udd" 2779
"C:/Users/yarik/AppData/Local/UnrealEngine/Common/DerivedDataCache/2/7/9/TEXTURE_564290F8998644E39A2118D5C683187B_AUTODXT_F145D29E428EB940593EECAF221DF__C0F3E7E888DDD10D7641F65269602618C2A9AE52.udd" 2780
"C:/Users/yarik/AppData/Local/UnrealEngine/Common/DerivedDataCache/7/4/1/TEXTURE_564290F8998644E39A2118D5C683187B_AUTODXT_38E2FBD147C9593B20C30DBC09C95__ADCE0CEE5D9FEEA2EEBF0D20C4FA3AFAFA714657.udd" 2781
"C:/Users/yarik/AppData/Local/UnrealEngine/Common/DerivedDataCache/7/0/6/TEXTURE_564290F8998644E39A2118D5C683187B_AUTODXT_38E2FBD147C9593B20C30DBC09C95__923129BEA28B2C34AD865740BD96A2686F13CB37.udd" 2782
"C:/Users/yarik/AppData/Local/UnrealEngine/Common/DerivedDataCache/2/7/4/TEXTURE_564290F8998644E39A2118D5C683187B_AUTODXT_38E2FBD147C9593B20C30DBC09C95__271ECE1F6C46F09472DA94C859FEFB2284500CD8.udd" 2783
"C:/Users/yarik/AppData/Local/UnrealEngine/Common/DerivedDataCache/2/8/8/TEXTURE_564290F8998644E39A2118D5C683187B_AUTODXT_38E2FBD147C9593B20C30DBC09C95__585F0E4F9754DD1F4E9C110C5328DFB7CAE3AFD2.udd" 2784
"C:/Users/yarik/AppData/Local/UnrealEngine/Common/DerivedDataCache/1/8/6/TEXTURE_564290F8998644E39A2118D5C683187B_AUTODXT_38E2FBD147C9593B20C30DBC09C95__4335B643998C2CDCA521408ED4032EF3E4734D51.udd" 2785
"C:/Users/yarik/AppData/Local/UnrealEngine/Common/DerivedDataCache/5/3/9/TEXTURE_564290F8998644E39A2118D5C683187B_AUTODXT_38E2FBD147C9593B20C30DBC09C95__0909F2D991D0EF87CE8C5363C3A466A2D6F1997B.udd" 2786
"C:/Users/yarik/AppData/Local/UnrealEngine/Common/DerivedDataCache/4/3/5/TEXTURE_564290F8998644E39A2118D5C683187B_AUTODXT_38E2FBD147C9593B20C30DBC09C95__6CCC3A4F0CF294206CF23686E324057FB5061611.udd" 2787
"C:/Users/yarik/AppData/Local/UnrealEngine/Common/DerivedDataCache/7/4/3/TEXTURE_564290F8998644E39A2118D5C683187B_BC5_043C427A4B0E52141541939E7549039E___383E84646E84FEF600FC8CBBE1F2AF4F485784A5.udd" 2788
"C:/Users/yarik/AppData/Local/UnrealEngine/Common/DerivedDataCache/9/6/6/TEXTURE_564290F8998644E39A2118D5C683187B_BC5_043C427A4B0E52141541939E7549039E___D2B4367911483D7F7386931E42E85308BF9D13C2.udd" 2789
"C:/Users/yarik/AppData/Local/UnrealEngine/Common/DerivedDataCache/3/2/4/TEXTURE_564290F8998644E39A2118D5C683187B_BC5_043C427A4B0E52141541939E7549039E___FE6285F508B22AB6CA682BD1BF5A3E08BC19C89E.udd" 2790
"C:/Users/yarik/AppData/Local/UnrealEngine/Common/DerivedDataCache/6/7/0/TEXTURE_564290F8998644E39A2118D5C683187B_BC5_043C427A4B0E52141541939E7549039E___A01745470811B862A700A785460CC0EB277EA0F3.udd" 2791
"C:/Users/yarik/AppData/Local/UnrealEngine/Common/DerivedDataCache/1/6/8/TEXTURE_564290F8998644E39A2118D5C683187B_BC5_043C427A4B0E52141541939E7549039E___7DC59D9BD933260E06153A0BA808656756B058D0.udd" 2792
"C:/Users/yarik/AppData/Local/UnrealEngine/Common/DerivedDataCache/3/3/2/TEXTURE_564290F8998644E39A2118D5C683187B_BC5_043C427A4B0E52141541939E7549039E___13941469804B12015D6F501A8CF02E41520597BE.udd" 2793
"C:/Users/yarik/AppData/Local/UnrealEngine/Common/DerivedDataCache/6/9/5/TEXTURE_564290F8998644E39A2118D5C683187B_BC5_043C427A4B0E52141541939E7549039E___770EDE037173E515B76EE048D4C9116EF6D24AA7.udd" 2794
"C:/Users/yarik/AppData/Local/UnrealEngine/Common/DerivedDataCache/4/8/5/TEXTURE_564290F8998644E39A2118D5C683187B_AUTODXT_AE45609A4180087880A71A9A68DAA__43032C89F223C862F6F5E6B5BC5675D2AA86EBF2.udd" 2795
"C:/Users/yarik/AppData/Local/UnrealEngine/Common/DerivedDataCache/8/6/9/TEXTURE_564290F8998644E39A2118D5C683187B_AUTODXT_D9C5B5C5471FF6DAEE1DBFA67A666__0965665B1E081A1D69C9820F7C5F10A2CFB5787D.udd" 2796
"C:/Users/yarik/AppData/Local/UnrealEngine/Common/DerivedDataCache/9/4/2/TEXTURE_564290F8998644E39A2118D5C683187B_AUTODXT_60990C454DE0E706A19D259189E6B__21F504C4753F132B657C081F1F265018E5AFA60C.udd" 2797
"C:/Users/yarik/AppData/Local/UnrealEngine/Common/DerivedDataCache/9/8/4/TEXTURE_564290F8998644E39A2118D5C683187B_AUTODXT_AE45609A4180087880A71A9A68DAA__B69E54DBFD8788C9AB582D1C6C858134E7E3F2C7.udd" 2798
"C:/Users/yarik/AppData/Local/UnrealEngine/Common/DerivedDataCache/5/4/2/TEXTURE_564290F8998644E39A2118D5C683187B_AUTODXT_AE45609A4180087880A71A9A68DAA__1158A6A5407EDFC058C90C07F82EAC2EB8A79BAB.udd" 2799
"C:/Users/yarik/AppData/Local/UnrealEngine/Common/DerivedDataCache/0/7/4/TEXTURE_564290F8998644E39A2118D5C683187B_AUTODXT_D9C5B5C5471FF6DAEE1DBFA67A666__6FD34939AE900D2BF6DC989C5F89A23EF5D47BF2.udd" 2800
"C:/Users/yarik/AppData/Local/UnrealEngine/Common/DerivedDataCache/1/4/3/TEXTURE_564290F8998644E39A2118D5C683187B_AUTODXT_60990C454DE0E706A19D259189E6B__C002DD00F91C07612BE37A49EE9652478E29AA0E.udd" 2801
"C:/Users/yarik/AppData/Local/UnrealEngine/Common/DerivedDataCache/4/8/9/TEXTURE_564290F8998644E39A2118D5C683187B_AUTODXT_D9C5B5C5471FF6DAEE1DBFA67A666__4C278BF9BBA1421F72F4F435F794299E0B544476.udd" 2802
"C:/Users/yarik/AppData/Local/UnrealEngine/Common/DerivedDataCache/8/5/8/TEXTURE_564290F8998644E39A2118D5C683187B_AUTODXT_AE45609A4180087880A71A9A68DAA__71F8ECEE4576E79D18D6EFC3EC0C68B510F7A419.udd" 2803
"C:/Users/yarik/AppData/Local/UnrealEngine/Common/DerivedDataCache/2/7/4/TEXTURE_564290F8998644E39A2118D5C683187B_AUTODXT_D9C5B5C5471FF6DAEE1DBFA67A666__4D22EC0A17DF2386195C83861C5F1D4A1C643103.udd" 2804
"C:/Users/yarik/AppData/Local/UnrealEngine/Common/DerivedDataCache/2/3/7/MATSM_EEC7EF19B1AF435984C9604C80FF9350_PCD3D_SM5_8__BC5N_NOCCBN_NOIRIS_DEV_SL___A0A71759D521815689DCFDB61C2257C0BC94EA25.udd" 2805
"C:/Users/yarik/AppData/Local/UnrealEngine/Common/DerivedDataCache/3/8/8/TEXTURE_564290F8998644E39A2118D5C683187B_AUTODXT_D9C5B5C5471FF6DAEE1DBFA67A666__59F613A372F80BF3AA1DADC21D45ADAA229005F8.udd" 2806
"C:/Users/yarik/AppData/Local/UnrealEngine/Common/DerivedDataCache/3/0/7/TEXTURE_564290F8998644E39A2118D5C683187B_AUTODXT_D9C5B5C5471FF6DAEE1DBFA67A666__D841590A4DDC8C4071CEE33964FF4B20F577753D.udd" 2807
"C:/Users/yarik/AppData/Local/UnrealEngine/Common/DerivedDataCache/9/4/6/TEXTURE_564290F8998644E39A2118D5C683187B_AUTODXT_D9C5B5C5471FF6DAEE1DBFA67A666__174288E4BA558B433246BABA7595961B0A3B7BFE.udd" 2808
"C:/Users/yarik/AppData/Local/UnrealEngine/Common/DerivedDataCache/5/7/3/TEXTURE_564290F8998644E39A2118D5C683187B_AUTODXT_60990C454DE0E706A19D259189E6B__508B92944E4CFBC7882E8FBE1FEBD3A9CBF556BA.udd" 2809
"C:/Users/yarik/AppData/Local/UnrealEngine/Common/DerivedDataCache/7/7/2/TEXTURE_564290F8998644E39A2118D5C683187B_AUTODXT_60990C454DE0E706A19D259189E6B__0D4F6580C64D07DC5501AB12B3C7338E8495584B.udd" 2810
"C:/Users/yarik/AppData/Local/UnrealEngine/Common/DerivedDataCache/2/8/8/TEXTURE_564290F8998644E39A2118D5C683187B_AUTODXT_60990C454DE0E706A19D259189E6B__4A1DDBFEB869DF40AC131F17C40E1801A2DF4284.udd" 2811
"C:/Users/yarik/AppData/Local/UnrealEngine/Common/DerivedDataCache/4/1/1/TEXTURE_564290F8998644E39A2118D5C683187B_AUTODXT_60990C454DE0E706A19D259189E6B__2C0C3B30E56821D6F6412D82B489FAD061050E33.udd" 2812
"C:/Users/yarik/AppData/Local/UnrealEngine/Common/DerivedDataCache/7/2/2/TEXTURE_564290F8998644E39A2118D5C683187B_AUTODXT_60990C454DE0E706A19D259189E6B__272491FA0FDE81DF8AF6365130A5CA64B9CD249F.udd" 2813
"C:/Users/yarik/AppData/Local/UnrealEngine/Common/DerivedDataCache/8/5/6/TEXTURE_564290F8998644E39A2118D5C683187B_AUTODXT_AE45609A4180087880A71A9A68DAA__D9F90053D21DB41B14B7816168EE8061418F6CFD.udd" 2814
"C:/Users/yarik/AppData/Local/UnrealEngine/Common/DerivedDataCache/3/3/1/TEXTURE_564290F8998644E39A2118D5C683187B_AUTODXT_AE45609A4180087880A71A9A68DAA__9B3C836F6EFB32D8CDF4523F69BECF26D367ED0D.udd" 2815
"C:/Users/yarik/AppData/Local/UnrealEngine/Common/DerivedDataCache/2/3/3/TEXTURE_564290F8998644E39A2118D5C683187B_AUTODXT_AE45609A4180087880A71A9A68DAA__3DE5B1715DEC2DEF4B07DB4C58BD708A62952E6D.udd" 2816
"C:/Users/yarik/AppData/Local/UnrealEngine/Common/DerivedDataCache/3/0/9/TEXTURE_564290F8998644E39A2118D5C683187B_BC5_F27843D149B692CD3ED0158BBEA7CBF1___2279AEE7AF2136DD19DC5A49EED76290D10A374C.udd" 2817
"C:/Users/yarik/AppData/Local/UnrealEngine/Common/DerivedDataCache/2/9/8/TEXTURE_564290F8998644E39A2118D5C683187B_BC5_F27843D149B692CD3ED0158BBEA7CBF1___4F91AC94FAC40F95608F49A632E2B1F611DFF473.udd" 2818
"C:/Users/yarik/AppData/Local/UnrealEngine/Common/DerivedDataCache/9/8/9/TEXTURE_564290F8998644E39A2118D5C683187B_BC5_F27843D149B692CD3ED0158BBEA7CBF1___C87F978C4DB513179C55B1BF61C93055B71C3A88.udd" 2819
"C:/Users/yarik/AppData/Local/UnrealEngine/Common/DerivedDataCache/1/5/9/TEXTURE_564290F8998644E39A2118D5C683187B_BC5_F27843D149B692CD3ED0158BBEA7CBF1___2D94BF72E49F6C76B63E44D29A549F96896A8187.udd" 2820
"C:/Users/yarik/AppData/Local/UnrealEngine/Common/DerivedDataCache/4/3/4/TEXTURE_564290F8998644E39A2118D5C683187B_BC5_F27843D149B692CD3ED0158BBEA7CBF1___C31BF24BE985E6BC42A949369FA7722CAA467323.udd" 2821
"C:/Users/yarik/AppData/Local/UnrealEngine/Common/DerivedDataCache/0/1/7/TEXTURE_564290F8998644E39A2118D5C683187B_BC5_F27843D149B692CD3ED0158BBEA7CBF1___E43B02D409E65CD1319934D86EACF7D14C3C6559.udd" 2822
"C:/Users/yarik/AppData/Local/UnrealEngine/Common/DerivedDataCache/6/9/4/TEXTURE_564290F8998644E39A2118D5C683187B_BC5_F27843D149B692CD3ED0158BBEA7CBF1___4C55A2C61E788C4BBD40F7319DDDB2DFC2DF10B9.udd" 2823
"C:/Users/yarik/AppData/Local/UnrealEngine/Common/DerivedDataCache/1/4/8/TEXTURE_564290F8998644E39A2118D5C683187B_AUTODXT_1A4A1DE04D12E3C289BF298A2F8D0__63510A61810A860B87C192A2CCD2590C91809086.udd" 2824
"C:/Users/yarik/AppData/Local/UnrealEngine/Common/DerivedDataCache/1/8/1/TEXTURE_564290F8998644E39A2118D5C683187B_AUTODXT_1A4A1DE04D12E3C289BF298A2F8D0__182C2BF8191F9FF74D2D1DAD255D351D05FB7BCA.udd" 2825
"C:/Users/yarik/AppData/Local/UnrealEngine/Common/DerivedDataCache/2/4/4/TEXTURE_564290F8998644E39A2118D5C683187B_AUTODXT_1A4A1DE04D12E3C289BF298A2F8D0__02DDB0EE3F86BF263BDB07A5DF53758546313AEB.udd" 2826
"C:/Users/yarik/AppData/Local/UnrealEngine/Common/DerivedDataCache/7/6/3/TEXTURE_564290F8998644E39A2118D5C683187B_AUTODXT_1A4A1DE04D12E3C289BF298A2F8D0__987A80AD6E0DEE51C1694D96504940298B09906C.udd" 2827
"C:/Users/yarik/AppData/Local/UnrealEngine/Common/DerivedDataCache/9/3/4/TEXTURE_564290F8998644E39A2118D5C683187B_AUTODXT_1A4A1DE04D12E3C289BF298A2F8D0__99E0702417706B33B5FAC67A894E5A6F54C6B558.udd" 2828
"C:/Users/yarik/AppData/Local/UnrealEngine/Common/DerivedDataCache/7/8/0/TEXTURE_564290F8998644E39A2118D5C683187B_AUTODXT_1A4A1DE04D12E3C289BF298A2F8D0__62F3684E1B105D2A713C8856757AF7B896CAA74A.udd" 2829
"C:/Users/yarik/AppData/Local/UnrealEngine/Common/DerivedDataCache/0/0/6/TEXTURE_564290F8998644E39A2118D5C683187B_AUTODXT_1A4A1DE04D12E3C289BF298A2F8D0__B10F6BFEC87E6DA7C385CBEBBC0B296E45CDBD2E.udd" 2830
"C:/Users/yarik/AppData/Local/UnrealEngine/Common/DerivedDataCache/5/3/6/TEXTURE_564290F8998644E39A2118D5C683187B_AUTODXT_91F96CE14534C71148D804BE1FC38__3E5411A6DDF71A2725B06A2BAA913C41BA7CE884.udd" 2831
"C:/Users/yarik/AppData/Local/UnrealEngine/Common/DerivedDataCache/8/5/0/TEXTURE_564290F8998644E39A2118D5C683187B_BC5_E4FE0B364DE71E8FA9B78D9B34B221BB___6EBBB3A7CD0A37BD26CC7A221466E16AB9BC7AB2.udd" 2832
"C:/Users/yarik/AppData/Local/UnrealEngine/Common/DerivedDataCache/3/0/9/TEXTURE_564290F8998644E39A2118D5C683187B_AUTODXT_91F96CE14534C71148D804BE1FC38__F81408D5A7D51115C0344284BE38ADBDFF088335.udd" 2833
"C:/Users/yarik/AppData/Local/UnrealEngine/Common/DerivedDataCache/4/7/8/TEXTURE_564290F8998644E39A2118D5C683187B_AUTODXT_91F96CE14534C71148D804BE1FC38__3E67AD7A0E4A1B9ADE011443BA0E6560666654E6.udd" 2834
"C:/Users/yarik/AppData/Local/UnrealEngine/Common/DerivedDataCache/6/6/6/TEXTURE_564290F8998644E39A2118D5C683187B_AUTODXT_91F96CE14534C71148D804BE1FC38__476E12368F2A4AE5E3AE72C295597F8C417E06F4.udd" 2835
"C:/Users/yarik/AppData/Local/UnrealEngine/Common/DerivedDataCache/2/4/6/TEXTURE_564290F8998644E39A2118D5C683187B_AUTODXT_91F96CE14534C71148D804BE1FC38__51FA915EACE11FDC1E47B3557B03E92C3FC97353.udd" 2836
"C:/Users/yarik/AppData/Local/UnrealEngine/Common/DerivedDataCache/7/3/0/TEXTURE_564290F8998644E39A2118D5C683187B_AUTODXT_B9E13D734174B8A67FE711AC60F2C__DA0B126BF9D98464D03941DD6959E2E272605801.udd" 2837
"C:/Users/yarik/AppData/Local/UnrealEngine/Common/DerivedDataCache/6/5/4/TEXTURE_564290F8998644E39A2118D5C683187B_BC5_E4FE0B364DE71E8FA9B78D9B34B221BB___07EEE8AB805905F524AB5E2EE0C099C6C7E98540.udd" 2838
"C:/Users/yarik/AppData/Local/UnrealEngine/Common/DerivedDataCache/2/8/9/TEXTURE_564290F8998644E39A2118D5C683187B_AUTODXT_277FC95E417764F78B9A31A62F05C__B61EAEA3A2C58AE141793AD94BEA75C5C5C95C75.udd" 2839
"C:/Users/yarik/AppData/Local/UnrealEngine/Common/DerivedDataCache/9/3/8/TEXTURE_564290F8998644E39A2118D5C683187B_AUTODXT_B9E13D734174B8A67FE711AC60F2C__6BA2B7BED0D821AC8652EBA28F0BAE76509EE4A9.udd" 2840
"C:/Users/yarik/AppData/Local/UnrealEngine/Common/DerivedDataCache/4/2/3/TEXTURE_564290F8998644E39A2118D5C683187B_BC5_E4FE0B364DE71E8FA9B78D9B34B221BB___EA2EB0BF84EC75C2ABBB86AEAA4B8B53B0B7C9CC.udd" 2841
"C:/Users/yarik/AppData/Local/UnrealEngine/Common/DerivedDataCache/1/9/6/TEXTURE_564290F8998644E39A2118D5C683187B_BC5_E4FE0B364DE71E8FA9B78D9B34B221BB___2B0DFBB0D69FACC3B6F55D5D5E9520E89B16C80B.udd" 2842
"C:/Users/yarik/AppData/Local/UnrealEngine/Common/DerivedDataCache/7/7/6/TEXTURE_564290F8998644E39A2118D5C683187B_AUTODXT_91F96CE14534C71148D804BE1FC38__4B24E10638AFFC6512DFA07CB7478DD164FD2271.udd" 2843
"C:/Users/yarik/AppData/Local/UnrealEngine/Common/DerivedDataCache/7/7/7/TEXTURE_564290F8998644E39A2118D5C683187B_AUTODXT_9A16FB694CE1E911D8B89DB06E389__44DE6E18EE1A413C385A0589145A02BF145A59FC.udd" 2844
"C:/Users/yarik/AppData/Local/UnrealEngine/Common/DerivedDataCache/4/5/9/TEXTURE_564290F8998644E39A2118D5C683187B_AUTODXT_83D2D51E407C7BA05305C0B8FECF2__AB19D38E58B351D53D51F6CD76FF127ED2F2EE37.udd" 2845
"C:/Users/yarik/AppData/Local/UnrealEngine/Common/DerivedDataCache/7/3/7/TEXTURE_564290F8998644E39A2118D5C683187B_AUTODXT_277FC95E417764F78B9A31A62F05C__B92E929401268032848C7B06C8FD3C2D02C46D65.udd" 2846
"C:/Users/yarik/AppData/Local/UnrealEngine/Common/DerivedDataCache/3/9/0/TEXTURE_564290F8998644E39A2118D5C683187B_AUTODXT_9A16FB694CE1E911D8B89DB06E389__5F606DFCAAA789AE872D7A7439F0E7D10219CD6B.udd" 2847
"C:/Users/yarik/AppData/Local/UnrealEngine/Common/DerivedDataCache/7/3/1/TEXTURE_564290F8998644E39A2118D5C683187B_AUTODXT_411D9224435CDE562060D9B12BB97__DC3CE81A5AAF207FC79A1C787C3EC134D464DA05.udd" 2848
"C:/Users/yarik/AppData/Local/UnrealEngine/Common/DerivedDataCache/5/5/0/TEXTURE_564290F8998644E39A2118D5C683187B_AUTODXT_83D2D51E407C7BA05305C0B8FECF2__974A247BC17DDAA6F357F0DF277BBEFF11CBD830.udd" 2849
"C:/Users/yarik/AppData/Local/UnrealEngine/Common/DerivedDataCache/9/6/4/TEXTURE_564290F8998644E39A2118D5C683187B_AUTODXT_411D9224435CDE562060D9B12BB97__14BC960841D8130ADE58FBF30EA08FB21376EA43.udd" 2850
"C:/Users/yarik/AppData/Local/UnrealEngine/Common/DerivedDataCache/7/6/8/TEXTURE_564290F8998644E39A2118D5C683187B_AUTODXT_411D9224435CDE562060D9B12BB97__1DE4410AA16274F8C73F11A82F161E1CAE6A8117.udd" 2851
"C:/Users/yarik/AppData/Local/UnrealEngine/Common/DerivedDataCache/7/6/5/TEXTURE_564290F8998644E39A2118D5C683187B_AUTODXT_411D9224435CDE562060D9B12BB97__0EB4DED768232C37CAED9FE844910473B2D6AC04.udd" 2852
"C:/Users/yarik/AppData/Local/UnrealEngine/Common/DerivedDataCache/0/8/3/MATSM_EEC7EF19B1AF435984C9604C80FF9350_PCD3D_SM5_8__BC5N_NOCCBN_NOIRIS_DEV_SL___ED346D9FD3DA3FC9218FB43A3CC922E3D6A07C1D.udd" 2853
"C:/Users/yarik/AppData/Local/UnrealEngine/Common/DerivedDataCache/8/8/5/TEXTURE_564290F8998644E39A2118D5C683187B_BC5_E4FE0B364DE71E8FA9B78D9B34B221BB___E6E00DC8F77E403E9D8EEDC0BAF075F78CC15DC3.udd" 2854
"C:/Users/yarik/AppData/Local/UnrealEngine/Common/DerivedDataCache/0/0/8/TEXTURE_564290F8998644E39A2118D5C683187B_BC5_E4FE0B364DE71E8FA9B78D9B34B221BB___9FDF3DD1DFEA7DFDB696CD085921ADEABA509847.udd" 2855
"C:/Users/yarik/AppData/Local/UnrealEngine/Common/DerivedDataCache/2/0/4/TEXTURE_564290F8998644E39A2118D5C683187B_BC5_E4FE0B364DE71E8FA9B78D9B34B221BB___51CD088A63541A02689C51A8ADE703280D8EFB48.udd" 2856
"C:/Users/yarik/AppData/Local/UnrealEngine/Common/DerivedDataCache/1/3/1/TEXTURE_564290F8998644E39A2118D5C683187B_AUTODXT_B9E13D734174B8A67FE711AC60F2C__03668FAE05DE367FA75B46DCBECDE2E1BB7A8B4E.udd" 2857
"C:/Users/yarik/AppData/Local/UnrealEngine/Common/DerivedDataCache/3/6/6/TEXTURE_564290F8998644E39A2118D5C683187B_AUTODXT_B9E13D734174B8A67FE711AC60F2C__917BF080E9D22A2D0133BD2897CBC61C436A3E46.udd" 2858
"C:/Users/yarik/AppData/Local/UnrealEngine/Common/DerivedDataCache/8/6/6/TEXTURE_564290F8998644E39A2118D5C683187B_AUTODXT_D2781D6F43078143610B7FBFF5169__C295CA4A2B1881632A354B8F2A4563E06BB6B38F.udd" 2859
"C:/Users/yarik/AppData/Local/UnrealEngine/Common/DerivedDataCache/4/8/6/TEXTURE_564290F8998644E39A2118D5C683187B_AUTODXT_047D5152413E430CBEFBBE9825583__511E019D6BF5A2E2892E9347B02173858B156D42.udd" 2860
"C:/Users/yarik/AppData/Local/UnrealEngine/Common/DerivedDataCache/9/2/1/TEXTURE_564290F8998644E39A2118D5C683187B_AUTODXT_D2781D6F43078143610B7FBFF5169__4755BA4EFF89A59F21234F06A6D61122900F6638.udd" 2861
"C:/Users/yarik/AppData/Local/UnrealEngine/Common/DerivedDataCache/4/6/7/TEXTURE_564290F8998644E39A2118D5C683187B_AUTODXT_D259750444074D37BE6CE181BD9E4__F52EC61A921AB37648E4DDEEDAB964B6B67D9B2E.udd" 2862
"C:/Users/yarik/AppData/Local/UnrealEngine/Common/DerivedDataCache/1/9/6/TEXTURE_564290F8998644E39A2118D5C683187B_AUTODXT_D259750444074D37BE6CE181BD9E4__11437CA9B3430EA00B8AC52EECB8E948613F71F3.udd" 2863
"C:/Users/yarik/AppData/Local/UnrealEngine/Common/DerivedDataCache/3/5/3/TEXTURE_564290F8998644E39A2118D5C683187B_AUTODXT_41B5E9D8470E0C79EBC9699B58E1E__8434ACD8749C355A283B70C5B2DD3C0AED0A5ECD.udd" 2864
"C:/Users/yarik/AppData/Local/UnrealEngine/Common/DerivedDataCache/0/5/1/TEXTURE_564290F8998644E39A2118D5C683187B_AUTODXT_D259750444074D37BE6CE181BD9E4__638C95E1AAFC60C9EC34FEA200A8228816AD8F0A.udd" 2865
"C:/Users/yarik/AppData/Local/UnrealEngine/Common/DerivedDataCache/0/9/7/TEXTURE_564290F8998644E39A2118D5C683187B_AUTODXT_41B5E9D8470E0C79EBC9699B58E1E__AF86B4DB07CE1CDD274D34A3F6F4813582D4366D.udd" 2866
"C:/Users/yarik/AppData/Local/UnrealEngine/Common/DerivedDataCache/3/3/8/TEXTURE_564290F8998644E39A2118D5C683187B_AUTODXT_461A21DE49A43C0218C7E3B8F83B2__53337A5AED00EF25B8BA80F20314EFD487662A54.udd" 2867
"C:/Users/yarik/AppData/Local/UnrealEngine/Common/DerivedDataCache/2/6/0/TEXTURE_564290F8998644E39A2118D5C683187B_AUTODXT_41B5E9D8470E0C79EBC9699B58E1E__1FF2B203ADC5929CA676C93872BED02121AAD599.udd" 2868
"C:/Users/yarik/AppData/Local/UnrealEngine/Common/DerivedDataCache/0/9/8/TEXTURE_564290F8998644E39A2118D5C683187B_AUTODXT_461A21DE49A43C0218C7E3B8F83B2__E7CA3A9AAF88AC62608B80B770BC866C1340B5BA.udd" 2869
"C:/Users/yarik/AppData/Local/UnrealEngine/Common/DerivedDataCache/4/5/9/TEXTURE_564290F8998644E39A2118D5C683187B_AUTODXT_EFD3EEC245A4D1B564E373B8A030F__DB798D6C25311249A741DF729962EEAA664CEF1C.udd" 2870
"C:/Users/yarik/AppData/Local/UnrealEngine/Common/DerivedDataCache/6/5/5/TEXTURE_564290F8998644E39A2118D5C683187B_AUTODXT_6C5F68D3424DCF9A86FF4B9AACF56__DC4A8C2A91E27BEC590F23846CF2C3C7E7338E58.udd" 2871
"C:/Users/yarik/AppData/Local/UnrealEngine/Common/DerivedDataCache/7/5/6/TEXTURE_564290F8998644E39A2118D5C683187B_AUTODXT_EFD3EEC245A4D1B564E373B8A030F__17056983D0F09C476FD860B9E446877C9D4B6FFF.udd" 2872
"C:/Users/yarik/AppData/Local/UnrealEngine/Common/DerivedDataCache/9/0/4/TEXTURE_564290F8998644E39A2118D5C683187B_AUTODXT_6C5F68D3424DCF9A86FF4B9AACF56__31B576FBA80861E318099BB802B07690B84908A5.udd" 2873
"C:/Users/yarik/AppData/Local/UnrealEngine/Common/DerivedDataCache/4/4/3/TEXTURE_564290F8998644E39A2118D5C683187B_AUTODXT_8F96C4E14A75610C44BC53BF5EC0A__2805F21DA8BEAAD7FEA80DBCB1465D3B25F02DA7.udd" 2874
"C:/Users/yarik/AppData/Local/UnrealEngine/Common/DerivedDataCache/8/2/6/TEXTURE_564290F8998644E39A2118D5C683187B_AUTODXT_8F96C4E14A75610C44BC53BF5EC0A__E05BE47B070AEA504F0E00F4BB22A08E3489312A.udd" 2875
"C:/Users/yarik/AppData/Local/UnrealEngine/Common/DerivedDataCache/2/3/4/TEXTURE_564290F8998644E39A2118D5C683187B_AUTODXT_B9E13D734174B8A67FE711AC60F2C__C5E3C506B8AC9C13E489810F375D265AE1305778.udd" 2876
"C:/Users/yarik/AppData/Local/UnrealEngine/Common/DerivedDataCache/7/9/2/TEXTURE_564290F8998644E39A2118D5C683187B_AUTODXT_277FC95E417764F78B9A31A62F05C__6BF03DF45FAA2D7C9C446A9FD68D5DF21187F3D5.udd" 2877
"C:/Users/yarik/AppData/Local/UnrealEngine/Common/DerivedDataCache/6/0/3/TEXTURE_564290F8998644E39A2118D5C683187B_AUTODXT_277FC95E417764F78B9A31A62F05C__182C08D21943D3123139B377FE7A6B0E0A532988.udd" 2878
"C:/Users/yarik/AppData/Local/UnrealEngine/Common/DerivedDataCache/2/2/1/TEXTURE_564290F8998644E39A2118D5C683187B_AUTODXT_277FC95E417764F78B9A31A62F05C__332BB4AE1859A3636815251FF844FB85359BA758.udd" 2879
"C:/Users/yarik/AppData/Local/UnrealEngine/Common/DerivedDataCache/7/2/3/TEXTURE_564290F8998644E39A2118D5C683187B_AUTODXT_277FC95E417764F78B9A31A62F05C__4EDB088FE6039E894259AF71A88AC8B9D2A47CB6.udd" 2880
"C:/Users/yarik/AppData/Local/UnrealEngine/Common/DerivedDataCache/7/7/3/TEXTURE_564290F8998644E39A2118D5C683187B_AUTODXT_83D2D51E407C7BA05305C0B8FECF2__5330BC03666CBAAAE1CA3BD58F9918DADF4E858B.udd" 2881
"C:/Users/yarik/AppData/Local/UnrealEngine/Common/DerivedDataCache/2/9/2/TEXTURE_564290F8998644E39A2118D5C683187B_AUTODXT_277FC95E417764F78B9A31A62F05C__00DBBDE26607F89D6E775C970A7681172FBB67D7.udd" 2882
"C:/Users/yarik/AppData/Local/UnrealEngine/Common/DerivedDataCache/2/9/4/TEXTURE_564290F8998644E39A2118D5C683187B_AUTODXT_9A16FB694CE1E911D8B89DB06E389__6AFD6FC2BAA799DF5AD3B66F6D505D117A9778EE.udd" 2883
"C:/Users/yarik/AppData/Local/UnrealEngine/Common/DerivedDataCache/2/8/9/TEXTURE_564290F8998644E39A2118D5C683187B_AUTODXT_9A16FB694CE1E911D8B89DB06E389__FF1B96362E1B23CC5A713194DCE6E42095EF7C4B.udd" 2884
"C:/Users/yarik/AppData/Local/UnrealEngine/Common/DerivedDataCache/3/8/0/TEXTURE_564290F8998644E39A2118D5C683187B_AUTODXT_C4352EE0484CAD53CC0EADAAE5B3C__69AFEF9378B4A30C32D4FDBBADEB069703929B0A.udd" 2885
"C:/Users/yarik/AppData/Local/UnrealEngine/Common/DerivedDataCache/9/9/4/TEXTURE_564290F8998644E39A2118D5C683187B_AUTODXT_C4352EE0484CAD53CC0EADAAE5B3C__E124CEF5C1877F648BD724B9C36D9653587AE624.udd" 2886
"C:/Users/yarik/AppData/Local/UnrealEngine/Common/DerivedDataCache/3/5/7/TEXTURE_564290F8998644E39A2118D5C683187B_AUTODXT_9A16FB694CE1E911D8B89DB06E389__7FFCF0722167C127DA1826AABFD6E36BD9FB2B03.udd" 2887
"C:/Users/yarik/AppData/Local/UnrealEngine/Common/DerivedDataCache/8/5/2/TEXTURE_564290F8998644E39A2118D5C683187B_AUTODXT_9A16FB694CE1E911D8B89DB06E389__70495C1793E650591A42319E08A16EDD3B33D032.udd" 2888
"C:/Users/yarik/AppData/Local/UnrealEngine/Common/DerivedDataCache/4/5/5/TEXTURE_564290F8998644E39A2118D5C683187B_AUTODXT_9A16FB694CE1E911D8B89DB06E389__CAF459DFD190FF170B7974AA1D69A042021946F8.udd" 2889
"C:/Users/yarik/AppData/Local/UnrealEngine/Common/DerivedDataCache/8/1/1/TEXTURE_564290F8998644E39A2118D5C683187B_AUTODXT_83D2D51E407C7BA05305C0B8FECF2__90C58B7D9DE5CEB43DCC14D50CD436545822C9BC.udd" 2890
"C:/Users/yarik/AppData/Local/UnrealEngine/Common/DerivedDataCache/3/0/0/TEXTURE_564290F8998644E39A2118D5C683187B_AUTODXT_83D2D51E407C7BA05305C0B8FECF2__4BA97AF7BBEA896DA3A4F1E859FC379D2AD9ACC5.udd" 2891
"C:/Users/yarik/AppData/Local/UnrealEngine/Common/DerivedDataCache/0/8/3/TEXTURE_564290F8998644E39A2118D5C683187B_AUTODXT_D388A6084E9F3A6B86EF80805EB5D__55D113E3E906720C350C614C88B82C83D452E182.udd" 2892
"C:/Users/yarik/AppData/Local/UnrealEngine/Common/DerivedDataCache/1/9/0/TEXTURE_564290F8998644E39A2118D5C683187B_AUTODXT_D388A6084E9F3A6B86EF80805EB5D__928FEAA79118751889A1D59187C6CB2BB4A6A6B7.udd" 2893
"C:/Users/yarik/AppData/Local/UnrealEngine/Common/DerivedDataCache/2/0/3/TEXTURE_564290F8998644E39A2118D5C683187B_AUTODXT_83D2D51E407C7BA05305C0B8FECF2__2F8FC923F4D2C30F1A69123239CF7B679F6069BF.udd" 2894
"C:/Users/yarik/AppData/Local/UnrealEngine/Common/DerivedDataCache/2/2/0/TEXTURE_564290F8998644E39A2118D5C683187B_AUTODXT_83D2D51E407C7BA05305C0B8FECF2__019B09645DD42AD65F39CD2B7FA5B899D5642048.udd" 2895
"C:/Users/yarik/AppData/Local/UnrealEngine/Common/DerivedDataCache/8/9/1/TEXTURE_564290F8998644E39A2118D5C683187B_AUTODXT_6C5F68D3424DCF9A86FF4B9AACF56__2CC8027E6EF7ED51304BD7F65693C81B0FC6637E.udd" 2896
"C:/Users/yarik/AppData/Local/UnrealEngine/Common/DerivedDataCache/7/3/2/TEXTURE_564290F8998644E39A2118D5C683187B_AUTODXT_6C5F68D3424DCF9A86FF4B9AACF56__CCED1BAA4EF25DA9162278F8CA414B862C74B612.udd" 2897
"C:/Users/yarik/AppData/Local/UnrealEngine/Common/DerivedDataCache/2/0/0/TEXTURE_564290F8998644E39A2118D5C683187B_AUTODXT_6C5F68D3424DCF9A86FF4B9AACF56__F276F3794375AFC5686C5EDACF287CA353F79992.udd" 2898
"C:/Users/yarik/AppData/Local/UnrealEngine/Common/DerivedDataCache/9/0/9/TEXTURE_564290F8998644E39A2118D5C683187B_AUTODXT_6C5F68D3424DCF9A86FF4B9AACF56__77E17854179380B2D3CE3ACD3813D4F814F4402E.udd" 2899
"C:/Users/yarik/AppData/Local/UnrealEngine/Common/DerivedDataCache/4/6/5/TEXTURE_564290F8998644E39A2118D5C683187B_AUTODXT_8F96C4E14A75610C44BC53BF5EC0A__7EB75E88BA20D33E437B98F335E93EE8D3BB7C65.udd" 2900
"C:/Users/yarik/AppData/Local/UnrealEngine/Common/DerivedDataCache/1/1/6/TEXTURE_564290F8998644E39A2118D5C683187B_AUTODXT_AA35ACCB4FFD57BDDB9B869992B62__1A3D18DF2F1B3714E7EB5DB842F92A84CBEB8954.udd" 2901
"C:/Users/yarik/AppData/Local/UnrealEngine/Common/DerivedDataCache/9/0/0/TEXTURE_564290F8998644E39A2118D5C683187B_AUTODXT_AA35ACCB4FFD57BDDB9B869992B62__DD66763B6B9D07E54191C3EF11F7C0B3F9F8C7E1.udd" 2902
"C:/Users/yarik/AppData/Local/UnrealEngine/Common/DerivedDataCache/7/4/4/TEXTURE_564290F8998644E39A2118D5C683187B_AUTODXT_91F96CE14534C71148D804BE1FC38__EBC5E9A0F1CDB8A2CDA9B6F81C85DC8761146D5B.udd" 2903
"C:/Users/yarik/AppData/Local/UnrealEngine/Common/DerivedDataCache/2/7/5/TEXTURE_564290F8998644E39A2118D5C683187B_AUTODXT_8F96C4E14A75610C44BC53BF5EC0A__4B5B84207F9D4667B59F77DB338F2867A47C1249.udd" 2904
"C:/Users/yarik/AppData/Local/UnrealEngine/Common/DerivedDataCache/8/9/9/TEXTURE_564290F8998644E39A2118D5C683187B_AUTODXT_C4352EE0484CAD53CC0EADAAE5B3C__9AE2C2E8678F85BDD2D35E18EB464688A333D678.udd" 2905
"C:/Users/yarik/AppData/Local/UnrealEngine/Common/DerivedDataCache/9/6/8/TEXTURE_564290F8998644E39A2118D5C683187B_AUTODXT_8F96C4E14A75610C44BC53BF5EC0A__9C3F15A5431975686D4DCB89B0CBB9B767D3DD4F.udd" 2906
"C:/Users/yarik/AppData/Local/UnrealEngine/Common/DerivedDataCache/6/9/3/TEXTURE_564290F8998644E39A2118D5C683187B_AUTODXT_8F96C4E14A75610C44BC53BF5EC0A__8E88B1665CC79DC4154337D55F5F0473E27340EF.udd" 2907
"C:/Users/yarik/AppData/Local/UnrealEngine/Common/DerivedDataCache/2/3/9/TEXTURE_564290F8998644E39A2118D5C683187B_AUTODXT_C4352EE0484CAD53CC0EADAAE5B3C__A0D9309923CBC114E13541B2C0AE67EAD1CEF4BB.udd" 2908
"C:/Users/yarik/AppData/Local/UnrealEngine/Common/DerivedDataCache/8/7/3/TEXTURE_564290F8998644E39A2118D5C683187B_AUTODXT_C4352EE0484CAD53CC0EADAAE5B3C__24A0F7821856ACDB193EF6C5BA3F2D95155AFE24.udd" 2909
"C:/Users/yarik/AppData/Local/UnrealEngine/Common/DerivedDataCache/2/0/1/TEXTURE_564290F8998644E39A2118D5C683187B_AUTODXT_C4352EE0484CAD53CC0EADAAE5B3C__AD7A7E5DDCA93CA04C118AD78C3BCBA93A2A1899.udd" 2910
"C:/Users/yarik/AppData/Local/UnrealEngine/Common/DerivedDataCache/7/3/0/TEXTURE_564290F8998644E39A2118D5C683187B_AUTODXT_D388A6084E9F3A6B86EF80805EB5D__BA1CA89D777EDAD437F827EF81DFDAD127C13B6D.udd" 2911
"C:/Users/yarik/AppData/Local/UnrealEngine/Common/DerivedDataCache/3/4/7/TEXTURE_564290F8998644E39A2118D5C683187B_AUTODXT_D388A6084E9F3A6B86EF80805EB5D__7390594C263C8B927CBED859A34548355E6CB592.udd" 2912
"C:/Users/yarik/AppData/Local/UnrealEngine/Common/DerivedDataCache/5/7/7/TEXTURE_564290F8998644E39A2118D5C683187B_AUTODXT_B9E13D734174B8A67FE711AC60F2C__BA7E074525FEB25E0E5FB1A7BB6EFB513A866F91.udd" 2913
"C:/Users/yarik/AppData/Local/UnrealEngine/Common/DerivedDataCache/4/3/9/TEXTURE_564290F8998644E39A2118D5C683187B_AUTODXT_D388A6084E9F3A6B86EF80805EB5D__6A16AC0E0F07713312E17CB614DFFDBD1C46F903.udd" 2914
"C:/Users/yarik/AppData/Local/UnrealEngine/Common/DerivedDataCache/8/6/4/TEXTURE_564290F8998644E39A2118D5C683187B_AUTODXT_D388A6084E9F3A6B86EF80805EB5D__24C8108371A430B27C6BE26EB34F060E429A59AA.udd" 2915
"C:/Users/yarik/AppData/Local/UnrealEngine/Common/DerivedDataCache/9/2/1/TEXTURE_564290F8998644E39A2118D5C683187B_AUTODXT_AA35ACCB4FFD57BDDB9B869992B62__B3B4AE4D131AEED1455FC171A6F01C2DACFA828D.udd" 2916
"C:/Users/yarik/AppData/Local/UnrealEngine/Common/DerivedDataCache/4/1/2/TEXTURE_564290F8998644E39A2118D5C683187B_AUTODXT_AA35ACCB4FFD57BDDB9B869992B62__630250050539C93A7E1A3CA0F588B0AF65EEA39C.udd" 2917
"C:/Users/yarik/AppData/Local/UnrealEngine/Common/DerivedDataCache/7/5/2/TEXTURE_564290F8998644E39A2118D5C683187B_AUTODXT_AA35ACCB4FFD57BDDB9B869992B62__A4D8357F7E19126B2360292370B858D69C87CDC1.udd" 2918
"C:/Users/yarik/AppData/Local/UnrealEngine/Common/DerivedDataCache/9/1/3/TEXTURE_564290F8998644E39A2118D5C683187B_AUTODXT_AA35ACCB4FFD57BDDB9B869992B62__A8592C5E0BFF31D5CDAD7CF1FE0359B6610484B9.udd" 2919
"C:/Users/yarik/AppData/Local/UnrealEngine/Common/DerivedDataCache/4/8/0/TEXTURE_564290F8998644E39A2118D5C683187B_DXT1_2D04F7DF47F163561AE8C3933D01D2D2__07BF6A23DAAB34B9F154C3F2CF57705BAACF1C5B.udd" 2920
"C:/Users/yarik/AppData/Local/UnrealEngine/Common/DerivedDataCache/5/4/4/TEXTURE_564290F8998644E39A2118D5C683187B_DXT1_2D04F7DF47F163561AE8C3933D01D2D2__2C5A2911E4B4ABA804B339C72EA984E092300147.udd" 2921
"C:/Users/yarik/AppData/Local/UnrealEngine/Common/DerivedDataCache/3/6/2/TEXTURE_564290F8998644E39A2118D5C683187B_DXT1_96C7829C4E144DE4B3A9E8AC0D141AB7__AC22B6158343788DA3A3B7CAF331B060DA0864A0.udd" 2922
"C:/Users/yarik/AppData/Local/UnrealEngine/Common/DerivedDataCache/5/7/0/TEXTURE_564290F8998644E39A2118D5C683187B_DXT1_C12D70A046AEDCB9B2CEDAA0C88188C5__B7791E94AD0D16624BC6C4F34618D98FB4830BA5.udd" 2923
"C:/Users/yarik/AppData/Local/UnrealEngine/Common/DerivedDataCache/5/7/6/TEXTURE_564290F8998644E39A2118D5C683187B_DXT1_C12D70A046AEDCB9B2CEDAA0C88188C5__5915FE5D1DE39CBDD7F258A194343DB40C0AE844.udd" 2924
"C:/Users/yarik/AppData/Local/UnrealEngine/Common/DerivedDataCache/3/9/0/TEXTURE_564290F8998644E39A2118D5C683187B_AUTODXT_B9E13D734174B8A67FE711AC60F2C__DF04452D9DE9BA466748F3F6C88E7953FEFE5819.udd" 2925
"C:/Users/yarik/AppData/Local/UnrealEngine/Common/DerivedDataCache/3/8/0/TEXTURE_564290F8998644E39A2118D5C683187B_DXT1_147395EF4B3D9D9CBF6BBDAD946A146C__13B05287770A4D49710CEE64D55A402D0B69F2FF.udd" 2926
"C:/Users/yarik/AppData/Local/UnrealEngine/Common/DerivedDataCache/0/7/2/TEXTURE_564290F8998644E39A2118D5C683187B_DXT1_D609EB754AC97FFCBAF434BE76260B4E__BC3CC9AD7B7E6770D567501099BAE1819334C8AF.udd" 2927
"C:/Users/yarik/AppData/Local/UnrealEngine/Common/DerivedDataCache/2/5/6/TEXTURE_564290F8998644E39A2118D5C683187B_DXT1_C12D70A046AEDCB9B2CEDAA0C88188C5__BCF6987F0E4BDE903823E1D88CA2311B6D4E533A.udd" 2928
"C:/Users/yarik/AppData/Local/UnrealEngine/Common/DerivedDataCache/3/0/4/TEXTURE_564290F8998644E39A2118D5C683187B_DXT1_8424D6334C1F7AD49DEEABA070510C9C__A49B5A3D56B1967D47B54B768B5451B171774FDF.udd" 2929
"C:/Users/yarik/AppData/Local/UnrealEngine/Common/DerivedDataCache/6/3/7/TEXTURE_564290F8998644E39A2118D5C683187B_DXT1_147395EF4B3D9D9CBF6BBDAD946A146C__4AB2CAC054A6BB6DB11173034A23193C3C434A34.udd" 2930
"C:/Users/yarik/AppData/Local/UnrealEngine/Common/DerivedDataCache/3/9/7/TEXTURE_564290F8998644E39A2118D5C683187B_DXT1_5614B0EB48773B8AD0F750907583EAB0__9CD3D4BA390E27785BF01627295C824179FE5BCB.udd" 2931
"C:/Users/yarik/AppData/Local/UnrealEngine/Common/DerivedDataCache/0/4/8/TEXTURE_564290F8998644E39A2118D5C683187B_DXT1_147395EF4B3D9D9CBF6BBDAD946A146C__0B67502A6E4113BD0587A926F15FB1F35EAF1F74.udd" 2932
"C:/Users/yarik/AppData/Local/UnrealEngine/Common/DerivedDataCache/4/5/3/TEXTURE_564290F8998644E39A2118D5C683187B_DXT1_8424D6334C1F7AD49DEEABA070510C9C__42AA6F29AF6F549281B4B77EEF6050BCC53CD7DE.udd" 2933
"C:/Users/yarik/AppData/Local/UnrealEngine/Common/DerivedDataCache/1/2/5/TEXTURE_564290F8998644E39A2118D5C683187B_DXT1_5614B0EB48773B8AD0F750907583EAB0__6CC7BFE4614F86DE6C1C142D0CA8A139AB20D9BC.udd" 2934
"C:/Users/yarik/AppData/Local/UnrealEngine/Common/DerivedDataCache/4/1/3/TEXTURE_564290F8998644E39A2118D5C683187B_DXT1_C3ADC1A840CEB61798D51298C6EB9473__677940BD4609BE8C8F54B76D8EFB5AB4463AA117.udd" 2935
"C:/Users/yarik/AppData/Local/UnrealEngine/Common/DerivedDataCache/2/8/7/TEXTURE_564290F8998644E39A2118D5C683187B_DXT1_B17DBD994A84DB7360FA928D6A6CB7B1__ABAAE7D87EE7A60019517E61E74E301EE7C14C37.udd" 2936
"C:/Users/yarik/AppData/Local/UnrealEngine/Common/DerivedDataCache/7/7/7/TEXTURE_564290F8998644E39A2118D5C683187B_DXT1_D609EB754AC97FFCBAF434BE76260B4E__575303603CD5ED5A7B76E79ECE871FC6481C68E7.udd" 2937
"C:/Users/yarik/AppData/Local/UnrealEngine/Common/DerivedDataCache/8/6/9/TEXTURE_564290F8998644E39A2118D5C683187B_DXT1_5614B0EB48773B8AD0F750907583EAB0__758538305026C95BF278519EC64929F2BFE0FDD6.udd" 2938
"C:/Users/yarik/AppData/Local/UnrealEngine/Common/DerivedDataCache/9/2/2/TEXTURE_564290F8998644E39A2118D5C683187B_DXT1_B17DBD994A84DB7360FA928D6A6CB7B1__DFCAA494EF6D32AF836211E1706D16A05A16F4D2.udd" 2939
"C:/Users/yarik/AppData/Local/UnrealEngine/Common/DerivedDataCache/8/5/9/TEXTURE_564290F8998644E39A2118D5C683187B_DXT1_00E69E224E9345633A825AA3366E16A9__E3B7EE1F614320EB930469C94E4DE03FEFA55536.udd" 2940
"C:/Users/yarik/AppData/Local/UnrealEngine/Common/DerivedDataCache/8/5/3/TEXTURE_564290F8998644E39A2118D5C683187B_DXT1_00E69E224E9345633A825AA3366E16A9__FBFDE498187ABF0B1097AD9AF56B8BC8BA8F9BCD.udd" 2941
"C:/Users/yarik/AppData/Local/UnrealEngine/Common/DerivedDataCache/0/3/9/TEXTURE_564290F8998644E39A2118D5C683187B_DXT1_288A88F24EC7DA67060A3C85D99C0B79__2858A5D05EF5375115E59B8E82C12D2F3F7F4851.udd" 2942
"C:/Users/yarik/AppData/Local/UnrealEngine/Common/DerivedDataCache/5/6/0/TEXTURE_564290F8998644E39A2118D5C683187B_DXT1_5614B0EB48773B8AD0F750907583EAB0__85486FFBB9107A5827FE8E8B264E91E146DE666B.udd" 2943
"C:/Users/yarik/AppData/Local/UnrealEngine/Common/DerivedDataCache/1/0/2/TEXTURE_564290F8998644E39A2118D5C683187B_DXT1_288A88F24EC7DA67060A3C85D99C0B79__6D3EA3DB55D8903E2BD985DC99A9AD720A13A63A.udd" 2944
"C:/Users/yarik/AppData/Local/UnrealEngine/Common/DerivedDataCache/5/2/9/TEXTURE_564290F8998644E39A2118D5C683187B_G8_DD88C55243EC761E60FB248A45E79CFC_0__1D4EF67EC2377509F812BF6E3E568AC7CE179589.udd" 2945
"C:/Users/yarik/AppData/Local/UnrealEngine/Common/DerivedDataCache/3/0/8/TEXTURE_564290F8998644E39A2118D5C683187B_G8_DD88C55243EC761E60FB248A45E79CFC_0__BFD882C9850E00F57F46460C57B7F2D6692C8E02.udd" 2946
"C:/Users/yarik/AppData/Local/UnrealEngine/Common/DerivedDataCache/1/7/4/TEXTURE_564290F8998644E39A2118D5C683187B_G8_2073D4C24C24DB5D9E9422A746624ED4_0__C93A982342792783DEFB1DE9189E87ED318074C0.udd" 2947
"C:/Users/yarik/AppData/Local/UnrealEngine/Common/DerivedDataCache/8/2/1/TEXTURE_564290F8998644E39A2118D5C683187B_G8_2073D4C24C24DB5D9E9422A746624ED4_0__5948965F694C47E36F28BE5856A0DDCB4835433A.udd" 2948
"C:/Users/yarik/AppData/Local/UnrealEngine/Common/DerivedDataCache/6/7/3/TEXTURE_564290F8998644E39A2118D5C683187B_DXT1_C3ADC1A840CEB61798D51298C6EB9473__D1816A9563498EEA8BBE89F9A85CDD2281A2F423.udd" 2949
"C:/Users/yarik/AppData/Local/UnrealEngine/Common/DerivedDataCache/6/6/3/TEXTURE_564290F8998644E39A2118D5C683187B_G8_DD88C55243EC761E60FB248A45E79CFC_0__8B0429AB886CBC7B73217087ECCE6DCA61E538C5.udd" 2950
"C:/Users/yarik/AppData/Local/UnrealEngine/Common/DerivedDataCache/9/3/4/TEXTURE_564290F8998644E39A2118D5C683187B_G8_DCE3238A41930C935AB5B584BAECD945_0__DC526AC036FC3697808CECCBB59465AD44A19621.udd" 2951
"C:/Users/yarik/AppData/Local/UnrealEngine/Common/DerivedDataCache/7/4/1/TEXTURE_564290F8998644E39A2118D5C683187B_DXT1_B17DBD994A84DB7360FA928D6A6CB7B1__3C7541A5440B33C0609B4FA92B90B270E7448C33.udd" 2952
"C:/Users/yarik/AppData/Local/UnrealEngine/Common/DerivedDataCache/4/4/1/TEXTURE_564290F8998644E39A2118D5C683187B_G8_DD88C55243EC761E60FB248A45E79CFC_0__FB4BA4FD968076829921762ED367C50036FDF9C4.udd" 2953
"C:/Users/yarik/AppData/Local/UnrealEngine/Common/DerivedDataCache/1/4/5/TEXTURE_564290F8998644E39A2118D5C683187B_G8_DCE3238A41930C935AB5B584BAECD945_0__725E4D66689709B4004DB7784DD7F3C253E79EC7.udd" 2954
"C:/Users/yarik/AppData/Local/UnrealEngine/Common/DerivedDataCache/7/7/6/TEXTURE_564290F8998644E39A2118D5C683187B_G8_DCE3238A41930C935AB5B584BAECD945_0__F4413C6B8446E55EDFD9E6F031974AD0C5232378.udd" 2955
"C:/Users/yarik/AppData/Local/UnrealEngine/Common/DerivedDataCache/7/4/9/TEXTURE_564290F8998644E39A2118D5C683187B_G8_DD88C55243EC761E60FB248A45E79CFC_0__5055C48AA2DAFB1DB580519D66074DBF3E3E2424.udd" 2956
"C:/Users/yarik/AppData/Local/UnrealEngine/Common/DerivedDataCache/8/4/7/TEXTURE_564290F8998644E39A2118D5C683187B_DXT1_B17DBD994A84DB7360FA928D6A6CB7B1__F0526648C9628B2B2A27EF3695245FBB200F9189.udd" 2957
"C:/Users/yarik/AppData/Local/UnrealEngine/Common/DerivedDataCache/6/4/6/TEXTURE_564290F8998644E39A2118D5C683187B_DXT1_C3ADC1A840CEB61798D51298C6EB9473__C37C568F9B971993430F9D16FFA57878312168B2.udd" 2958
"C:/Users/yarik/AppData/Local/UnrealEngine/Common/DerivedDataCache/0/6/5/TEXTURE_564290F8998644E39A2118D5C683187B_G8_2073D4C24C24DB5D9E9422A746624ED4_0__14A2C360C313E1CD33FE0BE707CF936849334E5F.udd" 2959
"C:/Users/yarik/AppData/Local/UnrealEngine/Common/DerivedDataCache/2/4/8/TEXTURE_564290F8998644E39A2118D5C683187B_G8_375B3CF548D81690C527E9B0CB87B3F5_0__E4561F9E7FECBE202E9A6009DC212EDE9F3CB19A.udd" 2960
"C:/Users/yarik/AppData/Local/UnrealEngine/Common/DerivedDataCache/9/0/5/TEXTURE_564290F8998644E39A2118D5C683187B_G8_D2349B1F41EFA13045A5C3BF06399A9C_0__ED810349C036FFBE38297F8D45B86A900F9ADADF.udd" 2961
"C:/Users/yarik/AppData/Local/UnrealEngine/Common/DerivedDataCache/3/4/1/TEXTURE_564290F8998644E39A2118D5C683187B_DXT1_5614B0EB48773B8AD0F750907583EAB0__4C438C6C0043E6FDD96744A368FFAAEDE38B81C8.udd" 2962
"C:/Users/yarik/AppData/Local/UnrealEngine/Common/DerivedDataCache/4/2/0/TEXTURE_564290F8998644E39A2118D5C683187B_G8_375B3CF548D81690C527E9B0CB87B3F5_0__FFB773B95C5300A7BC6042D1038555BC948CD4EB.udd" 2963
"C:/Users/yarik/AppData/Local/UnrealEngine/Common/DerivedDataCache/4/2/8/TEXTURE_564290F8998644E39A2118D5C683187B_G8_D2349B1F41EFA13045A5C3BF06399A9C_0__8EC464141E85CB3980D88AD8A011C52945467C33.udd" 2964
"C:/Users/yarik/AppData/Local/UnrealEngine/Common/DerivedDataCache/9/7/1/TEXTURE_564290F8998644E39A2118D5C683187B_DXT1_B17DBD994A84DB7360FA928D6A6CB7B1__51FB706A328B1135BCE12C4B69782E440F2B428B.udd" 2965
"C:/Users/yarik/AppData/Local/UnrealEngine/Common/DerivedDataCache/4/9/4/TEXTURE_564290F8998644E39A2118D5C683187B_DXT1_C3ADC1A840CEB61798D51298C6EB9473__8BF703304797CE3D5A8108799124F4246A8E8DB1.udd" 2966
"C:/Users/yarik/AppData/Local/UnrealEngine/Common/DerivedDataCache/2/4/4/TEXTURE_564290F8998644E39A2118D5C683187B_G8_E74502E24977539DC71808AF87D506BC_0__FCA0164DB9CF2921C321CB2A10C68B0B96526E02.udd" 2967
"C:/Users/yarik/AppData/Local/UnrealEngine/Common/DerivedDataCache/2/1/6/TEXTURE_564290F8998644E39A2118D5C683187B_G8_9CF95730456268E39BFD0E9030A038AE_0__1A171A5003CA9C34F0FC56BF57FEAF758EDB5695.udd" 2968
"C:/Users/yarik/AppData/Local/UnrealEngine/Common/DerivedDataCache/2/4/4/TEXTURE_564290F8998644E39A2118D5C683187B_DXT1_288A88F24EC7DA67060A3C85D99C0B79__A46923F979EC64AD3C51275BA2A5831B76DA8C02.udd" 2969
"C:/Users/yarik/AppData/Local/UnrealEngine/Common/DerivedDataCache/6/9/1/TEXTURE_564290F8998644E39A2118D5C683187B_DXT1_C3ADC1A840CEB61798D51298C6EB9473__77F4F370A1B0DE56F5152A94A059EE12A4763D3B.udd" 2970
"C:/Users/yarik/AppData/Local/UnrealEngine/Common/DerivedDataCache/2/0/3/TEXTURE_564290F8998644E39A2118D5C683187B_DXT1_00E69E224E9345633A825AA3366E16A9__C96D87E7AD2719D375D9F1E998BABC134557773C.udd" 2971
"C:/Users/yarik/AppData/Local/UnrealEngine/Common/DerivedDataCache/1/4/9/TEXTURE_564290F8998644E39A2118D5C683187B_G8_180D881F44BEBB7DE1A43CA07E9CCDB6_0__B5FB0EF4C6EC6F4CB34070D7CDA4E6A234D1AB76.udd" 2972
"C:/Users/yarik/AppData/Local/UnrealEngine/Common/DerivedDataCache/9/3/1/TEXTURE_564290F8998644E39A2118D5C683187B_G8_922659FB45AA18754193A9A722820654_0__5B6200E5C4B36E77C4F870A30AEDFD4BEDD4B648.udd" 2973
"C:/Users/yarik/AppData/Local/UnrealEngine/Common/DerivedDataCache/7/8/4/TEXTURE_564290F8998644E39A2118D5C683187B_DXT1_00E69E224E9345633A825AA3366E16A9__77F3534D48162E03F889BD81925B9D2654CC1CE8.udd" 2974
"C:/Users/yarik/AppData/Local/UnrealEngine/Common/DerivedDataCache/9/8/1/TEXTURE_564290F8998644E39A2118D5C683187B_G8_2073D4C24C24DB5D9E9422A746624ED4_0__7BA29B960EF64F592852D4F17CBF4722E373C720.udd" 2975
"C:/Users/yarik/AppData/Local/UnrealEngine/Common/DerivedDataCache/2/2/8/TEXTURE_564290F8998644E39A2118D5C683187B_DXT1_5614B0EB48773B8AD0F750907583EAB0__3D47BEB3ED76828E5C1104D2BB2057E696AD6C49.udd" 2976
"C:/Users/yarik/AppData/Local/UnrealEngine/Common/DerivedDataCache/9/5/9/TEXTURE_564290F8998644E39A2118D5C683187B_DXT1_00E69E224E9345633A825AA3366E16A9__E6BC466737B0F1440AA08D9233D8B20392995C89.udd" 2977
"C:/Users/yarik/AppData/Local/UnrealEngine/Common/DerivedDataCache/9/6/9/TEXTURE_564290F8998644E39A2118D5C683187B_G8_17513C534094DC6924D13DB12D11F20D_0__AFC5D68648C88304E9DB3ACA52CF325AE579F13C.udd" 2978
"C:/Users/yarik/AppData/Local/UnrealEngine/Common/DerivedDataCache/2/1/4/TEXTURE_564290F8998644E39A2118D5C683187B_G8_07CCF2374FBE9AB15B4D14AA91412A67_0__CCC2559DFF71C58B6F68CDBBCD35843E35FFBCAB.udd" 2979
"C:/Users/yarik/AppData/Local/UnrealEngine/Common/DerivedDataCache/2/9/5/TEXTURE_564290F8998644E39A2118D5C683187B_DXT1_00E69E224E9345633A825AA3366E16A9__202318A87E02F124D2A789564664DF7D81F65830.udd" 2980
"C:/Users/yarik/AppData/Local/UnrealEngine/Common/DerivedDataCache/7/3/3/TEXTURE_564290F8998644E39A2118D5C683187B_G8_17513C534094DC6924D13DB12D11F20D_0__DC02FF9DE382D8FC5AD3B02CB3BD418FC87F1127.udd" 2981
"C:/Users/yarik/AppData/Local/UnrealEngine/Common/DerivedDataCache/9/8/8/TEXTURE_564290F8998644E39A2118D5C683187B_DXT1_288A88F24EC7DA67060A3C85D99C0B79__F2C5BE54677D07C9D092F654AC68ABEAA344FC3F.udd" 2982
"C:/Users/yarik/AppData/Local/UnrealEngine/Common/DerivedDataCache/4/5/2/TEXTURE_564290F8998644E39A2118D5C683187B_G8_07CCF2374FBE9AB15B4D14AA91412A67_0__786F9868CB0F75BEC7BFE35BBA38590D52CE7B6F.udd" 2983
"C:/Users/yarik/AppData/Local/UnrealEngine/Common/DerivedDataCache/1/7/6/TEXTURE_564290F8998644E39A2118D5C683187B_DXT1_288A88F24EC7DA67060A3C85D99C0B79__A73E3AA62EDE24FE8A31FF9B4470AF9098C35BA8.udd" 2984
"C:/Users/yarik/AppData/Local/UnrealEngine/Common/DerivedDataCache/6/3/8/TEXTURE_564290F8998644E39A2118D5C683187B_DXT1_288A88F24EC7DA67060A3C85D99C0B79__30A53251AB20EF6D0C2655ED1F8F1C4B8513F286.udd" 2985
"C:/Users/yarik/AppData/Local/UnrealEngine/Common/DerivedDataCache/8/4/8/TEXTURE_564290F8998644E39A2118D5C683187B_G8_B8EAC3104A2EDF27469249AC4A55026F_0__AEFF8DA18B49C2B991D85A24E4317D641D6B8EB6.udd" 2986
"C:/Users/yarik/AppData/Local/UnrealEngine/Common/DerivedDataCache/0/1/2/TEXTURE_564290F8998644E39A2118D5C683187B_G8_2073D4C24C24DB5D9E9422A746624ED4_0__A8F90DD393E7C7360A2B6077E72DE306C110BC56.udd" 2987
"C:/Users/yarik/AppData/Local/UnrealEngine/Common/DerivedDataCache/7/7/3/TEXTURE_564290F8998644E39A2118D5C683187B_G8_17513C534094DC6924D13DB12D11F20D_0__6BE8DD5B315A1824839B2637D664CA4AFE4DBF1E.udd" 2988
"C:/Users/yarik/AppData/Local/UnrealEngine/Common/DerivedDataCache/6/4/3/TEXTURE_564290F8998644E39A2118D5C683187B_G8_17513C534094DC6924D13DB12D11F20D_0__FB755472824A1D13056E9126EECA6CF3E8C43546.udd" 2989
"C:/Users/yarik/AppData/Local/UnrealEngine/Common/DerivedDataCache/6/0/2/TEXTURE_564290F8998644E39A2118D5C683187B_G8_17513C534094DC6924D13DB12D11F20D_0__7122FD04E8CB84FEE35C6BEDB9EA74C9062C5516.udd" 2990
"C:/Users/yarik/AppData/Local/UnrealEngine/Common/DerivedDataCache/0/3/8/TEXTURE_564290F8998644E39A2118D5C683187B_G8_B8EAC3104A2EDF27469249AC4A55026F_0__56CD5816AC87668493D483E7F4997E1CC6986CBA.udd" 2991
"C:/Users/yarik/AppData/Local/UnrealEngine/Common/DerivedDataCache/0/7/8/TEXTURE_564290F8998644E39A2118D5C683187B_G8_07CCF2374FBE9AB15B4D14AA91412A67_0__BA9546A3ACA7D83A9173044E986F70F8D4B5E3E9.udd" 2992
"C:/Users/yarik/AppData/Local/UnrealEngine/Common/DerivedDataCache/0/4/1/TEXTURE_564290F8998644E39A2118D5C683187B_G8_07CCF2374FBE9AB15B4D14AA91412A67_0__6A6301FFC13B0302F45D084E24428B59A33E1A5C.udd" 2993
"C:/Users/yarik/AppData/Local/UnrealEngine/Common/DerivedDataCache/9/7/0/TEXTURE_564290F8998644E39A2118D5C683187B_G8_17D2A30640FF86D2540C4B9B9D2D1F7A_0__B837B23DD6723D5491F586990460360984863868.udd" 2994
"C:/Users/yarik/AppData/Local/UnrealEngine/Common/DerivedDataCache/4/1/6/TEXTURE_564290F8998644E39A2118D5C683187B_G8_9384D94A4718BC9372C6469EEFE9E61D_0__B47D7E98FD97C7CEA072F42F7367BB4786FEE61F.udd" 2995
"C:/Users/yarik/AppData/Local/UnrealEngine/Common/DerivedDataCache/3/8/1/TEXTURE_564290F8998644E39A2118D5C683187B_G8_17D2A30640FF86D2540C4B9B9D2D1F7A_0__C1C83FFBE1CAF2817D04967BCD85223570BCA6E3.udd" 2996
"C:/Users/yarik/AppData/Local/UnrealEngine/Common/DerivedDataCache/2/0/7/TEXTURE_564290F8998644E39A2118D5C683187B_G8_07CCF2374FBE9AB15B4D14AA91412A67_0__0441517735B247DF250A34387573C46EDB0209EC.udd" 2997
"C:/Users/yarik/AppData/Local/UnrealEngine/Common/DerivedDataCache/9/0/8/TEXTURE_564290F8998644E39A2118D5C683187B_G8_9384D94A4718BC9372C6469EEFE9E61D_0__8A4BF452931E872F355CBF9BAA3B00C8EE33F31D.udd" 2998
"C:/Users/yarik/AppData/Local/UnrealEngine/Common/DerivedDataCache/0/6/8/TEXTURE_564290F8998644E39A2118D5C683187B_G8_B8EAC3104A2EDF27469249AC4A55026F_0__D4532DFC30B6B776E28E7B2D5D624035636C6444.udd" 2999
"C:/Users/yarik/AppData/Local/UnrealEngine/Common/DerivedDataCache/7/4/2/TEXTURE_564290F8998644E39A2118D5C683187B_G8_B8EAC3104A2EDF27469249AC4A55026F_0__855D69A71B84448EC53BB9C08AE6B45D394306B6.udd" 3000
"C:/Users/yarik/AppData/Local/UnrealEngine/Common/DerivedDataCache/1/8/0/TEXTURE_564290F8998644E39A2118D5C683187B_G8_B8EAC3104A2EDF27469249AC4A55026F_0__7D497807C3AC442941D09B50A58AA890D8E16D42.udd" 3001
"C:/Users/yarik/AppData/Local/UnrealEngine/Common/DerivedDataCache/5/2/4/TEXTURE_564290F8998644E39A2118D5C683187B_G8_17D2A30640FF86D2540C4B9B9D2D1F7A_0__36D078E8AC4F61AF8F7FB432B318C9A9E0297200.udd" 3002
"C:/Users/yarik/AppData/Local/UnrealEngine/Common/DerivedDataCache/4/9/9/TEXTURE_564290F8998644E39A2118D5C683187B_G8_17D2A30640FF86D2540C4B9B9D2D1F7A_0__2F37600F542BB1BC5368C24A54CC731551335B7F.udd" 3003
"C:/Users/yarik/AppData/Local/UnrealEngine/Common/DerivedDataCache/0/4/5/TEXTURE_564290F8998644E39A2118D5C683187B_G8_17D2A30640FF86D2540C4B9B9D2D1F7A_0__2E684F2C593E50491B4EF82C06652F42150FCBF3.udd" 3004
"C:/Users/yarik/AppData/Local/UnrealEngine/Common/DerivedDataCache/5/1/1/TEXTURE_564290F8998644E39A2118D5C683187B_G8_9384D94A4718BC9372C6469EEFE9E61D_0__5BFA3A5F84F8897A8A88742E0117BF337B5BC48D.udd" 3005
"C:/Users/yarik/AppData/Local/UnrealEngine/Common/DerivedDataCache/0/1/8/TEXTURE_564290F8998644E39A2118D5C683187B_G8_9384D94A4718BC9372C6469EEFE9E61D_0__9A7F89957910DEA400CA4532A34234ADE74D88A7.udd" 3006
"C:/Users/yarik/AppData/Local/UnrealEngine/Common/DerivedDataCache/7/2/4/TEXTURE_564290F8998644E39A2118D5C683187B_G8_9384D94A4718BC9372C6469EEFE9E61D_0__F9BC06C7ECA403E4C737613A6BAD83BCA5EFDBCF.udd" 3007
"C:/Users/yarik/AppData/Local/UnrealEngine/Common/DerivedDataCache/0/8/3/TEXTURE_564290F8998644E39A2118D5C683187B_G8_FA794CD54CE6657F32F02486302C1F6C_0__7EDF7EFEACB92BB916F96994FE6FDB0F94C16932.udd" 3008
"C:/Users/yarik/AppData/Local/UnrealEngine/Common/DerivedDataCache/1/7/7/TEXTURE_564290F8998644E39A2118D5C683187B_G8_D0DCC1014B49B5289EDC25A8BD49AA61_0__B2B1A62B519D779738ADB11FC69F11C361C3E7A6.udd" 3009
"C:/Users/yarik/AppData/Local/UnrealEngine/Common/DerivedDataCache/5/4/3/TEXTURE_564290F8998644E39A2118D5C683187B_G8_A6F58BC343AD484C5F25D9A64BD18432_0__69CA5EE8719F7D337F2CE84C6E36CE383A27F97F.udd" 3010
"C:/Users/yarik/AppData/Local/UnrealEngine/Common/DerivedDataCache/9/7/9/TEXTURE_564290F8998644E39A2118D5C683187B_DXT1_B17DBD994A84DB7360FA928D6A6CB7B1__C3828EB698E20F7BB4E5F073090EA663BF4F2840.udd" 3011
"C:/Users/yarik/AppData/Local/UnrealEngine/Common/DerivedDataCache/4/5/2/TEXTURE_564290F8998644E39A2118D5C683187B_G8_A6F58BC343AD484C5F25D9A64BD18432_0__99CFF45C2006DF6A2F86BE69B671C062B00C9280.udd" 3012
"C:/Users/yarik/AppData/Local/UnrealEngine/Common/DerivedDataCache/4/2/5/TEXTURE_564290F8998644E39A2118D5C683187B_G8_D0DCC1014B49B5289EDC25A8BD49AA61_0__EAFAF35D3C1E1467E1F74C8C9FB9B87598E8DA45.udd" 3013
"C:/Users/yarik/AppData/Local/UnrealEngine/Common/DerivedDataCache/1/5/9/TEXTURE_564290F8998644E39A2118D5C683187B_G8_FA794CD54CE6657F32F02486302C1F6C_0__7A085B9A7B7F773E604E88BD46715F2AD10A2ED3.udd" 3014
"C:/Users/yarik/AppData/Local/UnrealEngine/Common/DerivedDataCache/2/2/0/TEXTURE_564290F8998644E39A2118D5C683187B_G8_FA794CD54CE6657F32F02486302C1F6C_0__9B0FA195FF301CB975C774C0D7E674CEDD587EA2.udd" 3015
"C:/Users/yarik/AppData/Local/UnrealEngine/Common/DerivedDataCache/7/6/1/TEXTURE_564290F8998644E39A2118D5C683187B_AUTODXT_B755450545CC1A60F18E6DB354892__6371A70E4ABF672AAC06AA0D38FD099DE9B92589.udd" 3016
"C:/Users/yarik/AppData/Local/UnrealEngine/Common/DerivedDataCache/7/1/3/TEXTURE_564290F8998644E39A2118D5C683187B_AUTODXT_B755450545CC1A60F18E6DB354892__731C7F6B981143D1EC6EF08C333470B5FCA149B3.udd" 3017
"C:/Users/yarik/AppData/Local/UnrealEngine/Common/DerivedDataCache/4/6/8/TEXTURE_564290F8998644E39A2118D5C683187B_G8_FA794CD54CE6657F32F02486302C1F6C_0__1C91A950A92BAF04076A911CD7B31D9D42FF7115.udd" 3018
"C:/Users/yarik/AppData/Local/UnrealEngine/Common/DerivedDataCache/4/2/4/TEXTURE_564290F8998644E39A2118D5C683187B_AUTODXT_C0EED55A47BE73B735579A8A99EC1__74391A882F53AA9E5517BAC3C461904360B77609.udd" 3019
"C:/Users/yarik/AppData/Local/UnrealEngine/Common/DerivedDataCache/9/6/4/TEXTURE_564290F8998644E39A2118D5C683187B_G8_FA794CD54CE6657F32F02486302C1F6C_0__32F9297435ABB8DF92C07F9F7619CFE3B563928C.udd" 3020
"C:/Users/yarik/AppData/Local/UnrealEngine/Common/DerivedDataCache/2/9/5/TEXTURE_564290F8998644E39A2118D5C683187B_G8_D0DCC1014B49B5289EDC25A8BD49AA61_0__69A3E4FA1B50A0717CF750DA0DD528CEEFCFF6FC.udd" 3021
"C:/Users/yarik/AppData/Local/UnrealEngine/Common/DerivedDataCache/5/4/9/TEXTURE_564290F8998644E39A2118D5C683187B_AUTODXT_1882DBD74D82ED6E8D4CFD9B5946F__99592AA65FACDAEC6E012508C4B9CE37D66DD69B.udd" 3022
"C:/Users/yarik/AppData/Local/UnrealEngine/Common/DerivedDataCache/2/8/9/TEXTURE_564290F8998644E39A2118D5C683187B_AUTODXT_6BE4A24C4103738F041D3EA5B8319__499D81452E85291A21FA8022FD58B0A89BCA1050.udd" 3023
"C:/Users/yarik/AppData/Local/UnrealEngine/Common/DerivedDataCache/7/4/5/TEXTURE_564290F8998644E39A2118D5C683187B_G8_D0DCC1014B49B5289EDC25A8BD49AA61_0__91923CA8FE8A3EF40C6AB3F49765794F304313DA.udd" 3024
"C:/Users/yarik/AppData/Local/UnrealEngine/Common/DerivedDataCache/8/1/9/TEXTURE_564290F8998644E39A2118D5C683187B_AUTODXT_1882DBD74D82ED6E8D4CFD9B5946F__49E8752303953995C690E763648CCEFDE56304AA.udd" 3025
"C:/Users/yarik/AppData/Local/UnrealEngine/Common/DerivedDataCache/3/8/1/TEXTURE_564290F8998644E39A2118D5C683187B_AUTODXT_6BE4A24C4103738F041D3EA5B8319__4DDD2B13E949A7FAC683E2EFF10790A80B4A2CB9.udd" 3026
"C:/Users/yarik/AppData/Local/UnrealEngine/Common/DerivedDataCache/5/8/2/TEXTURE_564290F8998644E39A2118D5C683187B_AUTODXT_1882DBD74D82ED6E8D4CFD9B5946F__8751EEBB38C597773714C302F57B0FCDCBA72612.udd" 3027
"C:/Users/yarik/AppData/Local/UnrealEngine/Common/DerivedDataCache/4/9/4/TEXTURE_564290F8998644E39A2118D5C683187B_G8_D0DCC1014B49B5289EDC25A8BD49AA61_0__450D710099CC45A5D8D9FC02FCA9A7C875856DA6.udd" 3028
"C:/Users/yarik/AppData/Local/UnrealEngine/Common/DerivedDataCache/2/1/2/TEXTURE_564290F8998644E39A2118D5C683187B_AUTODXT_99A0D39B4B955340CB89B2A206210__1088BB265F223CB127B0F1E9AFCB39FFC8E85BF7.udd" 3029
"C:/Users/yarik/AppData/Local/UnrealEngine/Common/DerivedDataCache/3/5/1/TEXTURE_564290F8998644E39A2118D5C683187B_AUTODXT_5CF98ED3495B284E3894C89E2C388__B3A3377A82A66704DA9FFC7CB10BF6F7DD447D70.udd" 3030
"C:/Users/yarik/AppData/Local/UnrealEngine/Common/DerivedDataCache/2/3/1/TEXTURE_564290F8998644E39A2118D5C683187B_G8_A6F58BC343AD484C5F25D9A64BD18432_0__B402385E901F26B72AE73E34F152786D8DDB3F93.udd" 3031
"C:/Users/yarik/AppData/Local/UnrealEngine/Common/DerivedDataCache/0/2/6/TEXTURE_564290F8998644E39A2118D5C683187B_AUTODXT_6BE4A24C4103738F041D3EA5B8319__FA677B40D10C6EC681D6F52455ABFCCF1CAA8547.udd" 3032
"C:/Users/yarik/AppData/Local/UnrealEngine/Common/DerivedDataCache/4/4/6/TEXTURE_564290F8998644E39A2118D5C683187B_AUTODXT_99A0D39B4B955340CB89B2A206210__167C4E8B63EAB803F67CC20605C2273764FF246D.udd" 3033
"C:/Users/yarik/AppData/Local/UnrealEngine/Common/DerivedDataCache/8/4/2/TEXTURE_564290F8998644E39A2118D5C683187B_G8_A6F58BC343AD484C5F25D9A64BD18432_0__5BD351AEE61DD56423714622A669CD57A3DAF2EB.udd" 3034
"C:/Users/yarik/AppData/Local/UnrealEngine/Common/DerivedDataCache/5/7/2/TEXTURE_564290F8998644E39A2118D5C683187B_AUTODXT_5CF98ED3495B284E3894C89E2C388__38BBD509AF5952C601ABBDB6E97FA81621EA8323.udd" 3035
"C:/Users/yarik/AppData/Local/UnrealEngine/Common/DerivedDataCache/3/2/6/TEXTURE_564290F8998644E39A2118D5C683187B_AUTODXT_BAB81FC34D7A94C13CFF88A39B4C4__D4C1932E068DF62E1243A7FC9ACFA116D16B5FEF.udd" 3036
"C:/Users/yarik/AppData/Local/UnrealEngine/Common/DerivedDataCache/3/9/3/TEXTURE_564290F8998644E39A2118D5C683187B_AUTODXT_98430985442843D03D11B5BCEF9D4__379C2AB83A77943B27A88923DCCF1CB091138ED4.udd" 3037
"C:/Users/yarik/AppData/Local/UnrealEngine/Common/DerivedDataCache/5/2/9/TEXTURE_564290F8998644E39A2118D5C683187B_DXT1_C3ADC1A840CEB61798D51298C6EB9473__2D7961FB52C5A6C13A8A055E9C25164BF699C2A9.udd" 3038
"C:/Users/yarik/AppData/Local/UnrealEngine/Common/DerivedDataCache/0/0/4/TEXTURE_564290F8998644E39A2118D5C683187B_AUTODXT_34104B9B41FD0AF28A5C82BBF02E6__26DA10E85521F00AE55E7E4BC7C3FC634BF7F190.udd" 3039
"C:/Users/yarik/AppData/Local/UnrealEngine/Common/DerivedDataCache/6/1/4/TEXTURE_564290F8998644E39A2118D5C683187B_AUTODXT_98430985442843D03D11B5BCEF9D4__B97E91179CCD320DA60D69D6A97270C2A2895873.udd" 3040
"C:/Users/yarik/AppData/Local/UnrealEngine/Common/DerivedDataCache/1/9/6/TEXTURE_564290F8998644E39A2118D5C683187B_AUTODXT_34104B9B41FD0AF28A5C82BBF02E6__34B609700DF731A787A6994F9985F0AA108FAFFF.udd" 3041
"C:/Users/yarik/AppData/Local/UnrealEngine/Common/DerivedDataCache/0/4/3/TEXTURE_564290F8998644E39A2118D5C683187B_AUTODXT_FD62AB8045A8513D504FA5AF573D8__36ED04A45C50DA086B7AE1C656EB74A0B0EDEDC7.udd" 3042
"C:/Users/yarik/AppData/Local/UnrealEngine/Common/DerivedDataCache/3/6/9/TEXTURE_564290F8998644E39A2118D5C683187B_AUTODXT_FD62AB8045A8513D504FA5AF573D8__BCAC4F0BFB74AE1400B641B3F3D20607E4500C3D.udd" 3043
"C:/Users/yarik/AppData/Local/UnrealEngine/Common/DerivedDataCache/6/8/4/TEXTURE_564290F8998644E39A2118D5C683187B_AUTODXT_BAB81FC34D7A94C13CFF88A39B4C4__EB6E49CB348E6F6683A667298A1B67400764AFDA.udd" 3044
"C:/Users/yarik/AppData/Local/UnrealEngine/Common/DerivedDataCache/5/0/8/TEXTURE_564290F8998644E39A2118D5C683187B_AUTODXT_A512F3764483134B2A828C941ED16__272B7EF7152585414DE4C6F6C446CA63E49F9231.udd" 3045
"C:/Users/yarik/AppData/Local/UnrealEngine/Common/DerivedDataCache/5/7/2/TEXTURE_564290F8998644E39A2118D5C683187B_AUTODXT_BAB81FC34D7A94C13CFF88A39B4C4__2C52D78CA2D602A84B1A6323F92E04B7E08254A6.udd" 3046
"C:/Users/yarik/AppData/Local/UnrealEngine/Common/DerivedDataCache/1/3/2/TEXTURE_564290F8998644E39A2118D5C683187B_AUTODXT_A512F3764483134B2A828C941ED16__97A9C4E2D7DB2AB574D8A3C4025D7B00CA1427ED.udd" 3047
"C:/Users/yarik/AppData/Local/UnrealEngine/Common/DerivedDataCache/1/3/0/TEXTURE_564290F8998644E39A2118D5C683187B_AUTODXT_BAB81FC34D7A94C13CFF88A39B4C4__36A524B8C38BC6D627CA3922034A3683422B4B67.udd" 3048
"C:/Users/yarik/AppData/Local/UnrealEngine/Common/DerivedDataCache/9/1/5/TEXTURE_564290F8998644E39A2118D5C683187B_AUTODXT_98430985442843D03D11B5BCEF9D4__3293CDE7B953E7257ABD5E706E127C32B7A40B3E.udd" 3049
"C:/Users/yarik/AppData/Local/UnrealEngine/Common/DerivedDataCache/7/1/5/TEXTURE_564290F8998644E39A2118D5C683187B_AUTODXT_98430985442843D03D11B5BCEF9D4__D3A2E5F7E170119DCD35FDFACC507C262FA17A26.udd" 3050
"C:/Users/yarik/AppData/Local/UnrealEngine/Common/DerivedDataCache/6/4/3/TEXTURE_564290F8998644E39A2118D5C683187B_AUTODXT_98430985442843D03D11B5BCEF9D4__A406E31D5C5A41EF579D2203985574A494745EE8.udd" 3051
"C:/Users/yarik/AppData/Local/UnrealEngine/Common/DerivedDataCache/3/1/0/TEXTURE_564290F8998644E39A2118D5C683187B_AUTODXT_98430985442843D03D11B5BCEF9D4__EBB9C50217A82DA58EE799A637D523D210A8A50E.udd" 3052
"C:/Users/yarik/AppData/Local/UnrealEngine/Common/DerivedDataCache/7/4/9/TEXTURE_564290F8998644E39A2118D5C683187B_AUTODXT_34104B9B41FD0AF28A5C82BBF02E6__8BF69CA55D98A5310F86DC410B9DB35F3F412F18.udd" 3053
"C:/Users/yarik/AppData/Local/UnrealEngine/Common/DerivedDataCache/5/8/0/TEXTURE_564290F8998644E39A2118D5C683187B_AUTODXT_34104B9B41FD0AF28A5C82BBF02E6__B71593F412EF74316211E1C51576473D1DB9DFD3.udd" 3054
"C:/Users/yarik/AppData/Local/UnrealEngine/Common/DerivedDataCache/3/6/4/TEXTURE_564290F8998644E39A2118D5C683187B_AUTODXT_34104B9B41FD0AF28A5C82BBF02E6__1544C232DD9E2DC76495933310351C966E716919.udd" 3055
"C:/Users/yarik/AppData/Local/UnrealEngine/Common/DerivedDataCache/5/1/6/TEXTURE_564290F8998644E39A2118D5C683187B_AUTODXT_34104B9B41FD0AF28A5C82BBF02E6__730E2673803D8A129AACB2A3C44519627716F293.udd" 3056
"C:/Users/yarik/AppData/Local/UnrealEngine/Common/DerivedDataCache/5/2/2/TEXTURE_564290F8998644E39A2118D5C683187B_AUTODXT_FD62AB8045A8513D504FA5AF573D8__5B61EAE81AEBA3D62312070FC2C1A2CC524D029C.udd" 3057
"C:/Users/yarik/AppData/Local/UnrealEngine/Common/DerivedDataCache/6/4/0/TEXTURE_564290F8998644E39A2118D5C683187B_AUTODXT_FD62AB8045A8513D504FA5AF573D8__9DB2D839CAF58E933D780C8BAF38E82AF7575BCC.udd" 3058
"C:/Users/yarik/AppData/Local/UnrealEngine/Common/DerivedDataCache/7/6/6/TEXTURE_564290F8998644E39A2118D5C683187B_AUTODXT_FD62AB8045A8513D504FA5AF573D8__F0F3C1EB1236B4E6FE04A91806C19D2EB022A268.udd" 3059
"C:/Users/yarik/AppData/Local/UnrealEngine/Common/DerivedDataCache/5/9/6/TEXTURE_564290F8998644E39A2118D5C683187B_AUTODXT_FD62AB8045A8513D504FA5AF573D8__0C39B2713482D60FAD650C951608187C13A3BDFA.udd" 3060
"C:/Users/yarik/AppData/Local/UnrealEngine/Common/DerivedDataCache/2/0/9/TEXTURE_564290F8998644E39A2118D5C683187B_AUTODXT_A512F3764483134B2A828C941ED16__A38B7AB875AEA55D52B4A7D9549762EBBCD08379.udd" 3061
"C:/Users/yarik/AppData/Local/UnrealEngine/Common/DerivedDataCache/0/6/8/TEXTURE_564290F8998644E39A2118D5C683187B_AUTODXT_A512F3764483134B2A828C941ED16__0DFF2971499716F60289F10D732E572239DCC39E.udd" 3062
"C:/Users/yarik/AppData/Local/UnrealEngine/Common/DerivedDataCache/4/8/9/TEXTURE_564290F8998644E39A2118D5C683187B_AUTODXT_BAB81FC34D7A94C13CFF88A39B4C4__2407EA4824CE881EDD0430FE15D1C6FD7E994B9E.udd" 3063
"C:/Users/yarik/AppData/Local/UnrealEngine/Common/DerivedDataCache/9/7/8/TEXTURE_564290F8998644E39A2118D5C683187B_AUTODXT_BAB81FC34D7A94C13CFF88A39B4C4__717333E0553600B76597C77E738B68B26899A850.udd" 3064
"C:/Users/yarik/AppData/Local/UnrealEngine/Common/DerivedDataCache/0/8/7/TEXTURE_564290F8998644E39A2118D5C683187B_AUTODXT_A512F3764483134B2A828C941ED16__CEEFF498FA667F60A1995686DB5260FDA6AF9016.udd" 3065
"C:/Users/yarik/AppData/Local/UnrealEngine/Common/DerivedDataCache/0/5/2/TEXTURE_564290F8998644E39A2118D5C683187B_AUTODXT_A512F3764483134B2A828C941ED16__ACE68E36DD585543CD6F3EF59E293CB686985F50.udd" 3066
"../../../Engine/Content/EditorMaterials/PreviewShadowIndicatorMaterial.uasset" 3067
"../../../Engine/Content/EditorMaterials/PreviewShadowIndicator.uasset" 3068
"../../../Engine/Content/EngineDebugMaterials/DebugEditorMaterial.uasset" 3069
"C:/Users/yarik/AppData/Local/UnrealEngine/Common/DerivedDataCache/5/0/4/TEXTURE_564290F8998644E39A2118D5C683187B_AUTODXT_AF44EBCD4BA3F64D7A0315A654438__24FFDF554F5F01A19CC9F1699339323EAA245036.udd" 3070
"C:/Users/yarik/AppData/Local/UnrealEngine/Common/DerivedDataCache/6/2/6/TEXTURE_564290F8998644E39A2118D5C683187B_AUTODXT_AF44EBCD4BA3F64D7A0315A654438__45114BA6065B71D1D0C05A47441B33BDB5E08557.udd" 3071
"C:/Users/yarik/AppData/Local/UnrealEngine/Common/DerivedDataCache/4/0/4/TEXTURE_564290F8998644E39A2118D5C683187B_AUTODXT_AF44EBCD4BA3F64D7A0315A654438__09F945899457D09215DA029BD56A3F163C689B31.udd" 3072
"C:/Users/yarik/AppData/Local/UnrealEngine/Common/DerivedDataCache/9/7/5/TEXTURE_564290F8998644E39A2118D5C683187B_AUTODXT_AF44EBCD4BA3F64D7A0315A654438__181E473775EB0E52B9ABBA382A593AA91E09155E.udd" 3073
"C:/Users/yarik/AppData/Local/UnrealEngine/Common/DerivedDataCache/5/1/5/TEXTURE_564290F8998644E39A2118D5C683187B_AUTODXT_AF44EBCD4BA3F64D7A0315A654438__8E07441A4B43B99241FE93F8BC3D763EEE354A53.udd" 3074
"C:/Users/yarik/AppData/Local/UnrealEngine/Common/DerivedDataCache/2/8/0/TEXTURE_564290F8998644E39A2118D5C683187B_AUTODXT_AF44EBCD4BA3F64D7A0315A654438__B51ADA78DBD62583D521A6BA5D5D548D10FA6BBA.udd" 3075
"C:/Users/yarik/AppData/Local/UnrealEngine/Common/DerivedDataCache/5/4/2/TEXTURE_564290F8998644E39A2118D5C683187B_BC5_08DEBF7F475D37FA74119E9DBB33B15D___04667B7779E16010067C3D9BAAFCA9502ACF5A53.udd" 3076
"C:/Users/yarik/AppData/Local/UnrealEngine/Common/DerivedDataCache/9/5/9/TEXTURE_564290F8998644E39A2118D5C683187B_AUTODXT_8E33E10341F4578DFEFF30ACD395C__B718ECC6F15A26ADD16E34F202DF79E6FBBC88F8.udd" 3077
"C:/Users/yarik/AppData/Local/UnrealEngine/Common/DerivedDataCache/6/0/1/TEXTURE_564290F8998644E39A2118D5C683187B_BC5_08DEBF7F475D37FA74119E9DBB33B15D___59E5146375318C63EC198B9D9DAFFD8DFB97D405.udd" 3078
"C:/Users/yarik/AppData/Local/UnrealEngine/Common/DerivedDataCache/6/2/6/TEXTURE_564290F8998644E39A2118D5C683187B_AUTODXT_8E33E10341F4578DFEFF30ACD395C__29E9FC056E403E92AC77131767C3D29385482C78.udd" 3079
"C:/Users/yarik/AppData/Local/UnrealEngine/Common/DerivedDataCache/8/0/6/TEXTURE_564290F8998644E39A2118D5C683187B_AUTODXT_8E33E10341F4578DFEFF30ACD395C__6A3BD1A9BF5BF91152E46CD21135BE8C146713D3.udd" 3080
"C:/Users/yarik/AppData/Local/UnrealEngine/Common/DerivedDataCache/8/9/9/TEXTURE_564290F8998644E39A2118D5C683187B_AUTODXT_8E33E10341F4578DFEFF30ACD395C__48788EE8888EA48BAC37546047AF84B4F2BEA823.udd" 3081
"C:/Users/yarik/AppData/Local/UnrealEngine/Common/DerivedDataCache/7/3/0/TEXTURE_564290F8998644E39A2118D5C683187B_BC5_08DEBF7F475D37FA74119E9DBB33B15D___BABC0A685DAFEC251FA239E85BC98F9EC9CF1DE6.udd" 3082
"C:/Users/yarik/AppData/Local/UnrealEngine/Common/DerivedDataCache/1/7/4/TEXTURE_564290F8998644E39A2118D5C683187B_AUTODXT_8E33E10341F4578DFEFF30ACD395C__569E1F6E692150BC37E1B0FA5BAC5ADD17CDD224.udd" 3083
"C:/Users/yarik/AppData/Local/UnrealEngine/Common/DerivedDataCache/4/6/4/TEXTURE_564290F8998644E39A2118D5C683187B_AUTODXT_8E33E10341F4578DFEFF30ACD395C__5889C67C0EF65A3A0313B452395E2938648FB524.udd" 3084
"C:/Users/yarik/AppData/Local/UnrealEngine/Common/DerivedDataCache/1/5/4/TEXTURE_564290F8998644E39A2118D5C683187B_BC5_08DEBF7F475D37FA74119E9DBB33B15D___01F09ABD5977D012B5A21E967CB6AB60420DDC17.udd" 3085
"C:/Users/yarik/AppData/Local/UnrealEngine/Common/DerivedDataCache/6/9/5/TEXTURE_564290F8998644E39A2118D5C683187B_BC5_08DEBF7F475D37FA74119E9DBB33B15D___2C47AF49443AB862BD479E7C90220D479D79E121.udd" 3086
"C:/Users/yarik/AppData/Local/UnrealEngine/Common/DerivedDataCache/6/0/4/TEXTURE_564290F8998644E39A2118D5C683187B_BC5_08DEBF7F475D37FA74119E9DBB33B15D___3575D88BE563C15F6EF3666ABACBD6C1A3E33808.udd" 3087
"C:/Users/yarik/AppData/Local/UnrealEngine/Common/DerivedDataCache/2/0/6/MATSM_EEC7EF19B1AF435984C9604C80FF9350_PCD3D_SM5_8__BC5N_NOCCBN_NOIRIS_DEV_SL___0EE017B159F4FB19BBBD2F60BA8BA914364E8547.udd" 3088
"../../../Engine/Content/EditorResources/BSPVertex.uasset" 3089
"C:/Users/yarik/AppData/Local/UnrealEngine/Common/DerivedDataCache/4/8/8/TEXTURE_564290F8998644E39A2118D5C683187B_AUTODXT_8E9620F147098A42D8959C8AE1A89__E431AC19F481BFF56F816DC465DBE52011106653.udd" 3090
"C:/Users/yarik/AppData/Local/UnrealEngine/Common/DerivedDataCache/4/6/2/TEXTURE_564290F8998644E39A2118D5C683187B_AUTODXT_8E9620F147098A42D8959C8AE1A89__C1E90E0268E2CCC40C9428E884CB2E6250D4D463.udd" 3091
"C:/Users/yarik/AppData/Local/UnrealEngine/Common/DerivedDataCache/1/9/3/TEXTURE_564290F8998644E39A2118D5C683187B_AUTODXT_8E9620F147098A42D8959C8AE1A89__DE95BA85388825AFD0D4CDFEEC8AD4EF4620DD93.udd" 3092
"C:/Users/yarik/AppData/Local/UnrealEngine/Common/DerivedDataCache/9/2/8/TEXTURE_564290F8998644E39A2118D5C683187B_AUTODXT_8E9620F147098A42D8959C8AE1A89__AAEA9DA518DE9FFF3E7361745720AFEF82D2C8A8.udd" 3093
"C:/Users/yarik/AppData/Local/UnrealEngine/Common/DerivedDataCache/4/1/0/TEXTURE_564290F8998644E39A2118D5C683187B_AUTODXT_8E9620F147098A42D8959C8AE1A89__AA791D247419A3DF182A76F1A60E8FA4FD0F2184.udd" 3094
"C:/Users/yarik/AppData/Local/UnrealEngine/Common/DerivedDataCache/0/1/0/TEXTURE_564290F8998644E39A2118D5C683187B_AUTODXT_8E9620F147098A42D8959C8AE1A89__A7B4C805E757725813602DEDBB5A03EA82AC9E7C.udd" 3095
"C:/Users/yarik/AppData/Local/UnrealEngine/Common/DerivedDataCache/3/3/9/TEXTURE_564290F8998644E39A2118D5C683187B_AUTODXT_0198873841A4E323462442B07291E__8C7CE25A83A840E3AA8BCDC7583EECC2AAE6445E.udd" 3096
"C:/Users/yarik/AppData/Local/UnrealEngine/Common/DerivedDataCache/2/5/4/TEXTURE_564290F8998644E39A2118D5C683187B_AUTODXT_0198873841A4E323462442B07291E__DC1AF12099A651DEDFB3BA722B55FA8741F6CE93.udd" 3097
"C:/Users/yarik/AppData/Local/UnrealEngine/Common/DerivedDataCache/8/1/0/TEXTURE_564290F8998644E39A2118D5C683187B_AUTODXT_0198873841A4E323462442B07291E__46D3BA21C7E70DC296ADC1F67703FC5BADB95248.udd" 3098
"C:/Users/yarik/AppData/Local/UnrealEngine/Common/DerivedDataCache/5/3/6/TEXTURE_564290F8998644E39A2118D5C683187B_AUTODXT_0198873841A4E323462442B07291E__C6623D151DC0AC5AF479CEA229D6C4999E08411A.udd" 3099
"C:/Users/yarik/AppData/Local/UnrealEngine/Common/DerivedDataCache/3/8/1/TEXTURE_564290F8998644E39A2118D5C683187B_AUTODXT_0198873841A4E323462442B07291E__3CCB19ED8F55ABD0EC4D467A6ABBA6D2FDC2FBDB.udd" 3100
"C:/Users/yarik/AppData/Local/UnrealEngine/Common/DerivedDataCache/8/7/6/TEXTURE_564290F8998644E39A2118D5C683187B_AUTODXT_0198873841A4E323462442B07291E__75D6CB7B8F13A62ABC14EB041569D568BB820922.udd" 3101
"C:/Users/yarik/AppData/Local/UnrealEngine/Common/DerivedDataCache/4/1/2/TEXTURE_564290F8998644E39A2118D5C683187B_BC5_061C286E40C40D38FD0552940C55F06A___5B8D89D4F7CBE03B102CE6D66121E0838FE87C3C.udd" 3102
"C:/Users/yarik/AppData/Local/UnrealEngine/Common/DerivedDataCache/1/3/4/TEXTURE_564290F8998644E39A2118D5C683187B_AUTODXT_FAF82FA446C81970A5CDBFBD90FFF__0D43CE9BAC6A6EAA522E41D12BD2CDC47F0098C5.udd" 3103
"C:/Users/yarik/AppData/Local/UnrealEngine/Common/DerivedDataCache/6/9/1/TEXTURE_564290F8998644E39A2118D5C683187B_AUTODXT_835ED0F0454219546109688CD5908__2B8B92A4B140D09C5B35974EC1B9AD6CC1010626.udd" 3104
"C:/Users/yarik/AppData/Local/UnrealEngine/Common/DerivedDataCache/5/0/3/TEXTURE_564290F8998644E39A2118D5C683187B_BC5_061C286E40C40D38FD0552940C55F06A___EBD3B7DA0C3C4DF0109FEC506F7742DB74C45993.udd" 3105
"C:/Users/yarik/AppData/Local/UnrealEngine/Common/DerivedDataCache/9/9/3/TEXTURE_564290F8998644E39A2118D5C683187B_BC5_061C286E40C40D38FD0552940C55F06A___0351BA35618F21B546E69BA1E1CFEE8F2D513B55.udd" 3106
"C:/Users/yarik/AppData/Local/UnrealEngine/Common/DerivedDataCache/4/0/4/TEXTURE_564290F8998644E39A2118D5C683187B_AUTODXT_FAF82FA446C81970A5CDBFBD90FFF__D57255AEDBA93384652EEDAD7EFD605A5E23E094.udd" 3107
"C:/Users/yarik/AppData/Local/UnrealEngine/Common/DerivedDataCache/7/6/6/TEXTURE_564290F8998644E39A2118D5C683187B_AUTODXT_835ED0F0454219546109688CD5908__7AE0E6333BD35EDBD6A9431933FEA0269902FEE8.udd" 3108
"C:/Users/yarik/AppData/Local/UnrealEngine/Common/DerivedDataCache/4/3/2/TEXTURE_564290F8998644E39A2118D5C683187B_BC5_061C286E40C40D38FD0552940C55F06A___7BBB087357B785C03145048F704163C4D250F32C.udd" 3109
"C:/Users/yarik/AppData/Local/UnrealEngine/Common/DerivedDataCache/0/3/7/TEXTURE_564290F8998644E39A2118D5C683187B_AUTODXT_FAF82FA446C81970A5CDBFBD90FFF__35F6951DCF89C523F395837AD930D730468F40F1.udd" 3110
"C:/Users/yarik/AppData/Local/UnrealEngine/Common/DerivedDataCache/7/2/8/TEXTURE_564290F8998644E39A2118D5C683187B_AUTODXT_FAF82FA446C81970A5CDBFBD90FFF__20758FFF66D11E3E9337C4443C08002BF0EC71E7.udd" 3111
"C:/Users/yarik/AppData/Local/UnrealEngine/Common/DerivedDataCache/2/5/9/TEXTURE_564290F8998644E39A2118D5C683187B_AUTODXT_FAF82FA446C81970A5CDBFBD90FFF__14E0DA53FA79854190046016FD182F2988BAA85C.udd" 3112
"C:/Users/yarik/AppData/Local/UnrealEngine/Common/DerivedDataCache/2/1/9/TEXTURE_564290F8998644E39A2118D5C683187B_AUTODXT_835ED0F0454219546109688CD5908__6BB2B302BB645926A670EECB3DECD4DED65B8AC0.udd" 3113
"C:/Users/yarik/AppData/Local/UnrealEngine/Common/DerivedDataCache/4/5/3/TEXTURE_564290F8998644E39A2118D5C683187B_AUTODXT_835ED0F0454219546109688CD5908__D8AE78057E6CB21041FD0DA3667EB562CB5F398D.udd" 3114
"C:/Users/yarik/AppData/Local/UnrealEngine/Common/DerivedDataCache/4/3/0/TEXTURE_564290F8998644E39A2118D5C683187B_BC5_061C286E40C40D38FD0552940C55F06A___515714181CD0C29C6B6DE317930050D03CFDB8AB.udd" 3115
"C:/Users/yarik/AppData/Local/UnrealEngine/Common/DerivedDataCache/0/8/6/TEXTURE_564290F8998644E39A2118D5C683187B_AUTODXT_835ED0F0454219546109688CD5908__3672CD8F68F158ADAAD8A96D98FFDB4960F20D00.udd" 3116
"C:/Users/yarik/AppData/Local/UnrealEngine/Common/DerivedDataCache/3/4/7/TEXTURE_564290F8998644E39A2118D5C683187B_AUTODXT_835ED0F0454219546109688CD5908__BCE539E41969F306C6767FA295879377BD43C5CB.udd" 3117
"C:/Users/yarik/AppData/Local/UnrealEngine/Common/DerivedDataCache/0/5/4/TEXTURE_564290F8998644E39A2118D5C683187B_AUTODXT_835ED0F0454219546109688CD5908__D2098E6B9087F366AA9C73E2947070FC26B48AAC.udd" 3118
"C:/Users/yarik/AppData/Local/UnrealEngine/Common/DerivedDataCache/9/4/3/TEXTURE_564290F8998644E39A2118D5C683187B_BC5_061C286E40C40D38FD0552940C55F06A___528D7632673821C19C0FB9A12E18FA7C561809F0.udd" 3119
"C:/Users/yarik/AppData/Local/UnrealEngine/Common/DerivedDataCache/3/2/5/TEXTURE_564290F8998644E39A2118D5C683187B_AUTODXT_7A15EB8940FEE0B777A8268F29FF0__92786BC4FABC96BE0233F4124EE1D50D9041B59A.udd" 3120
"C:/Users/yarik/AppData/Local/UnrealEngine/Common/DerivedDataCache/4/3/6/TEXTURE_564290F8998644E39A2118D5C683187B_AUTODXT_7A15EB8940FEE0B777A8268F29FF0__7D51C7C51DB8690A9250A5DA10341A3031B0252F.udd" 3121
"C:/Users/yarik/AppData/Local/UnrealEngine/Common/DerivedDataCache/4/1/2/TEXTURE_564290F8998644E39A2118D5C683187B_AUTODXT_FAF82FA446C81970A5CDBFBD90FFF__E1921FBEF14712FA88C255D25DF3E5802DB71E85.udd" 3122
"C:/Users/yarik/AppData/Local/UnrealEngine/Common/DerivedDataCache/1/8/0/TEXTURE_564290F8998644E39A2118D5C683187B_AUTODXT_7A15EB8940FEE0B777A8268F29FF0__278EE47A15BABF514F691CF5A520BEAC0DD508E8.udd" 3123
"C:/Users/yarik/AppData/Local/UnrealEngine/Common/DerivedDataCache/3/6/9/TEXTURE_564290F8998644E39A2118D5C683187B_AUTODXT_7A15EB8940FEE0B777A8268F29FF0__5227061F8D07AC95FE094D1BBD3E76656ED4B363.udd" 3124
"C:/Users/yarik/AppData/Local/UnrealEngine/Common/DerivedDataCache/7/9/6/TEXTURE_564290F8998644E39A2118D5C683187B_AUTODXT_7A15EB8940FEE0B777A8268F29FF0__6B1C750ECD4402BD0BF4A41E5F307FB3088DB73D.udd" 3125
"C:/Users/yarik/AppData/Local/UnrealEngine/Common/DerivedDataCache/1/5/8/TEXTURE_564290F8998644E39A2118D5C683187B_AUTODXT_7A15EB8940FEE0B777A8268F29FF0__545BFA9FB86A85A748AA8E3C4E43D26B7ADEC3B2.udd" 3126
"C:/Users/yarik/AppData/Local/UnrealEngine/Common/DerivedDataCache/6/4/8/TEXTURE_564290F8998644E39A2118D5C683187B_BC5_B5A38C02423E991838EB1F96A40F985A___0E3B4EC00CA0F69C66A3648969DB123CFB479060.udd" 3127
"C:/Users/yarik/AppData/Local/UnrealEngine/Common/DerivedDataCache/8/5/8/TEXTURE_564290F8998644E39A2118D5C683187B_BC5_B5A38C02423E991838EB1F96A40F985A___816598A265CC6D805379EFF9A4B15AB179A04D62.udd" 3128
"C:/Users/yarik/AppData/Local/UnrealEngine/Common/DerivedDataCache/6/3/9/TEXTURE_564290F8998644E39A2118D5C683187B_BC5_B5A38C02423E991838EB1F96A40F985A___4B986A75A8F66C9FB43D1D07CCB09DC360F9DD37.udd" 3129
"C:/Users/yarik/AppData/Local/UnrealEngine/Common/DerivedDataCache/4/9/1/TEXTURE_564290F8998644E39A2118D5C683187B_AUTODXT_7A15EB8940FEE0B777A8268F29FF0__A6BCE79045E8EF73D472F0DEB6F03837F9D47866.udd" 3130
"C:/Users/yarik/AppData/Local/UnrealEngine/Common/DerivedDataCache/7/4/7/TEXTURE_564290F8998644E39A2118D5C683187B_BC5_B5A38C02423E991838EB1F96A40F985A___051587070F00D1EC59AC3988CBC7E90295DC6B40.udd" 3131
"C:/Users/yarik/AppData/Local/UnrealEngine/Common/DerivedDataCache/5/7/9/TEXTURE_564290F8998644E39A2118D5C683187B_BC5_B5A38C02423E991838EB1F96A40F985A___D04A65A852B8D321EFB2083C182177B15DF15E24.udd" 3132
"C:/Users/yarik/AppData/Local/UnrealEngine/Common/DerivedDataCache/8/5/4/TEXTURE_564290F8998644E39A2118D5C683187B_BC5_B5A38C02423E991838EB1F96A40F985A___C3390370AD00EC8F660B00BF67CFC65CC6F69643.udd" 3133
"C:/Users/yarik/AppData/Local/UnrealEngine/Common/DerivedDataCache/0/0/4/TEXTURE_564290F8998644E39A2118D5C683187B_BC5_B5A38C02423E991838EB1F96A40F985A___876D9406B090802A10A7A400D7DD447528325215.udd" 3134
"C:/Users/yarik/AppData/Local/UnrealEngine/Common/DerivedDataCache/6/7/1/MATSM_EEC7EF19B1AF435984C9604C80FF9350_PCD3D_SM5_8__BC5N_NOCCBN_NOIRIS_DEV_SL___2D9002C942C2350E1AD6C23498650E903AE9C099.udd" 3135
"C:/Users/yarik/AppData/Local/UnrealEngine/Common/DerivedDataCache/5/2/5/TEXTURE_564290F8998644E39A2118D5C683187B_AUTODXT_60990C454DE0E706A19D259189E6B__C8A35D398C76DFDCB13B73110925D8C035E731C9.udd" 3136
"C:/Users/yarik/AppData/Local/UnrealEngine/Common/DerivedDataCache/1/3/1/TEXTURE_564290F8998644E39A2118D5C683187B_AUTODXT_60990C454DE0E706A19D259189E6B__A923A767B849E46FBC49D5D06C5BBEE20F95EFEE.udd" 3137
"C:/Users/yarik/AppData/Local/UnrealEngine/Common/DerivedDataCache/3/6/1/TEXTURE_564290F8998644E39A2118D5C683187B_AUTODXT_60990C454DE0E706A19D259189E6B__D26BF934974F4B5B3A6919176F78A047942C9509.udd" 3138
"C:/Users/yarik/AppData/Local/UnrealEngine/Common/DerivedDataCache/7/8/8/TEXTURE_564290F8998644E39A2118D5C683187B_AUTODXT_60990C454DE0E706A19D259189E6B__7811ABE480DAA8EC5AF3DDF0227A9BC1110A64EE.udd" 3139
"C:/Users/yarik/AppData/Local/UnrealEngine/Common/DerivedDataCache/9/5/2/TEXTURE_564290F8998644E39A2118D5C683187B_AUTODXT_60990C454DE0E706A19D259189E6B__3533ABF91133A47902BC230B679DD48710C8D9A9.udd" 3140
"C:/Users/yarik/AppData/Local/UnrealEngine/Common/DerivedDataCache/8/9/1/TEXTURE_564290F8998644E39A2118D5C683187B_AUTODXT_60990C454DE0E706A19D259189E6B__260362082DDAC721F05BC2F657C55ABC45F63DCC.udd" 3141
"C:/Users/yarik/AppData/Local/UnrealEngine/Common/DerivedDataCache/2/5/1/TEXTURE_564290F8998644E39A2118D5C683187B_AUTODXT_60990C454DE0E706A19D259189E6B__41E269BDB9946244C653E0BBDBAB19241BEF8748.udd" 3142
"C:/Users/yarik/AppData/Local/UnrealEngine/Common/DerivedDataCache/5/9/0/TEXTURE_564290F8998644E39A2118D5C683187B_AUTODXT_FBA090CC4A9F4DF62103B4AAF623E__07A4329B2F39AB42551614ADAC0CB6BC343BFC71.udd" 3143
"C:/Users/yarik/AppData/Local/UnrealEngine/Common/DerivedDataCache/1/3/4/TEXTURE_564290F8998644E39A2118D5C683187B_AUTODXT_FBA090CC4A9F4DF62103B4AAF623E__2445DF96685A49CDF54A1F9BBF1AE4C542963BB1.udd" 3144
"C:/Users/yarik/AppData/Local/UnrealEngine/Common/DerivedDataCache/0/7/8/TEXTURE_564290F8998644E39A2118D5C683187B_AUTODXT_FBA090CC4A9F4DF62103B4AAF623E__058C8A6C5923760B84BE46949256E6AAD7922FB6.udd" 3145
"C:/Users/yarik/AppData/Local/UnrealEngine/Common/DerivedDataCache/2/0/7/TEXTURE_564290F8998644E39A2118D5C683187B_AUTODXT_FBA090CC4A9F4DF62103B4AAF623E__A260D2EA26880C0F46DEDC106399D8EF3A80814B.udd" 3146
"C:/Users/yarik/AppData/Local/UnrealEngine/Common/DerivedDataCache/6/5/8/TEXTURE_564290F8998644E39A2118D5C683187B_AUTODXT_FBA090CC4A9F4DF62103B4AAF623E__411CABF75DA45CCC0567A2614DABE8C38366C0BD.udd" 3147
"C:/Users/yarik/AppData/Local/UnrealEngine/Common/DerivedDataCache/4/0/2/TEXTURE_564290F8998644E39A2118D5C683187B_AUTODXT_FBA090CC4A9F4DF62103B4AAF623E__206B6AD0C7A68A808CFC36FA717C901D7D04C8C5.udd" 3148
"C:/Users/yarik/AppData/Local/UnrealEngine/Common/DerivedDataCache/2/8/9/TEXTURE_564290F8998644E39A2118D5C683187B_AUTODXT_FBA090CC4A9F4DF62103B4AAF623E__DA1CAC207ECD77ED108C777C3D488CFBDA6AB2FC.udd" 3149
"C:/Users/yarik/AppData/Local/UnrealEngine/Common/DerivedDataCache/3/1/0/TEXTURE_564290F8998644E39A2118D5C683187B_AUTODXT_FA0CBAC44FF6939CFC39F4AE96505__9C0F9651B0FB00534214B2446E259F125BB1C91D.udd" 3150
"C:/Users/yarik/AppData/Local/UnrealEngine/Common/DerivedDataCache/6/0/0/TEXTURE_564290F8998644E39A2118D5C683187B_BC5_AD6A264149FEF892125E9ABE84272408___D18F7421D3D356CC8185BA518538A6A3388D253A.udd" 3151
"C:/Users/yarik/AppData/Local/UnrealEngine/Common/DerivedDataCache/7/1/3/TEXTURE_564290F8998644E39A2118D5C683187B_AUTODXT_2E983DF24D98047B012F50BF89BBA__9C54B9334564946DDFC14E1AED20EA9C133C29A6.udd" 3152
"C:/Users/yarik/AppData/Local/UnrealEngine/Common/DerivedDataCache/6/1/2/TEXTURE_564290F8998644E39A2118D5C683187B_AUTODXT_FA0CBAC44FF6939CFC39F4AE96505__E2564DEC4DCF2AC3A79F974786CA2F878EAA29D1.udd" 3153
"C:/Users/yarik/AppData/Local/UnrealEngine/Common/DerivedDataCache/0/6/3/TEXTURE_564290F8998644E39A2118D5C683187B_AUTODXT_FA0CBAC44FF6939CFC39F4AE96505__FB2C9810CF90A3ED19391B70644D94B2FE871BBB.udd" 3154
"C:/Users/yarik/AppData/Local/UnrealEngine/Common/DerivedDataCache/7/6/9/TEXTURE_564290F8998644E39A2118D5C683187B_AUTODXT_FA0CBAC44FF6939CFC39F4AE96505__24A137F9839EC54CB138665F64B292B0BEA3AB4B.udd" 3155
"C:/Users/yarik/AppData/Local/UnrealEngine/Common/DerivedDataCache/9/6/1/TEXTURE_564290F8998644E39A2118D5C683187B_AUTODXT_6FA6E6CE413C209EB44DE7953F649__422C8DFDD24FF4C40FD0745FE1D744A4E11F806B.udd" 3156
"C:/Users/yarik/AppData/Local/UnrealEngine/Common/DerivedDataCache/4/0/3/TEXTURE_564290F8998644E39A2118D5C683187B_AUTODXT_FA0CBAC44FF6939CFC39F4AE96505__A3BD030B5EAADE92714C9879760F3C9AF4AF5E93.udd" 3157
"C:/Users/yarik/AppData/Local/UnrealEngine/Common/DerivedDataCache/0/3/0/TEXTURE_564290F8998644E39A2118D5C683187B_BC5_968FD5F947C9C27B983A1FAE23BEBAE7___CA6B9BD7153F4F7F40D24AD7789B40CC122FC972.udd" 3158
"C:/Users/yarik/AppData/Local/UnrealEngine/Common/DerivedDataCache/9/7/0/TEXTURE_564290F8998644E39A2118D5C683187B_AUTODXT_2E983DF24D98047B012F50BF89BBA__7F0F22ED19EB545CA610F86DE06E8EF40CC36931.udd" 3159
"C:/Users/yarik/AppData/Local/UnrealEngine/Common/DerivedDataCache/9/7/1/TEXTURE_564290F8998644E39A2118D5C683187B_AUTODXT_6FA6E6CE413C209EB44DE7953F649__2765FC76FA9710C19D44D510E343613E3398043C.udd" 3160
"C:/Users/yarik/AppData/Local/UnrealEngine/Common/DerivedDataCache/9/7/7/TEXTURE_564290F8998644E39A2118D5C683187B_AUTODXT_899632C0410E4D5B366B14B0FF7DA__FFA24FD3C0B22CEEAFBC95DB78153A54DF4F3957.udd" 3161
"C:/Users/yarik/AppData/Local/UnrealEngine/Common/DerivedDataCache/5/6/6/TEXTURE_564290F8998644E39A2118D5C683187B_BC5_968FD5F947C9C27B983A1FAE23BEBAE7___C0F11650705FB049AE5ABE4EF5F2A66D8EF104AA.udd" 3162
"C:/Users/yarik/AppData/Local/UnrealEngine/Common/DerivedDataCache/3/7/2/TEXTURE_564290F8998644E39A2118D5C683187B_AUTODXT_4A9CC2AF41799FFF47CC01BBAF4C0__1ED91D784B5F0276B85E7482FD101241CC23404B.udd" 3163
"C:/Users/yarik/AppData/Local/UnrealEngine/Common/DerivedDataCache/6/6/5/TEXTURE_564290F8998644E39A2118D5C683187B_AUTODXT_899632C0410E4D5B366B14B0FF7DA__832CE8444FC42FC2F1C96291D2D802CF872B7107.udd" 3164
"C:/Users/yarik/AppData/Local/UnrealEngine/Common/DerivedDataCache/9/2/3/TEXTURE_564290F8998644E39A2118D5C683187B_AUTODXT_4A9CC2AF41799FFF47CC01BBAF4C0__12A379FD87C1939187A4AC23A5D866628535A1B1.udd" 3165
"C:/Users/yarik/AppData/Local/UnrealEngine/Common/DerivedDataCache/7/6/9/TEXTURE_564290F8998644E39A2118D5C683187B_BC5_AD6A264149FEF892125E9ABE84272408___D605DD59F786477E95DC7DA9785394F6B9C0DCB8.udd" 3166
"C:/Users/yarik/AppData/Local/UnrealEngine/Common/DerivedDataCache/9/7/1/TEXTURE_564290F8998644E39A2118D5C683187B_BC5_AD6A264149FEF892125E9ABE84272408___E55027D3CB0D365BF88CF45E1384B88195AA522A.udd" 3167
"C:/Users/yarik/AppData/Local/UnrealEngine/Common/DerivedDataCache/5/7/1/TEXTURE_564290F8998644E39A2118D5C683187B_AUTODXT_2E983DF24D98047B012F50BF89BBA__B57DDA31ED58B3503FD205EEEBA41B5EBB7C1819.udd" 3168
"C:/Users/yarik/AppData/Local/UnrealEngine/Common/DerivedDataCache/7/5/7/MATSM_EEC7EF19B1AF435984C9604C80FF9350_PCD3D_SM5_8__BC5N_NOCCBN_NOIRIS_DEV_SL___A71A292CB2CB7E0483B8F5B1C366B672CC414C62.udd" 3169
"C:/Users/yarik/AppData/Local/UnrealEngine/Common/DerivedDataCache/4/5/4/TEXTURE_564290F8998644E39A2118D5C683187B_BC5_6E6F7A894956B0E1565BDF89A258347A___9A491A9D3C5EFEC63CF322D7C6E97D735B48681D.udd" 3170
"C:/Users/yarik/AppData/Local/UnrealEngine/Common/DerivedDataCache/2/6/3/TEXTURE_564290F8998644E39A2118D5C683187B_BC5_6E6F7A894956B0E1565BDF89A258347A___76B52774CDCB636293B727B3A742F4A98DD8D0FD.udd" 3171
"C:/Users/yarik/AppData/Local/UnrealEngine/Common/DerivedDataCache/1/8/8/TEXTURE_564290F8998644E39A2118D5C683187B_AUTODXT_4A9CC2AF41799FFF47CC01BBAF4C0__9060727B5D7F0B9245EE9B73A3094EA2BFC87072.udd" 3172
"C:/Users/yarik/AppData/Local/UnrealEngine/Common/DerivedDataCache/0/5/2/TEXTURE_564290F8998644E39A2118D5C683187B_AUTODXT_899632C0410E4D5B366B14B0FF7DA__BF7F22CAA933B3BAC66CEEF34F01FBBC43E83C29.udd" 3173
"C:/Users/yarik/AppData/Local/UnrealEngine/Common/DerivedDataCache/0/4/4/TEXTURE_564290F8998644E39A2118D5C683187B_AUTODXT_4A9CC2AF41799FFF47CC01BBAF4C0__A0565FA399737EBCAD7AD3E93F8CC2D640DA6A97.udd" 3174
"C:/Users/yarik/AppData/Local/UnrealEngine/Common/DerivedDataCache/8/5/4/TEXTURE_564290F8998644E39A2118D5C683187B_AUTODXT_2E983DF24D98047B012F50BF89BBA__CF07D0217B21C436B0BB26EE12281994A896F5B4.udd" 3175
"C:/Users/yarik/AppData/Local/UnrealEngine/Common/DerivedDataCache/0/3/1/TEXTURE_564290F8998644E39A2118D5C683187B_BC5_AD6A264149FEF892125E9ABE84272408___F92DECF50EF0728B80792AA1717B7521AC96C833.udd" 3176
"C:/Users/yarik/AppData/Local/UnrealEngine/Common/DerivedDataCache/0/6/1/TEXTURE_564290F8998644E39A2118D5C683187B_AUTODXT_2E983DF24D98047B012F50BF89BBA__D6718D4A9042A82FEE50EE277877BFB4166A57E0.udd" 3177
"C:/Users/yarik/AppData/Local/UnrealEngine/Common/DerivedDataCache/5/6/5/TEXTURE_564290F8998644E39A2118D5C683187B_AUTODXT_4A9CC2AF41799FFF47CC01BBAF4C0__AEE2A8B5B1E331F8D0B71C430E6BA187B3374707.udd" 3178
"C:/Users/yarik/AppData/Local/UnrealEngine/Common/DerivedDataCache/2/8/9/TEXTURE_564290F8998644E39A2118D5C683187B_AUTODXT_899632C0410E4D5B366B14B0FF7DA__C799C71FFFA9BDB91CE676695AEE19552D6EAA2B.udd" 3179
"C:/Users/yarik/AppData/Local/UnrealEngine/Common/DerivedDataCache/6/0/5/TEXTURE_564290F8998644E39A2118D5C683187B_AUTODXT_4A9CC2AF41799FFF47CC01BBAF4C0__F0622AFC9DDC47A56862B4FCAA28D8B887729D40.udd" 3180
"C:/Users/yarik/AppData/Local/UnrealEngine/Common/DerivedDataCache/6/9/4/TEXTURE_564290F8998644E39A2118D5C683187B_AUTODXT_2E983DF24D98047B012F50BF89BBA__C1C86B3382CD93D2AE054C2E434652C83B716AF0.udd" 3181
"C:/Users/yarik/AppData/Local/UnrealEngine/Common/DerivedDataCache/8/3/9/TEXTURE_564290F8998644E39A2118D5C683187B_AUTODXT_2E983DF24D98047B012F50BF89BBA__C71B6BC691AAFA57B0EA1D0B925DEFE7DD730567.udd" 3182
"C:/Users/yarik/AppData/Local/UnrealEngine/Common/DerivedDataCache/5/2/5/TEXTURE_564290F8998644E39A2118D5C683187B_AUTODXT_899632C0410E4D5B366B14B0FF7DA__F6A095B847B65B66A2126F5D2DAEDE264DA8C4BD.udd" 3183
"C:/Users/yarik/AppData/Local/UnrealEngine/Common/DerivedDataCache/7/0/8/TEXTURE_564290F8998644E39A2118D5C683187B_AUTODXT_6FA6E6CE413C209EB44DE7953F649__5266A2FDD50D437B2A5D596A15424A6FB20C90E4.udd" 3184
"C:/Users/yarik/AppData/Local/UnrealEngine/Common/DerivedDataCache/6/2/5/TEXTURE_564290F8998644E39A2118D5C683187B_AUTODXT_6FA6E6CE413C209EB44DE7953F649__58D1D78B67ADDDDE00A4B7723DAA113B3517F960.udd" 3185
"C:/Users/yarik/AppData/Local/UnrealEngine/Common/DerivedDataCache/3/2/3/TEXTURE_564290F8998644E39A2118D5C683187B_AUTODXT_899632C0410E4D5B366B14B0FF7DA__73B5AB5EF878CB9D41F82518CC7D24994E532F78.udd" 3186
"C:/Users/yarik/AppData/Local/UnrealEngine/Common/DerivedDataCache/1/9/4/TEXTURE_564290F8998644E39A2118D5C683187B_AUTODXT_6FA6E6CE413C209EB44DE7953F649__09DB3FB142810CC59C6F61BF251F2A3B32EEBB63.udd" 3187
"C:/Users/yarik/AppData/Local/UnrealEngine/Common/DerivedDataCache/2/5/1/TEXTURE_564290F8998644E39A2118D5C683187B_AUTODXT_6FA6E6CE413C209EB44DE7953F649__509A296F5D5E87E77725A95346B2FE5142195EB6.udd" 3188
"C:/Users/yarik/AppData/Local/UnrealEngine/Common/DerivedDataCache/5/3/3/TEXTURE_564290F8998644E39A2118D5C683187B_AUTODXT_6FA6E6CE413C209EB44DE7953F649__3261D625D2186C9D13BBC77022FDC45E38EF45CB.udd" 3189
"C:/Users/yarik/AppData/Local/UnrealEngine/Common/DerivedDataCache/7/1/2/TEXTURE_564290F8998644E39A2118D5C683187B_BC5_968FD5F947C9C27B983A1FAE23BEBAE7___D368DA47401FC55F134419A0FB6A423BA40FD8C7.udd" 3190
"C:/Users/yarik/AppData/Local/UnrealEngine/Common/DerivedDataCache/7/3/2/TEXTURE_564290F8998644E39A2118D5C683187B_BC5_968FD5F947C9C27B983A1FAE23BEBAE7___55A1D3878F9E1F19831792448A0BEB3AABF4218B.udd" 3191
"C:/Users/yarik/AppData/Local/UnrealEngine/Common/DerivedDataCache/3/1/8/TEXTURE_564290F8998644E39A2118D5C683187B_BC5_968FD5F947C9C27B983A1FAE23BEBAE7___131DAC3D69B30E5C41A8621309DFDE9547553559.udd" 3192
"C:/Users/yarik/AppData/Local/UnrealEngine/Common/DerivedDataCache/8/5/2/TEXTURE_564290F8998644E39A2118D5C683187B_BC5_968FD5F947C9C27B983A1FAE23BEBAE7___B59CC319A1ADB1C0023C9B647E1BC83E29AF0E29.udd" 3193
"C:/Users/yarik/AppData/Local/UnrealEngine/Common/DerivedDataCache/5/4/6/TEXTURE_564290F8998644E39A2118D5C683187B_BC5_6E6F7A894956B0E1565BDF89A258347A___B5B73F6767C6FFE3DBCD3E60DD9D2AEB9E856166.udd" 3194
"C:/Users/yarik/AppData/Local/UnrealEngine/Common/DerivedDataCache/1/3/3/TEXTURE_564290F8998644E39A2118D5C683187B_BC5_968FD5F947C9C27B983A1FAE23BEBAE7___26AA5BF930721CACE90F2338C6A426B62AF3C18D.udd" 3195
"C:/Users/yarik/AppData/Local/UnrealEngine/Common/DerivedDataCache/5/9/7/TEXTURE_564290F8998644E39A2118D5C683187B_BC5_6E6F7A894956B0E1565BDF89A258347A___0B9FE8B374366D8805B8927C0422697B39F2DD4B.udd" 3196
"C:/Users/yarik/AppData/Local/UnrealEngine/Common/DerivedDataCache/7/3/3/TEXTURE_564290F8998644E39A2118D5C683187B_BC5_6E6F7A894956B0E1565BDF89A258347A___7ECAAABA048111970ECEE3B2E0F9A95A60DF8BF0.udd" 3197
"C:/Users/yarik/AppData/Local/UnrealEngine/Common/DerivedDataCache/0/6/0/TEXTURE_564290F8998644E39A2118D5C683187B_BC5_6E6F7A894956B0E1565BDF89A258347A___AFC2C3626627108E83729546EF9C8369AE1DF2F8.udd" 3198
"C:/Users/yarik/AppData/Local/UnrealEngine/Common/DerivedDataCache/1/2/9/MATSM_EEC7EF19B1AF435984C9604C80FF9350_PCD3D_SM5_8__BC5N_NOCCBN_NOIRIS_DEV_SL___EC335F850D31FB9B41F1152A35817B7010EA5B4B.udd" 3199
"C:/Users/yarik/AppData/Local/UnrealEngine/Common/DerivedDataCache/4/1/5/TEXTURE_564290F8998644E39A2118D5C683187B_AUTODXT_FA0CBAC44FF6939CFC39F4AE96505__506EA2ADFC8105BCCD05A2ED3330CBEBB0F6D12B.udd" 3200
"C:/Users/yarik/AppData/Local/UnrealEngine/Common/DerivedDataCache/2/8/5/TEXTURE_564290F8998644E39A2118D5C683187B_AUTODXT_FA0CBAC44FF6939CFC39F4AE96505__355BBFC8F68537319295352628EBBE4BC8FB2D5E.udd" 3201
"C:/Users/yarik/AppData/Local/UnrealEngine/Common/DerivedDataCache/2/3/7/TEXTURE_564290F8998644E39A2118D5C683187B_BC5_AD6A264149FEF892125E9ABE84272408___894598BD428B810B6CB73970E1985D389B538AAA.udd" 3202
"C:/Users/yarik/AppData/Local/UnrealEngine/Common/DerivedDataCache/1/6/5/TEXTURE_564290F8998644E39A2118D5C683187B_BC5_AD6A264149FEF892125E9ABE84272408___5E522B70E6258004291E90CF9BC053422C6AA282.udd" 3203
"C:/Users/yarik/AppData/Local/UnrealEngine/Common/DerivedDataCache/9/7/5/TEXTURE_564290F8998644E39A2118D5C683187B_BC5_AD6A264149FEF892125E9ABE84272408___531593A4AB12BCCDD087B88282114742D09C33E5.udd" 3204
"C:/Users/yarik/AppData/Local/UnrealEngine/Common/DerivedDataCache/4/6/9/TEXTURE_564290F8998644E39A2118D5C683187B_AUTODXT_16756D12485123B127A983B8D8CF3__8B3FF0190C21665E0FEFE076AFD3A9FB701501A1.udd" 3205
"C:/Users/yarik/AppData/Local/UnrealEngine/Common/DerivedDataCache/0/9/1/TEXTURE_564290F8998644E39A2118D5C683187B_AUTODXT_16756D12485123B127A983B8D8CF3__A9B5CAD0C3CBE2FA2A3308556D4A6578C73B023F.udd" 3206
"C:/Users/yarik/AppData/Local/UnrealEngine/Common/DerivedDataCache/1/2/7/TEXTURE_564290F8998644E39A2118D5C683187B_AUTODXT_16756D12485123B127A983B8D8CF3__587A32236CC9C2EED9065DB422F3E60B47600227.udd" 3207
"C:/Users/yarik/AppData/Local/UnrealEngine/Common/DerivedDataCache/8/7/7/TEXTURE_564290F8998644E39A2118D5C683187B_AUTODXT_16756D12485123B127A983B8D8CF3__7B0BC2469B0A7DA06DE12D324E80DAB3348F8630.udd" 3208
"C:/Users/yarik/AppData/Local/UnrealEngine/Common/DerivedDataCache/4/6/6/TEXTURE_564290F8998644E39A2118D5C683187B_AUTODXT_74E6A03746482846C6F21EA3A7886__9A20925381D61A35D07FD1B1EC401EDDCAAED2C1.udd" 3209
"C:/Users/yarik/AppData/Local/UnrealEngine/Common/DerivedDataCache/4/7/1/TEXTURE_564290F8998644E39A2118D5C683187B_AUTODXT_74E6A03746482846C6F21EA3A7886__D272645C4DD3E2DBB5145535BEF46E82D54AA770.udd" 3210
"C:/Users/yarik/AppData/Local/UnrealEngine/Common/DerivedDataCache/4/7/9/TEXTURE_564290F8998644E39A2118D5C683187B_AUTODXT_74E6A03746482846C6F21EA3A7886__8A4CD9E171338D26C8E5D4B980477763EB21C75C.udd" 3211
"C:/Users/yarik/AppData/Local/UnrealEngine/Common/DerivedDataCache/1/3/6/TEXTURE_564290F8998644E39A2118D5C683187B_AUTODXT_16756D12485123B127A983B8D8CF3__68E8463908E34209935CD223C7D590BD11AF15E7.udd" 3212
"C:/Users/yarik/AppData/Local/UnrealEngine/Common/DerivedDataCache/2/8/0/TEXTURE_564290F8998644E39A2118D5C683187B_AUTODXT_74E6A03746482846C6F21EA3A7886__30A314BA433C1D71ABBC062CBFA7CCF4F26951DF.udd" 3213
"C:/Users/yarik/AppData/Local/UnrealEngine/Common/DerivedDataCache/6/6/5/TEXTURE_564290F8998644E39A2118D5C683187B_AUTODXT_16756D12485123B127A983B8D8CF3__FA5CCDFBD2C108D4831B112D8552FE0A8D251A92.udd" 3214
"C:/Users/yarik/AppData/Local/UnrealEngine/Common/DerivedDataCache/8/2/9/TEXTURE_564290F8998644E39A2118D5C683187B_AUTODXT_74E6A03746482846C6F21EA3A7886__5676E6F703B32BCE78F2FDFCABA56CC0CB8D5CD9.udd" 3215
"C:/Users/yarik/AppData/Local/UnrealEngine/Common/DerivedDataCache/2/0/1/TEXTURE_564290F8998644E39A2118D5C683187B_AUTODXT_74E6A03746482846C6F21EA3A7886__351BF57197DE37D032A5F1C31C7BA585652B2011.udd" 3216
"C:/Users/yarik/AppData/Local/UnrealEngine/Common/DerivedDataCache/7/1/4/TEXTURE_564290F8998644E39A2118D5C683187B_BC5_942782144EA313A33084D584247CB0B4___7EDC7EA4B87C3E86F52F6A4166BFCFBA25A94709.udd" 3217
"C:/Users/yarik/AppData/Local/UnrealEngine/Common/DerivedDataCache/2/1/4/TEXTURE_564290F8998644E39A2118D5C683187B_BC5_942782144EA313A33084D584247CB0B4___36E6CD5DA5DB02F32EF3F1F0335FD5BFD12DADA5.udd" 3218
"C:/Users/yarik/AppData/Local/UnrealEngine/Common/DerivedDataCache/5/6/4/TEXTURE_564290F8998644E39A2118D5C683187B_BC5_942782144EA313A33084D584247CB0B4___5F1C12722026310808AC08FF5FB59F7ED1039A8E.udd" 3219
"C:/Users/yarik/AppData/Local/UnrealEngine/Common/DerivedDataCache/2/4/9/TEXTURE_564290F8998644E39A2118D5C683187B_BC5_942782144EA313A33084D584247CB0B4___8FD4E07C89D0F09E2658037F8965F0E9E8E2EA4A.udd" 3220
"C:/Users/yarik/AppData/Local/UnrealEngine/Common/DerivedDataCache/6/0/7/TEXTURE_564290F8998644E39A2118D5C683187B_BC5_942782144EA313A33084D584247CB0B4___2F0F74C0088C8ABCE8A1D51E09AFF7156721B0CD.udd" 3221
"C:/Users/yarik/AppData/Local/UnrealEngine/Common/DerivedDataCache/9/7/7/TEXTURE_564290F8998644E39A2118D5C683187B_BC5_942782144EA313A33084D584247CB0B4___3691643EC0A51A6390EE572523ACD635B5D25E4E.udd" 3222
"C:/Users/yarik/AppData/Local/UnrealEngine/Common/DerivedDataCache/7/5/5/TEXTURE_564290F8998644E39A2118D5C683187B_AUTODXT_DC2A8797433779CE0C22BBB60C65B__2D67534BA51DF3F3F8B2B332AC689A705EF9638F.udd" 3223
"C:/Users/yarik/AppData/Local/UnrealEngine/Common/DerivedDataCache/8/7/4/TEXTURE_564290F8998644E39A2118D5C683187B_AUTODXT_DC2A8797433779CE0C22BBB60C65B__C934B399EB162357E9CEDFA8204C96884C4A3A25.udd" 3224
"C:/Users/yarik/AppData/Local/UnrealEngine/Common/DerivedDataCache/3/5/4/TEXTURE_564290F8998644E39A2118D5C683187B_AUTODXT_DC2A8797433779CE0C22BBB60C65B__27474D348FD4ABBF54447F49C6B6D003F6A6255A.udd" 3225
"C:/Users/yarik/AppData/Local/UnrealEngine/Common/DerivedDataCache/8/2/7/TEXTURE_564290F8998644E39A2118D5C683187B_AUTODXT_DC2A8797433779CE0C22BBB60C65B__27043915026DD3C99E48028752D24AAEEB5FA4FA.udd" 3226
"C:/Users/yarik/AppData/Local/UnrealEngine/Common/DerivedDataCache/1/7/4/TEXTURE_564290F8998644E39A2118D5C683187B_AUTODXT_DC2A8797433779CE0C22BBB60C65B__1FC10250F4209AD678E27F938D8166A62531CF85.udd" 3227
"C:/Users/yarik/AppData/Local/UnrealEngine/Common/DerivedDataCache/0/7/3/TEXTURE_564290F8998644E39A2118D5C683187B_AUTODXT_DC2A8797433779CE0C22BBB60C65B__170F43F33093E6C213E7A46AC67708F5FDF26393.udd" 3228
"C:/Users/yarik/AppData/Local/UnrealEngine/Common/DerivedDataCache/7/0/9/TEXTURE_564290F8998644E39A2118D5C683187B_AUTODXT_29470035440E3B1C08DEBAB7DFCF5__294C377BC79DCA3582BB84D051BF71800DCC4F20.udd" 3229
"C:/Users/yarik/AppData/Local/UnrealEngine/Common/DerivedDataCache/0/2/4/TEXTURE_564290F8998644E39A2118D5C683187B_BC5_629BEDB549EF061E9F8059B960A0F738___729882C57CECAD9E2522BB6E3942B2962E40E88F.udd" 3230
"C:/Users/yarik/AppData/Local/UnrealEngine/Common/DerivedDataCache/9/5/5/TEXTURE_564290F8998644E39A2118D5C683187B_AUTODXT_49B56E814C790F6EC93DE88268B1E__0095B2B48A8C5CB66FBE4BE0CC72963ACA03DF40.udd" 3231
"C:/Users/yarik/AppData/Local/UnrealEngine/Common/DerivedDataCache/5/9/0/TEXTURE_564290F8998644E39A2118D5C683187B_BC5_629BEDB549EF061E9F8059B960A0F738___87A9BECC28EF5585FF4663DFA5024EE0CAFA4EA8.udd" 3232
"C:/Users/yarik/AppData/Local/UnrealEngine/Common/DerivedDataCache/4/5/6/TEXTURE_564290F8998644E39A2118D5C683187B_AUTODXT_29470035440E3B1C08DEBAB7DFCF5__B61C4771ABF97246F7B0CA4EB63ECC39677A6BBE.udd" 3233
"C:/Users/yarik/AppData/Local/UnrealEngine/Common/DerivedDataCache/5/8/4/TEXTURE_564290F8998644E39A2118D5C683187B_AUTODXT_49B56E814C790F6EC93DE88268B1E__F2A2716924BB504DF8485D85B80A050B1F795C49.udd" 3234
"C:/Users/yarik/AppData/Local/UnrealEngine/Common/DerivedDataCache/5/5/5/TEXTURE_564290F8998644E39A2118D5C683187B_AUTODXT_29470035440E3B1C08DEBAB7DFCF5__CFAE6805D33BC88FD65036170B8B9DF2D7A0C6C3.udd" 3235
"C:/Users/yarik/AppData/Local/UnrealEngine/Common/DerivedDataCache/6/7/0/TEXTURE_564290F8998644E39A2118D5C683187B_BC5_629BEDB549EF061E9F8059B960A0F738___ACAFECC697DB2566F8347F07EFB9A272C3A41103.udd" 3236
"C:/Users/yarik/AppData/Local/UnrealEngine/Common/DerivedDataCache/9/5/0/TEXTURE_564290F8998644E39A2118D5C683187B_BC5_629BEDB549EF061E9F8059B960A0F738___DB4F9EC2B22AD74CB859D28CEAF52573DEB47DA1.udd" 3237
"C:/Users/yarik/AppData/Local/UnrealEngine/Common/DerivedDataCache/3/7/8/TEXTURE_564290F8998644E39A2118D5C683187B_AUTODXT_29470035440E3B1C08DEBAB7DFCF5__8F0E70D96735E18ABEC082E8F753B69B4B148CD5.udd" 3238
"C:/Users/yarik/AppData/Local/UnrealEngine/Common/DerivedDataCache/5/0/0/TEXTURE_564290F8998644E39A2118D5C683187B_BC5_629BEDB549EF061E9F8059B960A0F738___2B50F22D374D0B2A05A406FF51B3DA15027ABED8.udd" 3239
"C:/Users/yarik/AppData/Local/UnrealEngine/Common/DerivedDataCache/9/4/7/MATSM_EEC7EF19B1AF435984C9604C80FF9350_PCD3D_SM5_8__BC5N_NOCCBN_NOIRIS_DEV_SL___EE442E394C4BC8C39BD3C001A743770645DECCDF.udd" 3240
"C:/Users/yarik/AppData/Local/UnrealEngine/Common/DerivedDataCache/3/1/5/TEXTURE_564290F8998644E39A2118D5C683187B_AUTODXT_29470035440E3B1C08DEBAB7DFCF5__5C07AACD437905DD72866A90513A68C647CD00A0.udd" 3241
"C:/Users/yarik/AppData/Local/UnrealEngine/Common/DerivedDataCache/1/4/9/TEXTURE_564290F8998644E39A2118D5C683187B_AUTODXT_49B56E814C790F6EC93DE88268B1E__4C5357855AFB766362E7A49A26BFC2581B649354.udd" 3242
"C:/Users/yarik/AppData/Local/UnrealEngine/Common/DerivedDataCache/7/6/4/TEXTURE_564290F8998644E39A2118D5C683187B_AUTODXT_49B56E814C790F6EC93DE88268B1E__1C2B5CA97A2EF1904A20D9861C6D69E10910D19D.udd" 3243
"C:/Users/yarik/AppData/Local/UnrealEngine/Common/DerivedDataCache/3/7/8/TEXTURE_564290F8998644E39A2118D5C683187B_AUTODXT_29470035440E3B1C08DEBAB7DFCF5__192B00568927627A50C64203C52A367BACC99C40.udd" 3244
"C:/Users/yarik/AppData/Local/UnrealEngine/Common/DerivedDataCache/0/0/9/TEXTURE_564290F8998644E39A2118D5C683187B_AUTODXT_49B56E814C790F6EC93DE88268B1E__52AAC7D8D43E7D5CEB4B19C799D8965BC330827A.udd" 3245
"C:/Users/yarik/AppData/Local/UnrealEngine/Common/DerivedDataCache/9/3/7/TEXTURE_564290F8998644E39A2118D5C683187B_AUTODXT_5A44AFFD459AA8BE76AB64A06D13C__5F5EB014161F923A7372170D89D2689EE9332EAC.udd" 3246
"C:/Users/yarik/AppData/Local/UnrealEngine/Common/DerivedDataCache/6/6/6/TEXTURE_564290F8998644E39A2118D5C683187B_AUTODXT_49B56E814C790F6EC93DE88268B1E__DB8C0C620951519192CE10AD69CB23C250AA86F8.udd" 3247
"C:/Users/yarik/AppData/Local/UnrealEngine/Common/DerivedDataCache/3/1/0/TEXTURE_564290F8998644E39A2118D5C683187B_AUTODXT_5A44AFFD459AA8BE76AB64A06D13C__394C777F5D65E7DE0DAA1BA04500A5F69052A4B2.udd" 3248
"C:/Users/yarik/AppData/Local/UnrealEngine/Common/DerivedDataCache/1/9/7/TEXTURE_564290F8998644E39A2118D5C683187B_AUTODXT_5A44AFFD459AA8BE76AB64A06D13C__7A784648C3C2C87455681C607BE148E0B0A3976F.udd" 3249
"C:/Users/yarik/AppData/Local/UnrealEngine/Common/DerivedDataCache/5/9/4/TEXTURE_564290F8998644E39A2118D5C683187B_BC5_629BEDB549EF061E9F8059B960A0F738___648E23F27843FB187F2839684D41EFE38E13711C.udd" 3250
"C:/Users/yarik/AppData/Local/UnrealEngine/Common/DerivedDataCache/9/3/1/TEXTURE_564290F8998644E39A2118D5C683187B_AUTODXT_E77898F44A8ED0080CF2CFA375E0E__F584E432AFEA995D87ADF2BE5E3F09FC85718ED9.udd" 3251
"C:/Users/yarik/AppData/Local/UnrealEngine/Common/DerivedDataCache/5/3/9/TEXTURE_564290F8998644E39A2118D5C683187B_AUTODXT_E77898F44A8ED0080CF2CFA375E0E__C7FA627F8924837C3736AF13B95EEB7B2480BF77.udd" 3252
"C:/Users/yarik/AppData/Local/UnrealEngine/Common/DerivedDataCache/3/3/7/TEXTURE_564290F8998644E39A2118D5C683187B_AUTODXT_E77898F44A8ED0080CF2CFA375E0E__95D263C02B4ECF8C19D38F915C0AF81E9CD27D1D.udd" 3253
"C:/Users/yarik/AppData/Local/UnrealEngine/Common/DerivedDataCache/6/1/3/TEXTURE_564290F8998644E39A2118D5C683187B_BC5_24E42BE54BB39CF06040748310A37ECD___EF5FBDD18DB9E73C611699A6DBC3BB867FBC05C9.udd" 3254
"C:/Users/yarik/AppData/Local/UnrealEngine/Common/DerivedDataCache/1/8/1/TEXTURE_564290F8998644E39A2118D5C683187B_BC5_24E42BE54BB39CF06040748310A37ECD___A999AA68CD5161125CC6961AB8704F6BE3F71BEC.udd" 3255
"C:/Users/yarik/AppData/Local/UnrealEngine/Common/DerivedDataCache/3/5/9/TEXTURE_564290F8998644E39A2118D5C683187B_BC5_24E42BE54BB39CF06040748310A37ECD___A2112A935D9C54D8F16CD899FEC8EE3D5B1833B7.udd" 3256
"C:/Users/yarik/AppData/Local/UnrealEngine/Common/DerivedDataCache/7/9/4/MATSM_EEC7EF19B1AF435984C9604C80FF9350_PCD3D_SM5_8__BC5N_NOCCBN_NOIRIS_DEV_SL___ED52C35E32A368BB6AB2C79109673BE130E7A8F0.udd" 3257
"C:/Users/yarik/AppData/Local/UnrealEngine/Common/DerivedDataCache/1/6/7/TEXTURE_564290F8998644E39A2118D5C683187B_AUTODXT_9EE06E8146ED8D82E0AB3F89BDCEE__C891F968B3720960371CBCC84B73C4E926F3979D.udd" 3258
"C:/Users/yarik/AppData/Local/UnrealEngine/Common/DerivedDataCache/7/3/6/TEXTURE_564290F8998644E39A2118D5C683187B_AUTODXT_9EE06E8146ED8D82E0AB3F89BDCEE__714C44C3F3BC6227953ED15B2D53D858505D68B9.udd" 3259
"C:/Users/yarik/AppData/Local/UnrealEngine/Common/DerivedDataCache/0/1/2/TEXTURE_564290F8998644E39A2118D5C683187B_AUTODXT_9EE06E8146ED8D82E0AB3F89BDCEE__4E3EA42404AF55EAE00201C07AA63B7CBBDE60C2.udd" 3260
"C:/Users/yarik/AppData/Local/UnrealEngine/Common/DerivedDataCache/5/4/9/TEXTURE_564290F8998644E39A2118D5C683187B_AUTODXT_9EE06E8146ED8D82E0AB3F89BDCEE__C25A4F24218BE2AA6C1FED49E7D3826979A9B610.udd" 3261
"C:/Users/yarik/AppData/Local/UnrealEngine/Common/DerivedDataCache/8/0/8/TEXTURE_564290F8998644E39A2118D5C683187B_AUTODXT_9EE06E8146ED8D82E0AB3F89BDCEE__CB731CF225E71898D406806A798BF520BA2941A0.udd" 3262
"C:/Users/yarik/AppData/Local/UnrealEngine/Common/DerivedDataCache/0/3/3/TEXTURE_564290F8998644E39A2118D5C683187B_AUTODXT_9EE06E8146ED8D82E0AB3F89BDCEE__FA6BF721001F94FDF5F66D31B5C6B8EA79EB6097.udd" 3263
"C:/Users/yarik/AppData/Local/UnrealEngine/Common/DerivedDataCache/0/5/1/TEXTURE_564290F8998644E39A2118D5C683187B_AUTODXT_9EE06E8146ED8D82E0AB3F89BDCEE__116DF47B315449389A5D096AEE9F114BCE250D70.udd" 3264
"C:/Users/yarik/AppData/Local/UnrealEngine/Common/DerivedDataCache/2/5/3/TEXTURE_564290F8998644E39A2118D5C683187B_AUTODXT_34768574453C771E11AE3B91652D1__2B0AA9D84A2BA5928C31662F8553CFC6954CCF81.udd" 3265
"C:/Users/yarik/AppData/Local/UnrealEngine/Common/DerivedDataCache/2/2/1/TEXTURE_564290F8998644E39A2118D5C683187B_AUTODXT_34768574453C771E11AE3B91652D1__4533F2ADFD5F056AA072EB365EB784F3A305EE92.udd" 3266
"C:/Users/yarik/AppData/Local/UnrealEngine/Common/DerivedDataCache/3/9/0/TEXTURE_564290F8998644E39A2118D5C683187B_AUTODXT_34768574453C771E11AE3B91652D1__C1E88A42B86D07D9E479DF6E63A975E7F1B8F983.udd" 3267
"C:/Users/yarik/AppData/Local/UnrealEngine/Common/DerivedDataCache/3/6/1/TEXTURE_564290F8998644E39A2118D5C683187B_AUTODXT_34768574453C771E11AE3B91652D1__4641FE8527F5EF1A9B04AAA6214A768AAF896E03.udd" 3268
"C:/Users/yarik/AppData/Local/UnrealEngine/Common/DerivedDataCache/4/4/5/TEXTURE_564290F8998644E39A2118D5C683187B_AUTODXT_34768574453C771E11AE3B91652D1__FD35353931F7B960001E79391A8E9CEDA8BAEFF7.udd" 3269
"C:/Users/yarik/AppData/Local/UnrealEngine/Common/DerivedDataCache/5/0/0/TEXTURE_564290F8998644E39A2118D5C683187B_AUTODXT_34768574453C771E11AE3B91652D1__BD495FD499767C7DE4A6019A4846E0123678ADA1.udd" 3270
"C:/Users/yarik/AppData/Local/UnrealEngine/Common/DerivedDataCache/7/8/7/TEXTURE_564290F8998644E39A2118D5C683187B_AUTODXT_34768574453C771E11AE3B91652D1__828428A92F4CB8E2926BD95222806E6AA18BB2F5.udd" 3271
"C:/Users/yarik/AppData/Local/UnrealEngine/Common/DerivedDataCache/1/6/9/TEXTURE_564290F8998644E39A2118D5C683187B_BC5_1589817E48BF4955381051B081D23FEE___B26150A67889422C038B35A6762FD27693A017C4.udd" 3272
"C:/Users/yarik/AppData/Local/UnrealEngine/Common/DerivedDataCache/2/9/5/TEXTURE_564290F8998644E39A2118D5C683187B_AUTODXT_30BCB4C34D71EA3A64953488D424B__8CF83E584769AB54111CB7DA1413A17223F6611F.udd" 3273
"C:/Users/yarik/AppData/Local/UnrealEngine/Common/DerivedDataCache/8/2/4/TEXTURE_564290F8998644E39A2118D5C683187B_AUTODXT_189B4D234928D742A9731698DB4E9__A8A67BFA989EBDCFD93FD5506A4BC2B6309CF2D1.udd" 3274
"C:/Users/yarik/AppData/Local/UnrealEngine/Common/DerivedDataCache/7/5/6/TEXTURE_564290F8998644E39A2118D5C683187B_AUTODXT_30BCB4C34D71EA3A64953488D424B__C87FF28D21E72FAB252828BB6EE0E4E0FAF7789A.udd" 3275
"C:/Users/yarik/AppData/Local/UnrealEngine/Common/DerivedDataCache/8/7/2/TEXTURE_564290F8998644E39A2118D5C683187B_AUTODXT_30BCB4C34D71EA3A64953488D424B__26E795C5FE517A2BDE6C022557CBCCFC9F4CCB46.udd" 3276
"C:/Users/yarik/AppData/Local/UnrealEngine/Common/DerivedDataCache/3/2/2/TEXTURE_564290F8998644E39A2118D5C683187B_AUTODXT_79786C92442A8880FE5192817A55C__AFB72D8F3750A911DDDA3E88C5FA3D0698EC0B70.udd" 3277
"C:/Users/yarik/AppData/Local/UnrealEngine/Common/DerivedDataCache/3/2/8/TEXTURE_564290F8998644E39A2118D5C683187B_AUTODXT_189B4D234928D742A9731698DB4E9__6F14A51F99D78FF5CEDFC3427C87B8A5EE5B65ED.udd" 3278
"C:/Users/yarik/AppData/Local/UnrealEngine/Common/DerivedDataCache/3/6/4/TEXTURE_564290F8998644E39A2118D5C683187B_BC5_1589817E48BF4955381051B081D23FEE___EC073149BD84194793066426CCB6690500F4C13A.udd" 3279
"C:/Users/yarik/AppData/Local/UnrealEngine/Common/DerivedDataCache/0/1/4/TEXTURE_564290F8998644E39A2118D5C683187B_AUTODXT_79786C92442A8880FE5192817A55C__19D3D22479F785B5DD902E8A260E65CA7BDB72F4.udd" 3280
"C:/Users/yarik/AppData/Local/UnrealEngine/Common/DerivedDataCache/1/2/9/MATSM_EEC7EF19B1AF435984C9604C80FF9350_PCD3D_SM5_8__BC5N_NOCCBN_NOIRIS_DEV_SL___1734A021C4B05A4CAD6C7F0B9A30840098F630CB.udd" 3281
"C:/Users/yarik/AppData/Local/UnrealEngine/Common/DerivedDataCache/2/0/2/TEXTURE_564290F8998644E39A2118D5C683187B_BC5_1589817E48BF4955381051B081D23FEE___82BBE3A63CF0AE17F3E49F6140C7231C3A06774B.udd" 3282
"C:/Users/yarik/AppData/Local/UnrealEngine/Common/DerivedDataCache/1/3/7/TEXTURE_564290F8998644E39A2118D5C683187B_AUTODXT_30BCB4C34D71EA3A64953488D424B__AB16A852D3AE12D15D3AF4096FFC2F59C0641AA0.udd" 3283
"C:/Users/yarik/AppData/Local/UnrealEngine/Common/DerivedDataCache/7/1/3/TEXTURE_564290F8998644E39A2118D5C683187B_BC5_1589817E48BF4955381051B081D23FEE___AE126950F5F8DCDAC0CBA660CF061812A3F69F73.udd" 3284
"C:/Users/yarik/AppData/Local/UnrealEngine/Common/DerivedDataCache/3/2/5/TEXTURE_564290F8998644E39A2118D5C683187B_BC5_5D19ECCE46CE0F06BF09B4B259029819___D835E9F229A250DB23081FCE34FFCCE6C3B62A66.udd" 3285
"C:/Users/yarik/AppData/Local/UnrealEngine/Common/DerivedDataCache/6/6/0/TEXTURE_564290F8998644E39A2118D5C683187B_AUTODXT_30BCB4C34D71EA3A64953488D424B__F4AADE5B5318BC36F63E68B4EB0674A2E8819671.udd" 3286
"C:/Users/yarik/AppData/Local/UnrealEngine/Common/DerivedDataCache/4/6/1/TEXTURE_564290F8998644E39A2118D5C683187B_BC5_5D19ECCE46CE0F06BF09B4B259029819___1B99B3D58C87ACF3F9584ECCFAAC24655B0D6BB4.udd" 3287
"C:/Users/yarik/AppData/Local/UnrealEngine/Common/DerivedDataCache/7/5/9/TEXTURE_564290F8998644E39A2118D5C683187B_AUTODXT_189B4D234928D742A9731698DB4E9__B04C2F5D6229B9D1962F5E1CDB221DDD501745FE.udd" 3288
"C:/Users/yarik/AppData/Local/UnrealEngine/Common/DerivedDataCache/3/9/4/TEXTURE_564290F8998644E39A2118D5C683187B_AUTODXT_189B4D234928D742A9731698DB4E9__07210FDCCBF5D89798A49547465C26FAE3CF893E.udd" 3289
"C:/Users/yarik/AppData/Local/UnrealEngine/Common/DerivedDataCache/5/8/7/TEXTURE_564290F8998644E39A2118D5C683187B_AUTODXT_189B4D234928D742A9731698DB4E9__2C311FF672E49E9E8A7B3AA7D478AE466C67EDC3.udd" 3290
"C:/Users/yarik/AppData/Local/UnrealEngine/Common/DerivedDataCache/8/6/8/TEXTURE_564290F8998644E39A2118D5C683187B_AUTODXT_189B4D234928D742A9731698DB4E9__3033EB089F876326C4D8565AE45E818CCB3136D0.udd" 3291
"C:/Users/yarik/AppData/Local/UnrealEngine/Common/DerivedDataCache/0/1/9/TEXTURE_564290F8998644E39A2118D5C683187B_AUTODXT_189B4D234928D742A9731698DB4E9__D4491C486F81F56AF52BBB5E038114F4A0B697CB.udd" 3292
"C:/Users/yarik/AppData/Local/UnrealEngine/Common/DerivedDataCache/4/5/5/TEXTURE_564290F8998644E39A2118D5C683187B_AUTODXT_79786C92442A8880FE5192817A55C__55B980151277F27E34252541969766FAC99E67EF.udd" 3293
"C:/Users/yarik/AppData/Local/UnrealEngine/Common/DerivedDataCache/7/4/2/TEXTURE_564290F8998644E39A2118D5C683187B_AUTODXT_79786C92442A8880FE5192817A55C__BC94F81C5F39D3C4CE98D930157BCC5E9C33EC33.udd" 3294
"C:/Users/yarik/AppData/Local/UnrealEngine/Common/DerivedDataCache/3/6/6/TEXTURE_564290F8998644E39A2118D5C683187B_AUTODXT_30BCB4C34D71EA3A64953488D424B__094E0ECF0C8BA479A444EBB7B96069436A96C875.udd" 3295
"C:/Users/yarik/AppData/Local/UnrealEngine/Common/DerivedDataCache/4/4/7/TEXTURE_564290F8998644E39A2118D5C683187B_AUTODXT_79786C92442A8880FE5192817A55C__ABF211CE00F87749CAF6AE1AF7BD03F747D89522.udd" 3296
"C:/Users/yarik/AppData/Local/UnrealEngine/Common/DerivedDataCache/7/1/8/TEXTURE_564290F8998644E39A2118D5C683187B_AUTODXT_79786C92442A8880FE5192817A55C__BBD35471C48E0F51E26D026C332445DCE86F0549.udd" 3297
"C:/Users/yarik/AppData/Local/UnrealEngine/Common/DerivedDataCache/3/7/5/TEXTURE_564290F8998644E39A2118D5C683187B_AUTODXT_79786C92442A8880FE5192817A55C__D78B47D19D442F8EF4657C06F82C1AEB2D41D8C7.udd" 3298
"C:/Users/yarik/AppData/Local/UnrealEngine/Common/DerivedDataCache/6/1/7/TEXTURE_564290F8998644E39A2118D5C683187B_BC5_5D19ECCE46CE0F06BF09B4B259029819___ED6C0BD150C71F889AC9F9FD37B0DAE6096AFA3D.udd" 3299
"C:/Users/yarik/AppData/Local/UnrealEngine/Common/DerivedDataCache/3/1/0/TEXTURE_564290F8998644E39A2118D5C683187B_AUTODXT_8253AD8C47C97C50B77CFC846136D__E85F6A3D0B2BDDFDB799EDEFF81097FB6ECE7DBA.udd" 3300
"C:/Users/yarik/AppData/Local/UnrealEngine/Common/DerivedDataCache/8/5/2/TEXTURE_564290F8998644E39A2118D5C683187B_AUTODXT_8253AD8C47C97C50B77CFC846136D__CC01F1DCF8F15C75E82ABBCE6ED9050881943BAD.udd" 3301
"C:/Users/yarik/AppData/Local/UnrealEngine/Common/DerivedDataCache/4/5/4/TEXTURE_564290F8998644E39A2118D5C683187B_BC5_5D19ECCE46CE0F06BF09B4B259029819___A13B07C4C205B5B1173441BFF447B205C57648B3.udd" 3302
"C:/Users/yarik/AppData/Local/UnrealEngine/Common/DerivedDataCache/4/7/0/TEXTURE_564290F8998644E39A2118D5C683187B_BC5_5D19ECCE46CE0F06BF09B4B259029819___238609785476CD4730617DB3C8AE8109CE03AC24.udd" 3303
"C:/Users/yarik/AppData/Local/UnrealEngine/Common/DerivedDataCache/4/6/9/TEXTURE_564290F8998644E39A2118D5C683187B_BC5_5D19ECCE46CE0F06BF09B4B259029819___6E0464E689FE3C0C3E3D0A74066FCA7E414E7F35.udd" 3304
"C:/Users/yarik/AppData/Local/UnrealEngine/Common/DerivedDataCache/0/8/9/TEXTURE_564290F8998644E39A2118D5C683187B_AUTODXT_8253AD8C47C97C50B77CFC846136D__791D9829BC41B004098F36E72861256B27496741.udd" 3305
"C:/Users/yarik/AppData/Local/UnrealEngine/Common/DerivedDataCache/6/6/9/TEXTURE_564290F8998644E39A2118D5C683187B_AUTODXT_8253AD8C47C97C50B77CFC846136D__3570042615EE30D56CEDAC34283F35FC80F5099E.udd" 3306
"C:/Users/yarik/AppData/Local/UnrealEngine/Common/DerivedDataCache/0/7/7/TEXTURE_564290F8998644E39A2118D5C683187B_AUTODXT_8253AD8C47C97C50B77CFC846136D__BC686A494B9F4CCEFC05CF623A56662B45950737.udd" 3307
"C:/Users/yarik/AppData/Local/UnrealEngine/Common/DerivedDataCache/3/7/5/TEXTURE_564290F8998644E39A2118D5C683187B_AUTODXT_8253AD8C47C97C50B77CFC846136D__2CF9573DACFCDB82FDD50A61A67E9E14EC3BDF3D.udd" 3308
"C:/Users/yarik/AppData/Local/UnrealEngine/Common/DerivedDataCache/7/3/5/TEXTURE_564290F8998644E39A2118D5C683187B_AUTODXT_8253AD8C47C97C50B77CFC846136D__9D4D706F1C419B1D980AAB0B55655605DE805557.udd" 3309
"C:/Users/yarik/AppData/Local/UnrealEngine/Common/DerivedDataCache/2/8/5/TEXTURE_564290F8998644E39A2118D5C683187B_BC5_1589817E48BF4955381051B081D23FEE___DFFD3DF99634EF8246547E620ED41B6B5A90A07D.udd" 3310
"C:/Users/yarik/AppData/Local/UnrealEngine/Common/DerivedDataCache/3/3/9/TEXTURE_564290F8998644E39A2118D5C683187B_BC5_09B51AD846300E6CD16AC787B56D7D5D___D1DB2AD7E88F8D19C0D49A62FF5A9D76FD2A288C.udd" 3311
"C:/Users/yarik/AppData/Local/UnrealEngine/Common/DerivedDataCache/6/1/3/TEXTURE_564290F8998644E39A2118D5C683187B_AUTODXT_E1B39B5F4D7394FB0D89A29E57D23__C445ECC01328BC3AA09E0EE5656097E1F873297A.udd" 3312
"C:/Users/yarik/AppData/Local/UnrealEngine/Common/DerivedDataCache/3/0/0/TEXTURE_564290F8998644E39A2118D5C683187B_AUTODXT_3B6545BF4BCA6369EBF5B8AD66B78__ACE5F14496F664697129BDDD68FACCED3721F7C7.udd" 3313
"C:/Users/yarik/AppData/Local/UnrealEngine/Common/DerivedDataCache/5/5/0/TEXTURE_564290F8998644E39A2118D5C683187B_AUTODXT_E1B39B5F4D7394FB0D89A29E57D23__1126FA25B46344FFC61EB010EEA61BF6AC0081B3.udd" 3314
"C:/Users/yarik/AppData/Local/UnrealEngine/Common/DerivedDataCache/6/6/0/TEXTURE_564290F8998644E39A2118D5C683187B_AUTODXT_3B6545BF4BCA6369EBF5B8AD66B78__343491D43468857C2DD78DD512E9AD35199487B1.udd" 3315
"C:/Users/yarik/AppData/Local/UnrealEngine/Common/DerivedDataCache/4/5/8/TEXTURE_564290F8998644E39A2118D5C683187B_AUTODXT_5ABA6A55496F5E5AE53DAAA38D1DB__6329AE52F59A293E705AF7942E179D0DA7408D49.udd" 3316
"C:/Users/yarik/AppData/Local/UnrealEngine/Common/DerivedDataCache/7/9/0/TEXTURE_564290F8998644E39A2118D5C683187B_AUTODXT_5ABA6A55496F5E5AE53DAAA38D1DB__EB510B7FB6C1A5069C0BF22CBF5259B6FC6E8623.udd" 3317
"C:/Users/yarik/AppData/Local/UnrealEngine/Common/DerivedDataCache/9/5/2/TEXTURE_564290F8998644E39A2118D5C683187B_BC5_0C90C1034DFCBEADD4D5A0BDD15FB1EF___2335114072E912F4015C0F400C4A392A5F9715E3.udd" 3318
"C:/Users/yarik/AppData/Local/UnrealEngine/Common/DerivedDataCache/6/6/9/TEXTURE_564290F8998644E39A2118D5C683187B_BC5_0C90C1034DFCBEADD4D5A0BDD15FB1EF___EA08BF45624C829DD1967E04876D912BAC114E78.udd" 3319
"C:/Users/yarik/AppData/Local/UnrealEngine/Common/DerivedDataCache/2/2/3/TEXTURE_564290F8998644E39A2118D5C683187B_BC5_5D19ECCE46CE0F06BF09B4B259029819___159243FFA03C0EE719074ADFBFD1FA9F1496F593.udd" 3320
"C:/Users/yarik/AppData/Local/UnrealEngine/Common/DerivedDataCache/2/4/1/TEXTURE_564290F8998644E39A2118D5C683187B_AUTODXT_30BCB4C34D71EA3A64953488D424B__B741BE01EE5D66ED77E26F642621FE51B6A1C91E.udd" 3321
"C:/Users/yarik/AppData/Local/UnrealEngine/Common/DerivedDataCache/2/9/7/TEXTURE_564290F8998644E39A2118D5C683187B_BC5_1589817E48BF4955381051B081D23FEE___75DFD21EA17E6C8B18B6C5510CC81ACB00767345.udd" 3322
"C:/Users/yarik/AppData/Local/UnrealEngine/Common/DerivedDataCache/1/3/3/TEXTURE_564290F8998644E39A2118D5C683187B_BC5_09B51AD846300E6CD16AC787B56D7D5D___6214554D82F79579452666C189E051A055F9E01E.udd" 3323
"C:/Users/yarik/AppData/Local/UnrealEngine/Common/DerivedDataCache/6/2/7/TEXTURE_564290F8998644E39A2118D5C683187B_BC5_09B51AD846300E6CD16AC787B56D7D5D___39FBE48CDEC9638085AF6AF2BCB5AE04A7FA3DD7.udd" 3324
"C:/Users/yarik/AppData/Local/UnrealEngine/Common/DerivedDataCache/6/7/2/TEXTURE_564290F8998644E39A2118D5C683187B_BC5_09B51AD846300E6CD16AC787B56D7D5D___9F8DFD2943F9359DB0F9D05A81E9A822D7C22801.udd" 3325
"C:/Users/yarik/AppData/Local/UnrealEngine/Common/DerivedDataCache/2/6/7/TEXTURE_564290F8998644E39A2118D5C683187B_AUTODXT_E1B39B5F4D7394FB0D89A29E57D23__8123E064FB331029467A95F006D40CF792FE858D.udd" 3326
"C:/Users/yarik/AppData/Local/UnrealEngine/Common/DerivedDataCache/1/3/3/TEXTURE_564290F8998644E39A2118D5C683187B_AUTODXT_E1B39B5F4D7394FB0D89A29E57D23__A60925762B797AFFF40E4CC642CC549E441DB0F8.udd" 3327
"C:/Users/yarik/AppData/Local/UnrealEngine/Common/DerivedDataCache/6/8/4/TEXTURE_564290F8998644E39A2118D5C683187B_AUTODXT_E1B39B5F4D7394FB0D89A29E57D23__617F4C54FB81FF2C7D29CCAA055301A4E100C74F.udd" 3328
"C:/Users/yarik/AppData/Local/UnrealEngine/Common/DerivedDataCache/1/6/0/TEXTURE_564290F8998644E39A2118D5C683187B_AUTODXT_E1B39B5F4D7394FB0D89A29E57D23__6622EF0EA2F556D105B8549B70830E947298F3E5.udd" 3329
"C:/Users/yarik/AppData/Local/UnrealEngine/Common/DerivedDataCache/0/5/7/TEXTURE_564290F8998644E39A2118D5C683187B_AUTODXT_3B6545BF4BCA6369EBF5B8AD66B78__CB7B100AE57CDAA8AE458AEB3DB9F0DFD42DA380.udd" 3330
"C:/Users/yarik/AppData/Local/UnrealEngine/Common/DerivedDataCache/0/4/8/TEXTURE_564290F8998644E39A2118D5C683187B_AUTODXT_E1B39B5F4D7394FB0D89A29E57D23__1112DC726809467E4D052FB2C1AA568AFF793103.udd" 3331
"C:/Users/yarik/AppData/Local/UnrealEngine/Common/DerivedDataCache/8/2/5/TEXTURE_564290F8998644E39A2118D5C683187B_AUTODXT_3B6545BF4BCA6369EBF5B8AD66B78__CA16EAD6290DD8D990294EA21CA262554254853D.udd" 3332
"C:/Users/yarik/AppData/Local/UnrealEngine/Common/DerivedDataCache/6/6/4/TEXTURE_564290F8998644E39A2118D5C683187B_AUTODXT_3B6545BF4BCA6369EBF5B8AD66B78__3FC77A934D8A59A57630C801157D92A9ECEE8BCA.udd" 3333
"C:/Users/yarik/AppData/Local/UnrealEngine/Common/DerivedDataCache/5/2/8/TEXTURE_564290F8998644E39A2118D5C683187B_BC5_09B51AD846300E6CD16AC787B56D7D5D___CE646687E55E6DAB7FBB06F02C4D84B1CE12C41A.udd" 3334
"C:/Users/yarik/AppData/Local/UnrealEngine/Common/DerivedDataCache/5/4/5/TEXTURE_564290F8998644E39A2118D5C683187B_AUTODXT_3B6545BF4BCA6369EBF5B8AD66B78__32BF2C1F611F1CFEFAA58FE7EC1CFF56EE493677.udd" 3335
"C:/Users/yarik/AppData/Local/UnrealEngine/Common/DerivedDataCache/8/3/6/TEXTURE_564290F8998644E39A2118D5C683187B_AUTODXT_3B6545BF4BCA6369EBF5B8AD66B78__34B5D41B32E7D5CA402E020423725C7F8C582400.udd" 3336
"C:/Users/yarik/AppData/Local/UnrealEngine/Common/DerivedDataCache/9/7/7/TEXTURE_564290F8998644E39A2118D5C683187B_AUTODXT_5ABA6A55496F5E5AE53DAAA38D1DB__0C5BABBEF395CA8B984869A86C774FF86546BE0A.udd" 3337
"C:/Users/yarik/AppData/Local/UnrealEngine/Common/DerivedDataCache/9/2/6/TEXTURE_564290F8998644E39A2118D5C683187B_AUTODXT_5ABA6A55496F5E5AE53DAAA38D1DB__754226CD8ECAB5229066CCE642AF003CEEC77E72.udd" 3338
"C:/Users/yarik/AppData/Local/UnrealEngine/Common/DerivedDataCache/4/7/8/TEXTURE_564290F8998644E39A2118D5C683187B_AUTODXT_5ABA6A55496F5E5AE53DAAA38D1DB__5D3CBF3AF8D8B77458D63FB474662D80B9B52F22.udd" 3339
"C:/Users/yarik/AppData/Local/UnrealEngine/Common/DerivedDataCache/3/8/2/TEXTURE_564290F8998644E39A2118D5C683187B_AUTODXT_5ABA6A55496F5E5AE53DAAA38D1DB__0D43A52966B697B8B3D1C61FCAF1E47CD8E81FA3.udd" 3340
"C:/Users/yarik/AppData/Local/UnrealEngine/Common/DerivedDataCache/7/4/2/TEXTURE_564290F8998644E39A2118D5C683187B_AUTODXT_5ABA6A55496F5E5AE53DAAA38D1DB__B7165B3C98194EF725BCA5B66ABFD86EFE09F337.udd" 3341
"C:/Users/yarik/AppData/Local/UnrealEngine/Common/DerivedDataCache/4/7/0/TEXTURE_564290F8998644E39A2118D5C683187B_BC5_0C90C1034DFCBEADD4D5A0BDD15FB1EF___03AA13F2AC9D9B2C9FC45FC4E3D74EB39AF804ED.udd" 3342
"C:/Users/yarik/AppData/Local/UnrealEngine/Common/DerivedDataCache/4/5/0/TEXTURE_564290F8998644E39A2118D5C683187B_BC5_0C90C1034DFCBEADD4D5A0BDD15FB1EF___12FD62E2368354E6C60D0F55EDBF3FF53DD08DA0.udd" 3343
"C:/Users/yarik/AppData/Local/UnrealEngine/Common/DerivedDataCache/7/3/3/TEXTURE_564290F8998644E39A2118D5C683187B_BC5_09B51AD846300E6CD16AC787B56D7D5D___7E7DE130B5D57B51E330AC07A8B083A8E4E438A7.udd" 3344
"C:/Users/yarik/AppData/Local/UnrealEngine/Common/DerivedDataCache/4/3/0/TEXTURE_564290F8998644E39A2118D5C683187B_BC5_0C90C1034DFCBEADD4D5A0BDD15FB1EF___94905B073287BA3831DA4C07E866EE5188B515E1.udd" 3345
"C:/Users/yarik/AppData/Local/UnrealEngine/Common/DerivedDataCache/5/2/0/TEXTURE_564290F8998644E39A2118D5C683187B_BC5_0C90C1034DFCBEADD4D5A0BDD15FB1EF___780654A0D22852693DF787B36D2AA6ECC99A362D.udd" 3346
"C:/Users/yarik/AppData/Local/UnrealEngine/Common/DerivedDataCache/3/1/5/TEXTURE_564290F8998644E39A2118D5C683187B_BC5_1589817E48BF4955381051B081D23FEE___00AC1E1279A115CC3353642EE10B8EB527B2A21C.udd" 3347
"C:/Users/yarik/AppData/Local/UnrealEngine/Common/DerivedDataCache/8/4/0/TEXTURE_564290F8998644E39A2118D5C683187B_BC5_09B51AD846300E6CD16AC787B56D7D5D___236FB6F9293375C927356BB4DA8709EE288F3235.udd" 3348
"C:/Users/yarik/AppData/Local/UnrealEngine/Common/DerivedDataCache/5/1/2/TEXTURE_564290F8998644E39A2118D5C683187B_BC5_0C90C1034DFCBEADD4D5A0BDD15FB1EF___3C4FA14F15C1B85D2EAACB02B310EFDD2CAA947A.udd" 3349
"C:/Users/yarik/AppData/Local/UnrealEngine/Common/DerivedDataCache/8/4/4/MATSM_EEC7EF19B1AF435984C9604C80FF9350_PCD3D_SM5_8__BC5N_NOCCBN_NOIRIS_DEV_SL___E4A68C1870BDF8F3FDC1CA5F1EC516840EC77FE0.udd" 3350
"C:/Users/yarik/AppData/Local/UnrealEngine/Common/DerivedDataCache/9/9/4/TEXTURE_564290F8998644E39A2118D5C683187B_AUTODXT_6221AF1547DD2FDF079A9792D64D3__61D54DBB9C33E0837C7ABF245258D3CF956EFA90.udd" 3351
"C:/Users/yarik/AppData/Local/UnrealEngine/Common/DerivedDataCache/0/4/5/TEXTURE_564290F8998644E39A2118D5C683187B_AUTODXT_6221AF1547DD2FDF079A9792D64D3__E8C407E30518DB7D1A124D39899A75F90BABBDC1.udd" 3352
"C:/Users/yarik/AppData/Local/UnrealEngine/Common/DerivedDataCache/2/5/8/TEXTURE_564290F8998644E39A2118D5C683187B_AUTODXT_6221AF1547DD2FDF079A9792D64D3__94A9041E75FA971D06A666138AA392CA74383B0A.udd" 3353
"C:/Users/yarik/AppData/Local/UnrealEngine/Common/DerivedDataCache/8/0/5/TEXTURE_564290F8998644E39A2118D5C683187B_AUTODXT_6221AF1547DD2FDF079A9792D64D3__2B0F43E945327429702D7AA2B876F70AC1AE5264.udd" 3354
"C:/Users/yarik/AppData/Local/UnrealEngine/Common/DerivedDataCache/2/2/7/TEXTURE_564290F8998644E39A2118D5C683187B_AUTODXT_6221AF1547DD2FDF079A9792D64D3__794846C28B1ACB2DC81279639407AA5B014E4169.udd" 3355
"C:/Users/yarik/AppData/Local/UnrealEngine/Common/DerivedDataCache/5/9/7/TEXTURE_564290F8998644E39A2118D5C683187B_AUTODXT_6221AF1547DD2FDF079A9792D64D3__BC7498F0E01E06F80B3EE034ABE69D090CF68414.udd" 3356
"C:/Users/yarik/AppData/Local/UnrealEngine/Common/DerivedDataCache/3/9/9/TEXTURE_564290F8998644E39A2118D5C683187B_AUTODXT_AC0A48E74092DD5C242144B4EFF68__8DE063144D2053F3D1B127571291D5C55031CF9B.udd" 3357
"C:/Users/yarik/AppData/Local/UnrealEngine/Common/DerivedDataCache/6/5/8/TEXTURE_564290F8998644E39A2118D5C683187B_AUTODXT_AC0A48E74092DD5C242144B4EFF68__FC0FC981862BADD2D82EB6A75420447B8FA0A10F.udd" 3358
"C:/Users/yarik/AppData/Local/UnrealEngine/Common/DerivedDataCache/3/5/3/TEXTURE_564290F8998644E39A2118D5C683187B_AUTODXT_AC0A48E74092DD5C242144B4EFF68__E0603A766683738F04C4B519819C5E1F081D0643.udd" 3359
"C:/Users/yarik/AppData/Local/UnrealEngine/Common/DerivedDataCache/5/7/7/TEXTURE_564290F8998644E39A2118D5C683187B_AUTODXT_AC0A48E74092DD5C242144B4EFF68__921DBAB06DFA1A7AAF3638B4AD3E0621F45CDD83.udd" 3360
"C:/Users/yarik/AppData/Local/UnrealEngine/Common/DerivedDataCache/0/5/6/TEXTURE_564290F8998644E39A2118D5C683187B_AUTODXT_AC0A48E74092DD5C242144B4EFF68__5B0D57EB023A4222C0CB03DEC649D7DBDED78125.udd" 3361
"C:/Users/yarik/AppData/Local/UnrealEngine/Common/DerivedDataCache/6/9/2/TEXTURE_564290F8998644E39A2118D5C683187B_AUTODXT_AC0A48E74092DD5C242144B4EFF68__93883BE4C7FEE2F88085A07BD840EC91019B1C30.udd" 3362
"C:/Users/yarik/AppData/Local/UnrealEngine/Common/DerivedDataCache/4/0/6/TEXTURE_564290F8998644E39A2118D5C683187B_BC5_3562BDFB40001C2FC069FC88B6D184D3___1F82E68E8CCACCF30C17A59A6AFD8D7C4C3795B6.udd" 3363
"C:/Users/yarik/AppData/Local/UnrealEngine/Common/DerivedDataCache/8/7/1/TEXTURE_564290F8998644E39A2118D5C683187B_BC5_3562BDFB40001C2FC069FC88B6D184D3___98AF6FD682BBFCEE07FF19F1F6DA51010ECDFBAB.udd" 3364
"C:/Users/yarik/AppData/Local/UnrealEngine/Common/DerivedDataCache/3/4/3/TEXTURE_564290F8998644E39A2118D5C683187B_BC5_3562BDFB40001C2FC069FC88B6D184D3___87B0115278AE7F1F6C3F2BDF5C80AC0529B2D4EC.udd" 3365
"C:/Users/yarik/AppData/Local/UnrealEngine/Common/DerivedDataCache/8/7/6/TEXTURE_564290F8998644E39A2118D5C683187B_BC5_3562BDFB40001C2FC069FC88B6D184D3___EFEEB2F9D9C700F78E983DFAF7CF516C4C3F6A8F.udd" 3366
"C:/Users/yarik/AppData/Local/UnrealEngine/Common/DerivedDataCache/7/2/7/TEXTURE_564290F8998644E39A2118D5C683187B_BC5_3562BDFB40001C2FC069FC88B6D184D3___323B6AB793D6E53F0A270E0D8000D29ABC10C888.udd" 3367
"C:/Users/yarik/AppData/Local/UnrealEngine/Common/DerivedDataCache/7/8/4/TEXTURE_564290F8998644E39A2118D5C683187B_BC5_3562BDFB40001C2FC069FC88B6D184D3___1C3C410C72D927543D39014F46ECA010C58F21B1.udd" 3368
"C:/Users/yarik/AppData/Local/UnrealEngine/Common/DerivedDataCache/8/4/2/TEXTURE_564290F8998644E39A2118D5C683187B_BGRA8_0460E8484F25D23711F377ADAA2B60F__7340FE3F39999225D9DA7398F5CF59E03BF4B6A2.udd" 3369
"../../../Engine/Content/EngineSounds/Submixes/MasterEQSubmixDefault.uasset" 3370
"../../../Engine/Content/EngineSounds/Submixes/MasterEQEffectPreset.uasset" 3371
"../../../Engine/Content/EngineSounds/Submixes/MasterSubmixDefault.uasset" 3372
"../../../Engine/Content/EngineSounds/Submixes/MasterReverbSubmixDefault.uasset" 3373
"../../../Engine/Content/EngineSounds/Submixes/MasterReverbEffectPreset.uasset" 3374
"../../../Engine/Content/MobileResources/HUD/T_Castle_ThumbstickOutter.uasset" 3375
"../../../Engine/Content/MobileResources/HUD/T_Castle_ThumbstickInner.uasset" 3376
"../../../Engine/Content/MobileResources/HUD/MobileHUDDirectionStick.uasset" 3377
"../../../Engine/Content/MobileResources/HUD/MobileHUDDirectionPad3.uasset" 3378
"../../../Engine/Content/MobileResources/HUD/MobileHUDDirectionPad2.uasset" 3379
"../../../Engine/Content/MobileResources/HUD/MobileHUDDirectionPad.uasset" 3380
"../../../Engine/Content/MobileResources/HUD/MobileHUDButtonFire.uasset" 3381
"../../../Engine/Content/MobileResources/HUD/MobileHUDButton3.uasset" 3382
"../../../Engine/Content/MobileResources/HUD/MobileHUDButton2_on.uasset" 3383
"../../../Engine/Content/MobileResources/HUD/MobileHUDButton2_off.uasset" 3384
"../../../Engine/Content/MobileResources/HUD/MobileHUDButton1_on.uasset" 3385
"../../../Engine/Content/MobileResources/HUD/MobileHUDButton1_off.uasset" 3386
"../../../Engine/Content/MobileResources/HUD/LeftVirtualJoystickOnly.uasset" 3387
"../../../Engine/Content/MobileResources/HUD/AnalogHat.uasset" 3388
"../../../Engine/Content/MobileResources/T_MobileMenu2.uasset" 3389
"../../../Engine/Content/MobileResources/T_MobileControls_texture.uasset" 3390
"../../../Engine/Content/Maps/Entry.umap" 3391
"../../../Engine/Content/Maps/Entry_BuiltData.uasset" 3392
"../../../../../../Users/Yaroslav/OneDrive/Unreal/Unreal Projects/Project/JamProject05/Content/ThirdPersonBP/Maps/ThirdPersonExampleMap.umap" 3393
"../../../../../../Users/Yaroslav/OneDrive/Unreal/Unreal Projects/Project/JamProject05/Content/ThirdPersonBP/Maps/ThirdPersonExampleMap_BuiltData.uasset" 3394
"../../../../../../Users/Yaroslav/OneDrive/Unreal/Unreal Projects/Project/JamProject05/Content/Geometry/Meshes/1M_Cube.uasset" 3395
"../../../../../../Users/Yaroslav/OneDrive/Unreal/Unreal Projects/Project/JamProject05/Content/Geometry/Meshes/CubeMaterial.uasset" 3396
"../../../../../../Users/Yaroslav/OneDrive/Unreal/Unreal Projects/Project/JamProject05/Content/Geometry/Meshes/1M_Cube_Chamfer.uasset" 3397
"../../../../../../Users/Yaroslav/OneDrive/Unreal/Unreal Projects/Project/JamProject05/Content/Geometry/Meshes/TemplateFloor.uasset" 3398
"../../../../../../Users/Yaroslav/OneDrive/Unreal/Unreal Projects/Project/JamProject05/Content/ThirdPerson/Meshes/Bump_StaticMesh.uasset" 3399
"../../../../../../Users/Yaroslav/OneDrive/Unreal/Unreal Projects/Project/JamProject05/Content/ThirdPerson/Meshes/RampMaterial.uasset" 3400
"../../../../../../Users/Yaroslav/OneDrive/Unreal/Unreal Projects/Project/JamProject05/Content/ThirdPerson/Meshes/LeftArm_StaticMesh.uasset" 3401
"../../../../../../Users/Yaroslav/OneDrive/Unreal/Unreal Projects/Project/JamProject05/Content/ThirdPerson/Meshes/Linear_Stair_StaticMesh.uasset" 3402
"../../../../../../Users/Yaroslav/OneDrive/Unreal/Unreal Projects/Project/JamProject05/Content/ThirdPerson/Meshes/Ramp_StaticMesh.uasset" 3403
"../../../../../../Users/Yaroslav/OneDrive/Unreal/Unreal Projects/Project/JamProject05/Content/ThirdPerson/Meshes/RightArm_StaticMesh.uasset" 3404
"../../../../../../Users/Yaroslav/OneDrive/Unreal/Unreal Projects/Project/JamProject05/Content/Cinematics/Maps/Level_Cinimatics.umap" 3405
"../../../../../../Users/Yaroslav/OneDrive/Unreal/Unreal Projects/Project/JamProject05/Content/Cinematics/Maps/Level_Cinimatics_BuiltData.uasset" 3406
"C:/Users/yarik/AppData/Local/UnrealEngine/Common/DerivedDataCache/1/7/9/PHYSX_A08609EF508D460CBB6710540B03AACF_PHYSXPC_5ABFF65643FFCE123AD46B932E39CC79__1_0_0_0_2_13315_0.udd" 3407
"C:/Users/yarik/AppData/Local/UnrealEngine/Common/DerivedDataCache/7/7/2/PHYSX_A08609EF508D460CBB6710540B03AACF_PHYSXPC_C5AAFDA0414C8E4ABC94FF91300AFD5B__1_0_0_0_2_13315_0.udd" 3408
"C:/Users/yarik/AppData/Local/UnrealEngine/Common/DerivedDataCache/1/0/1/TEXTURE_564290F8998644E39A2118D5C683187B_BGRA8_EE649FC541AC7F42B6B5308772C3103__E3CC99BFC53BA58DD02DF03C147C6118AE25373F.udd" 3409
"C:/Users/yarik/AppData/Local/UnrealEngine/Common/DerivedDataCache/3/7/1/TEXTURE_564290F8998644E39A2118D5C683187B_BGRA8_4D25E43642099CA4FF3A619536EBD34__6B029B637ED28A9DFDC8DBAA626CC2BE82A8F29E.udd" 3410
"C:/Users/yarik/AppData/Local/UnrealEngine/Common/DerivedDataCache/6/0/9/TEXTURE_564290F8998644E39A2118D5C683187B_BGRA8_5483B68846D04AA44E772AA583CE1AE__280268E7E7B2B1986AD3713389739B2779650E45.udd" 3411
"C:/Users/yarik/AppData/Local/UnrealEngine/Common/DerivedDataCache/8/4/2/TEXTURE_564290F8998644E39A2118D5C683187B_BGRA8_2F6CD93D4D130CC104776ABD9ED9433__1361473A1B789F86AB5DE134F659C8C22CF8D11A.udd" 3412
"C:/Users/yarik/AppData/Local/UnrealEngine/Common/DerivedDataCache/7/8/9/TEXTURE_564290F8998644E39A2118D5C683187B_BGRA8_66556D394F89EC8E088D799C71C3CE1__D78B66F3D7BE4CFE42430CEEE956B775E979C5D4.udd" 3413
"C:/Users/yarik/AppData/Local/UnrealEngine/Common/DerivedDataCache/4/4/2/TEXTURE_564290F8998644E39A2118D5C683187B_BGRA8_3E64C12440936424CE6517B0F94BE55__915DCBDA1DBD4FE16426B5AA5A35C207C817E533.udd" 3414
"C:/Users/yarik/AppData/Local/UnrealEngine/Common/DerivedDataCache/9/0/6/TEXTURE_564290F8998644E39A2118D5C683187B_BGRA8_7A476ABD485B208B14129EBDD09A42C__C86BF3317B3B01A79A2724AF21F244F238C766E0.udd" 3415
"C:/Users/yarik/AppData/Local/UnrealEngine/Common/DerivedDataCache/3/9/6/TEXTURE_564290F8998644E39A2118D5C683187B_BGRA8_F036086B490393FDFFDFE3831A53562__BB9187291994920A67C5EA54823B781C5068C6FE.udd" 3416
"C:/Users/yarik/AppData/Local/UnrealEngine/Common/DerivedDataCache/3/6/2/TEXTURE_564290F8998644E39A2118D5C683187B_BGRA8_7D4CA2754AA39FAB72AA8FBE3C52AF4__41D8E0BB449B5BE86C39507F4E1A3FDD8D55043B.udd" 3417
"C:/Users/yarik/AppData/Local/UnrealEngine/Common/DerivedDataCache/9/7/5/TEXTURE_564290F8998644E39A2118D5C683187B_BGRA8_EE649FC541AC7F42B6B5308772C3103__CE283F31E5634335B0FF005FF7BC4667F3AE1EA6.udd" 3418
"C:/Users/yarik/AppData/Local/UnrealEngine/Common/DerivedDataCache/6/4/7/TEXTURE_564290F8998644E39A2118D5C683187B_BGRA8_63F2EDC9405CE6ED25AF67A7BA300A3__AF327883D7CB9B0F4AB2B4732BD9ADFA18F0329D.udd" 3419
"C:/Users/yarik/AppData/Local/UnrealEngine/Common/DerivedDataCache/9/4/3/TEXTURE_564290F8998644E39A2118D5C683187B_BGRA8_5B03E479492CD6114E89FC9F48B3F2E__7F0A51A3F615FE2DBA75C7E972F353B2FD2EA830.udd" 3420
"C:/Users/yarik/AppData/Local/UnrealEngine/Common/DerivedDataCache/6/5/5/TEXTURE_564290F8998644E39A2118D5C683187B_BGRA8_AEC84A984C48B18CADAAEA8A0BACBF7__F52F7E7B1EB6F8FA01A16F2419875D0FD68672C4.udd" 3421
"C:/Users/yarik/AppData/Local/UnrealEngine/Common/DerivedDataCache/3/9/2/TEXTURE_564290F8998644E39A2118D5C683187B_BGRA8_823B2D724BE065E140CC75BF1161D90__137DB0BE299039408629AE9F7897D677F887A60F.udd" 3422
"C:/Users/yarik/AppData/Local/UnrealEngine/Common/DerivedDataCache/8/7/1/TEXTURE_564290F8998644E39A2118D5C683187B_BGRA8_E215C1E74DD6798E7C3257A2428B08D__ED3AC97A991C9F91F5511D5B65EAAC3C78DE687E.udd" 3423
"C:/Users/yarik/AppData/Local/UnrealEngine/Common/DerivedDataCache/5/5/3/TEXTURE_564290F8998644E39A2118D5C683187B_BGRA8_1BE9E0E14D85EC0EEEAB048720ED3A2__D43A29CEF11478D13D90FF61E3AD565A206D8373.udd" 3424
"C:/Users/yarik/AppData/Local/UnrealEngine/Common/DerivedDataCache/8/8/0/PHYSX_PHYSXPC_FULL_CC58B9FA08AD47E3BF06976E60B693C3_1F937D1A8B57E1802D3D64C7D4A624CC.udd" 3425
"C:/Users/yarik/AppData/Local/UnrealEngine/Common/DerivedDataCache/3/0/6/PHYSX_PHYSXPC_VIS_CC58B9FA08AD47E3BF06976E60B693C3_728AF4714E97DD7A667C1C8E2FEC9D7D.udd" 3426
"C:/Users/yarik/AppData/Local/UnrealEngine/Common/DerivedDataCache/7/0/2/PHYSX_PHYSXPC_FULL_CC58B9FA08AD47E3BF06976E60B693C3_A390DA837F2125DE764C3EA3066B4497.udd" 3427
"C:/Users/yarik/AppData/Local/UnrealEngine/Common/DerivedDataCache/8/9/7/PHYSX_PHYSXPC_VIS_CC58B9FA08AD47E3BF06976E60B693C3_F6E9CDD7483A97A7A488F8824DAEDA1C.udd" 3428
"C:/Users/yarik/AppData/Local/UnrealEngine/Common/DerivedDataCache/3/7/8/PHYSX_PHYSXPC_FULL_CC58B9FA08AD47E3BF06976E60B693C3_7A42EF13F1C45E64EB3027E5679505A0.udd" 3429
"C:/Users/yarik/AppData/Local/UnrealEngine/Common/DerivedDataCache/7/1/9/PHYSX_PHYSXPC_VIS_CC58B9FA08AD47E3BF06976E60B693C3_8F01311A4194367A1946CFB3FDFBEACB.udd" 3430
"C:/Users/yarik/AppData/Local/UnrealEngine/Common/DerivedDataCache/1/9/6/PHYSX_PHYSXPC_FULL_CC58B9FA08AD47E3BF06976E60B693C3_CE56E9DCDB62AA5BAAC7FF3076F2D06E.udd" 3431
"C:/Users/yarik/AppData/Local/UnrealEngine/Common/DerivedDataCache/2/7/8/PHYSX_PHYSXPC_VIS_CC58B9FA08AD47E3BF06976E60B693C3_A7B1BB5646AA0E4C2FD7708FCF00B0CA.udd" 3432
"C:/Users/yarik/AppData/Local/UnrealEngine/Common/DerivedDataCache/1/3/1/PHYSX_PHYSXPC_FULL_CC58B9FA08AD47E3BF06976E60B693C3_B676ADF8C75CABF702E7B26DF85C19F8.udd" 3433
"C:/Users/yarik/AppData/Local/UnrealEngine/Common/DerivedDataCache/0/2/4/PHYSX_PHYSXPC_VIS_CC58B9FA08AD47E3BF06976E60B693C3_6AC5F09141F4920E1F0511AD75F68635.udd" 3434
"C:/Users/yarik/AppData/Local/UnrealEngine/Common/DerivedDataCache/4/4/3/PHYSX_PHYSXPC_FULL_CC58B9FA08AD47E3BF06976E60B693C3_DBDAA79E1FD3902796F77A8A8A5438A4.udd" 3435
"C:/Users/yarik/AppData/Local/UnrealEngine/Common/DerivedDataCache/9/4/4/PHYSX_PHYSXPC_VIS_CC58B9FA08AD47E3BF06976E60B693C3_03DBECCA497A6B4DA2070DAAC6FBB6A1.udd" 3436
"C:/Users/yarik/AppData/Local/UnrealEngine/Common/DerivedDataCache/0/6/1/PHYSX_PHYSXPC_FULL_CC58B9FA08AD47E3BF06976E60B693C3_421B4FA780AF05987A7814EDF296DE74.udd" 3437
"C:/Users/yarik/AppData/Local/UnrealEngine/Common/DerivedDataCache/8/6/5/PHYSX_PHYSXPC_VIS_CC58B9FA08AD47E3BF06976E60B693C3_308A30F44F71DC45C3766E815EC68D21.udd" 3438
"C:/Users/yarik/AppData/Local/UnrealEngine/Common/DerivedDataCache/6/7/2/PHYSX_PHYSXPC_FULL_CC58B9FA08AD47E3BF06976E60B693C3_DE62DDCF9A9CB8DC6C1BA8C052268392.udd" 3439
"C:/Users/yarik/AppData/Local/UnrealEngine/Common/DerivedDataCache/3/0/4/PHYSX_PHYSXPC_VIS_CC58B9FA08AD47E3BF06976E60B693C3_4F697A4C4D5AC9E25AAB3A8640FA7414.udd" 3440
"C:/Users/yarik/AppData/Local/UnrealEngine/Common/DerivedDataCache/2/2/0/PHYSX_PHYSXPC_FULL_CC58B9FA08AD47E3BF06976E60B693C3_F5611D6F654D31090953F2044AD5C809.udd" 3441
"C:/Users/yarik/AppData/Local/UnrealEngine/Common/DerivedDataCache/4/6/5/PHYSX_PHYSXPC_VIS_CC58B9FA08AD47E3BF06976E60B693C3_CE976C6C42F77AFB1EBC78BF11DB7852.udd" 3442
"C:/Users/yarik/AppData/Local/UnrealEngine/Common/DerivedDataCache/2/5/2/PHYSX_PHYSXPC_FULL_CC58B9FA08AD47E3BF06976E60B693C3_325CA58D4908A6C28CDC30B8F8BCEB84.udd" 3443
"C:/Users/yarik/AppData/Local/UnrealEngine/Common/DerivedDataCache/4/7/2/PHYSX_PHYSXPC_VIS_CC58B9FA08AD47E3BF06976E60B693C3_F4490EAD4422736940A6C5A2D1E1BC68.udd" 3444
"C:/Users/yarik/AppData/Local/UnrealEngine/Common/DerivedDataCache/9/3/0/PHYSX_PHYSXPC_FULL_CC58B9FA08AD47E3BF06976E60B693C3_455E4484A4138DB33F324E5B01CCD8B2.udd" 3445
"C:/Users/yarik/AppData/Local/UnrealEngine/Common/DerivedDataCache/8/0/6/PHYSX_PHYSXPC_VIS_CC58B9FA08AD47E3BF06976E60B693C3_8AE2C839451CDA4117052E9EAA307971.udd" 3446
"C:/Users/yarik/AppData/Local/UnrealEngine/Common/DerivedDataCache/0/1/1/PHYSX_PHYSXPC_FULL_CC58B9FA08AD47E3BF06976E60B693C3_C45DFE44245FEE483CC3C43906929298.udd" 3447
"C:/Users/yarik/AppData/Local/UnrealEngine/Common/DerivedDataCache/3/8/6/PHYSX_PHYSXPC_VIS_CC58B9FA08AD47E3BF06976E60B693C3_7F52C7EC46683735E884A895C56F4FDA.udd" 3448
"C:/Users/yarik/AppData/Local/UnrealEngine/Common/DerivedDataCache/9/0/3/PHYSX_PHYSXPC_FULL_CC58B9FA08AD47E3BF06976E60B693C3_BE4F4BCEC9C0A4B792182D7651B99734.udd" 3449
"C:/Users/yarik/AppData/Local/UnrealEngine/Common/DerivedDataCache/1/0/3/PHYSX_PHYSXPC_VIS_CC58B9FA08AD47E3BF06976E60B693C3_0F708F3847B050C5CD36F6B51FBBBCB5.udd" 3450
"C:/Users/yarik/AppData/Local/UnrealEngine/Common/DerivedDataCache/8/3/4/PHYSX_PHYSXPC_FULL_CC58B9FA08AD47E3BF06976E60B693C3_3572F1B8B9FBAE914463B720AA551FC0.udd" 3451
"C:/Users/yarik/AppData/Local/UnrealEngine/Common/DerivedDataCache/9/7/7/PHYSX_PHYSXPC_VIS_CC58B9FA08AD47E3BF06976E60B693C3_F4804356467A4062D19059B177FEA030.udd" 3452
"../../../../../../Users/Yaroslav/OneDrive/Unreal/Unreal Projects/Project/JamProject05/Content/Cinematics/S_Main.uasset" 3453
"../../../../../../Users/Yaroslav/OneDrive/Unreal/Unreal Projects/Project/JamProject05/Content/SmallSoundKit/SSKWav/AmbienceWav/Amb_Desert_01.uasset" 3454
"C:/Users/yarik/AppData/Local/UnrealEngine/Common/DerivedDataCache/0/7/0/AUDIO_0005_0000_OGG10000$2D1$2D1$2D1$2D1$2D1_0003_BF99B3F541BE49995CA6D69C68BAF051.udd" 3455
"../../../../../../Users/Yaroslav/OneDrive/Unreal/Unreal Projects/Project/JamProject05/Content/ModularSkeletonArmy/CharacterParts_Skeleton/Materials/Skeleton/MI_skelly_dress_01_yellow.uasset" 3456
"../../../../../../Users/Yaroslav/OneDrive/Unreal/Unreal Projects/Project/JamProject05/Content/ModularSkeletonArmy/CharacterParts_Skeleton/Materials/Skeleton/MI_skelly_dress_01_dark.uasset" 3457
"../../../../../../Users/Yaroslav/OneDrive/Unreal/Unreal Projects/Project/JamProject05/Content/Maps/Level-SpecificBlueprints/BP_Wind.uasset" 3458
"../../../../../../Users/Yaroslav/OneDrive/Unreal/Unreal Projects/Project/JamProject05/Content/Mannequin/Character/Textures/UE4_Mannequin__normals.uasset" 3459
"../../../../../../Users/Yaroslav/OneDrive/Unreal/Unreal Projects/Project/JamProject05/Content/Mannequin/Character/Textures/UE4_Mannequin_MAT_MASKA.uasset" 3460
"../../../../../../Users/Yaroslav/OneDrive/Unreal/Unreal Projects/Project/JamProject05/Content/Mannequin/Character/Textures/UE4_LOGO_CARD.uasset" 3461
"../../../../../../Users/Yaroslav/OneDrive/Unreal/Unreal Projects/Project/JamProject05/Content/Mannequin/Character/Textures/UE4Man_Logo_N.uasset" 3462
"../../../../../../Users/Yaroslav/OneDrive/Unreal/Unreal Projects/Project/JamProject05/Content/Mannequin/Character/Mesh/SK_Mannequin_PhysicsAsset.uasset" 3463
"../../../../../../Users/Yaroslav/OneDrive/Unreal/Unreal Projects/Project/JamProject05/Content/Mannequin/Character/Mesh/SK_Mannequin.uasset" 3464
"../../../../../../Users/Yaroslav/OneDrive/Unreal/Unreal Projects/Project/JamProject05/Content/Mannequin/Character/Materials/M_UE4Man_Body.uasset" 3465
"../../../Engine/Content/Functions/MaterialLayerFunctions/MatLayerBlend_NormalBlend.uasset" 3466
"../../../Engine/Content/Functions/MaterialLayerFunctions/MatLayerBlend_Simple.uasset" 3467
"../../../../../../Users/Yaroslav/OneDrive/Unreal/Unreal Projects/Project/JamProject05/Content/Mannequin/Character/Materials/MaterialLayers/ML_GlossyBlack_Latex_UE4.uasset" 3468
"../../../../../../Users/Yaroslav/OneDrive/Unreal/Unreal Projects/Project/JamProject05/Content/Mannequin/Character/Materials/MaterialLayers/T_ML_Rubber_Blue_01_D.uasset" 3469
"../../../../../../Users/Yaroslav/OneDrive/Unreal/Unreal Projects/Project/JamProject05/Content/Mannequin/Character/Materials/MaterialLayers/T_ML_Rubber_Blue_01_N.uasset" 3470
"../../../../../../Users/Yaroslav/OneDrive/Unreal/Unreal Projects/Project/JamProject05/Content/Mannequin/Character/Materials/MaterialLayers/ML_Plastic_Shiny_Beige.uasset" 3471
"../../../../../../Users/Yaroslav/OneDrive/Unreal/Unreal Projects/Project/JamProject05/Content/Mannequin/Character/Materials/MaterialLayers/ML_Plastic_Shiny_Beige_LOGO.uasset" 3472
"../../../../../../Users/Yaroslav/OneDrive/Unreal/Unreal Projects/Project/JamProject05/Content/Mannequin/Character/Materials/MaterialLayers/ML_SoftMetal_UE4.uasset" 3473
"../../../../../../Users/Yaroslav/OneDrive/Unreal/Unreal Projects/Project/JamProject05/Content/Mannequin/Character/Materials/MaterialLayers/T_ML_Aluminum01.uasset" 3474
"../../../../../../Users/Yaroslav/OneDrive/Unreal/Unreal Projects/Project/JamProject05/Content/Mannequin/Character/Materials/MaterialLayers/T_ML_Aluminum01_N.uasset" 3475
"../../../../../../Users/Yaroslav/OneDrive/Unreal/Unreal Projects/Project/JamProject05/Content/Mannequin/Character/Materials/M_UE4Man_ChestLogo.uasset" 3476
"../../../../../../Users/Yaroslav/OneDrive/Unreal/Unreal Projects/Project/JamProject05/Content/Mannequin/Animations/ThirdPerson_TopIdle.uasset" 3477
"C:/Users/yarik/AppData/Local/UnrealEngine/Common/DerivedDataCache/5/6/4/ANIMSEQ_D8E26604610C43A4A2DCB8A690657705_0_9517949458815C6D20E571D248E7FAFB60E__DC50A64FB14782C519CA36DB4C2A9218C6B3728F.udd" 3478
"../../../../../../Users/Yaroslav/OneDrive/Unreal/Unreal Projects/Project/JamProject05/Content/Mannequin/Animations/ThirdPersonJump_End.uasset" 3479
"C:/Users/yarik/AppData/Local/UnrealEngine/Common/DerivedDataCache/3/5/3/ANIMSEQ_D8E26604610C43A4A2DCB8A690657705_0_F41B9E5BF55D450BC8092FB29973823960E__BC3804EFAC3DFA876D54A3193F0F440F8C01989F.udd" 3480
"../../../../../../Users/Yaroslav/OneDrive/Unreal/Unreal Projects/Project/JamProject05/Content/Mannequin/Animations/Anim.uasset" 3481
"C:/Users/yarik/AppData/Local/UnrealEngine/Common/DerivedDataCache/6/8/4/ANIMSEQ_D8E26604610C43A4A2DCB8A690657705_0_D385F2700878BE411CC857C882C38C2E60E__FF6B09546BF0741244365928DB10F561B360E7D4.udd" 3482
"../../../../../../Users/Yaroslav/OneDrive/Unreal/Unreal Projects/Project/JamProject05/Content/Hell/Textures/T_Worm02_Norm.uasset" 3483
"C:/Users/yarik/AppData/Local/UnrealEngine/Common/DerivedDataCache/0/8/1/TEXTURE_564290F8998644E39A2118D5C683187B_BC5_3E1E9AA94D3F684CF057C496C8912FE3___0196F2C971594745BAD0BC453506323784EE199A.udd" 3484
"../../../../../../Users/Yaroslav/OneDrive/Unreal/Unreal Projects/Project/JamProject05/Content/Hell/Textures/T_Worm02_HRM.uasset" 3485
"C:/Users/yarik/AppData/Local/UnrealEngine/Common/DerivedDataCache/4/1/7/TEXTURE_564290F8998644E39A2118D5C683187B_BC5_3E1E9AA94D3F684CF057C496C8912FE3___941AA9CFC33E0EE2D86BD1ED4945C32E95F567E4.udd" 3486
"C:/Users/yarik/AppData/Local/UnrealEngine/Common/DerivedDataCache/3/6/4/TEXTURE_564290F8998644E39A2118D5C683187B_BC5_3E1E9AA94D3F684CF057C496C8912FE3___084CE398594244D872C615A278D9CA69E916ABDB.udd" 3487
"C:/Users/yarik/AppData/Local/UnrealEngine/Common/DerivedDataCache/7/2/1/TEXTURE_564290F8998644E39A2118D5C683187B_AUTODXT_F568CCA841D30FBCEE93AD93366BF__C92FD48742D8D79C1BDCACA202B2CF8AF615A88D.udd" 3488
"../../../../../../Users/Yaroslav/OneDrive/Unreal/Unreal Projects/Project/JamProject05/Content/Hell/Textures/T_Worm02_Emissive.uasset" 3489
"C:/Users/yarik/AppData/Local/UnrealEngine/Common/DerivedDataCache/0/5/2/TEXTURE_564290F8998644E39A2118D5C683187B_BC5_3E1E9AA94D3F684CF057C496C8912FE3___79B8A19FD6C49F4305E5F68011302539D3E0397B.udd" 3490
"C:/Users/yarik/AppData/Local/UnrealEngine/Common/DerivedDataCache/0/4/9/TEXTURE_564290F8998644E39A2118D5C683187B_AUTODXT_F568CCA841D30FBCEE93AD93366BF__32A3F20BAED07105413948BFCA4D902EC13F022A.udd" 3491
"C:/Users/yarik/AppData/Local/UnrealEngine/Common/DerivedDataCache/6/1/4/TEXTURE_564290F8998644E39A2118D5C683187B_AUTODXT_69628D184E68667A114DC987AB8A8__0352201A49840320E8354BB504207E2D90C337CB.udd" 3492
"../../../../../../Users/Yaroslav/OneDrive/Unreal/Unreal Projects/Project/JamProject05/Content/Hell/Textures/T_Worm02_BC.uasset" 3493
"C:/Users/yarik/AppData/Local/UnrealEngine/Common/DerivedDataCache/0/1/1/TEXTURE_564290F8998644E39A2118D5C683187B_AUTODXT_69628D184E68667A114DC987AB8A8__5440D3311FD7DCD4772677B4B29BDD2FD8788115.udd" 3494
"C:/Users/yarik/AppData/Local/UnrealEngine/Common/DerivedDataCache/7/7/4/TEXTURE_564290F8998644E39A2118D5C683187B_AUTODXT_69628D184E68667A114DC987AB8A8__17ADDBD0B3F28583F7211D4162C7E1593A81D2A8.udd" 3495
"C:/Users/yarik/AppData/Local/UnrealEngine/Common/DerivedDataCache/5/7/6/TEXTURE_564290F8998644E39A2118D5C683187B_AUTODXT_B4DB61ED43434937E0F704B336B90__32801CFE494AB18E29628BC3849F123AE7A495D5.udd" 3496
"../../../../../../Users/Yaroslav/OneDrive/Unreal/Unreal Projects/Project/JamProject05/Content/Hell/Textures/T_Water03_N.uasset" 3497
"C:/Users/yarik/AppData/Local/UnrealEngine/Common/DerivedDataCache/8/3/9/TEXTURE_564290F8998644E39A2118D5C683187B_AUTODXT_F568CCA841D30FBCEE93AD93366BF__D561E958FF723F4291E0E4E8124681A5370F23A4.udd" 3498
"C:/Users/yarik/AppData/Local/UnrealEngine/Common/DerivedDataCache/9/6/8/TEXTURE_564290F8998644E39A2118D5C683187B_AUTODXT_B4DB61ED43434937E0F704B336B90__5B11DA94F92C3869B637118CBAA2D0618FA04DEB.udd" 3499
"C:/Users/yarik/AppData/Local/UnrealEngine/Common/DerivedDataCache/0/6/1/TEXTURE_564290F8998644E39A2118D5C683187B_AUTODXT_B4DB61ED43434937E0F704B336B90__F17B13436AC04FF78FB3F7CA153FC708C8CBD7AD.udd" 3500
"C:/Users/yarik/AppData/Local/UnrealEngine/Common/DerivedDataCache/0/4/4/TEXTURE_564290F8998644E39A2118D5C683187B_AUTODXT_F568CCA841D30FBCEE93AD93366BF__24D7EF8504F929D106F3CB56A3D9B1CCAF3F9640.udd" 3501
"C:/Users/yarik/AppData/Local/UnrealEngine/Common/DerivedDataCache/7/5/4/TEXTURE_564290F8998644E39A2118D5C683187B_BC5_6F23872444A5C02C68E7FAB4AC090161___20109EE97B89CEF9F74D98D0B9F2A7ADF5159BAA.udd" 3502
"../../../../../../Users/Yaroslav/OneDrive/Unreal/Unreal Projects/Project/JamProject05/Content/Hell/Textures/T_Water02_N.uasset" 3503
"C:/Users/yarik/AppData/Local/UnrealEngine/Common/DerivedDataCache/7/1/3/TEXTURE_564290F8998644E39A2118D5C683187B_BC5_6F23872444A5C02C68E7FAB4AC090161___373C4011C292EFA3623C7E58696D5CB6B9BCE292.udd" 3504
"C:/Users/yarik/AppData/Local/UnrealEngine/Common/DerivedDataCache/0/1/4/TEXTURE_564290F8998644E39A2118D5C683187B_BC5_6F23872444A5C02C68E7FAB4AC090161___29AD42AEDD2B30548AF41E42A107C2CDDFE5027E.udd" 3505
"C:/Users/yarik/AppData/Local/UnrealEngine/Common/DerivedDataCache/5/2/9/TEXTURE_564290F8998644E39A2118D5C683187B_BC5_6F23872444A5C02C68E7FAB4AC090161___3884AB97368D42E4E50EFB4334E7EBB9AD832D95.udd" 3506
"C:/Users/yarik/AppData/Local/UnrealEngine/Common/DerivedDataCache/2/8/5/TEXTURE_564290F8998644E39A2118D5C683187B_AUTODXT_69628D184E68667A114DC987AB8A8__0442ADC0DCE6B0E9E1870C3FF3295CE9A7399166.udd" 3507
"../../../../../../Users/Yaroslav/OneDrive/Unreal/Unreal Projects/Project/JamProject05/Content/Hell/Textures/T_Water002_N.uasset" 3508
"C:/Users/yarik/AppData/Local/UnrealEngine/Common/DerivedDataCache/3/0/8/TEXTURE_564290F8998644E39A2118D5C683187B_AUTODXT_B4DB61ED43434937E0F704B336B90__CA6D0712402B8B42C6CD60CF8DC81A0616F20090.udd" 3509
"C:/Users/yarik/AppData/Local/UnrealEngine/Common/DerivedDataCache/4/1/9/TEXTURE_564290F8998644E39A2118D5C683187B_BC5_6F23872444A5C02C68E7FAB4AC090161___0D415F96D15E1F1A35B0EB2E2382C6ED15129AA8.udd" 3510
"C:/Users/yarik/AppData/Local/UnrealEngine/Common/DerivedDataCache/3/9/7/TEXTURE_564290F8998644E39A2118D5C683187B_BC5_56A9BBD84B334E465DD2648E6AB04907___A0D4D53837EDC2F29013E3A59EB80DCC65D00BE3.udd" 3511
"C:/Users/yarik/AppData/Local/UnrealEngine/Common/DerivedDataCache/3/9/4/TEXTURE_564290F8998644E39A2118D5C683187B_BC5_56A9BBD84B334E465DD2648E6AB04907___3C35CC2EAD3A07BCC4EF0C998517EB2FB1E2FB18.udd" 3512
"C:/Users/yarik/AppData/Local/UnrealEngine/Common/DerivedDataCache/4/7/6/TEXTURE_564290F8998644E39A2118D5C683187B_BC5_56A9BBD84B334E465DD2648E6AB04907___9E69BE3E692B27C9322481247269F2270830FEA8.udd" 3513
"C:/Users/yarik/AppData/Local/UnrealEngine/Common/DerivedDataCache/7/0/3/TEXTURE_564290F8998644E39A2118D5C683187B_BC5_56A9BBD84B334E465DD2648E6AB04907___434866E190F7C08F0C514254C261C9931846F54A.udd" 3514
"../../../../../../Users/Yaroslav/OneDrive/Unreal/Unreal Projects/Project/JamProject05/Content/Hell/Textures/T_Clouds04.uasset" 3515
"C:/Users/yarik/AppData/Local/UnrealEngine/Common/DerivedDataCache/3/8/1/TEXTURE_564290F8998644E39A2118D5C683187B_BC5_56A9BBD84B334E465DD2648E6AB04907___85701D319591C68ECE4A173A5519C821E2E6DEC8.udd" 3516
"C:/Users/yarik/AppData/Local/UnrealEngine/Common/DerivedDataCache/6/3/7/TEXTURE_564290F8998644E39A2118D5C683187B_AUTODXT_DB1806424FAF1722A39D7F90F5D62__44C212137A4DF32C13BB4EBE7D731EA6357F9AB5.udd" 3517
"C:/Users/yarik/AppData/Local/UnrealEngine/Common/DerivedDataCache/6/6/9/TEXTURE_564290F8998644E39A2118D5C683187B_AUTODXT_DB1806424FAF1722A39D7F90F5D62__DC74E021BAB54A05D378D02F876B9D449C346DDB.udd" 3518
"../../../../../../Users/Yaroslav/OneDrive/Unreal/Unreal Projects/Project/JamProject05/Content/Hell/Meshes/SM_Worms_Cluster.uasset" 3519
"C:/Users/yarik/AppData/Local/UnrealEngine/Common/DerivedDataCache/7/4/7/TEXTURE_564290F8998644E39A2118D5C683187B_AUTODXT_DB1806424FAF1722A39D7F90F5D62__37060AFA3235658FCAE68220F897A22FE31C7F67.udd" 3520
"../../../../../../Users/Yaroslav/OneDrive/Unreal/Unreal Projects/Project/JamProject05/Content/Hell/Materials/MI_Worm02.uasset" 3521
"../../../../../../Users/Yaroslav/OneDrive/Unreal/Unreal Projects/Project/JamProject05/Content/Hell/Materials/M_Worm02.uasset" 3522
"../../../Engine/Content/Functions/Engine_MaterialFunctions01/WorldPositionOffset/SimpleGrassWind.uasset" 3523
"C:/Users/yarik/AppData/Local/UnrealEngine/Common/DerivedDataCache/2/1/6/TEXTURE_564290F8998644E39A2118D5C683187B_AUTODXT_DB1806424FAF1722A39D7F90F5D62__6D04C41BCB8C4D87BCC52572752B7FF7A9A47AAA.udd" 3524
"../../../../../../Users/Yaroslav/OneDrive/Unreal/Unreal Projects/Project/JamProject05/Content/Hell/Materials/MI_Worm03.uasset" 3525
"C:/Users/yarik/AppData/Local/UnrealEngine/Common/DerivedDataCache/9/3/3/STATICMESH_F9378A28F161444987BACE79B2590E57_228332BAE0224DD294E232B87D83948FQU__0E9F4074A2B6B9DFA3FB35C02526BD4760A4B70C.udd" 3526
"C:/Users/yarik/AppData/Local/UnrealEngine/Common/DerivedDataCache/4/3/9/NAVCOLLISION_2EE6412E1E884D1AAA7F79FF760363BC_NAVCOLLISION_X_CEBA55454A669021A__41539A18669DAD24774D7EDE646A7C657A1C3646.udd" 3527
"C:/Users/yarik/AppData/Local/UnrealEngine/Common/DerivedDataCache/6/6/8/PHYSX_A08609EF508D460CBB6710540B03AACF_PHYSXPC_CEBA55454A669021A3E381ABF3C3716__57621E3DFE03007188ED9887FBAF5D9A468917E2.udd" 3528
"C:/Users/yarik/AppData/Local/UnrealEngine/Common/DerivedDataCache/9/7/0/MATSM_EEC7EF19B1AF435984C9604C80FF9350_PCD3D_SM5_8__BC5N_NOCCBN_NOIRIS_DEV_SL___E8B6005E6BECE84D87BE2958726903655399998A.udd" 3529
"../../../../../../Users/Yaroslav/OneDrive/Unreal/Unreal Projects/Project/JamProject05/Content/Hell/Meshes/SM_WaterIcePlane01.uasset" 3530
"../../../../../../Users/Yaroslav/OneDrive/Unreal/Unreal Projects/Project/JamProject05/Content/Hell/Materials/MI_Lava01.uasset" 3531
"../../../../../../Users/Yaroslav/OneDrive/Unreal/Unreal Projects/Project/JamProject05/Content/Hell/Materials/M_Lava01.uasset" 3532
"C:/Users/yarik/AppData/Local/UnrealEngine/Common/DerivedDataCache/4/9/3/STATICMESH_F9378A28F161444987BACE79B2590E57_228332BAE0224DD294E232B87D83948FQU__80275A59863633FB7B143676242A3B8E7EF1E7C4.udd" 3533
"C:/Users/yarik/AppData/Local/UnrealEngine/Common/DerivedDataCache/8/3/0/DIST_STATICMESH_F9378A28F161444987BACE79B2590E57_228332BAE0224DD294E232B87D839__43FDE9BD835F8E3B181A36A649F45198B2945631.udd" 3534
"C:/Users/yarik/AppData/Local/UnrealEngine/Common/DerivedDataCache/2/1/8/NAVCOLLISION_2EE6412E1E884D1AAA7F79FF760363BC_NAVCOLLISION_X_4E458790480771BCB__B9579B6DCC1650550416472AD7D8CE5AA42302BE.udd" 3535
"C:/Users/yarik/AppData/Local/UnrealEngine/Common/DerivedDataCache/6/3/9/PHYSX_A08609EF508D460CBB6710540B03AACF_PHYSXPC_4E458790480771BCBE36FA8FB3BAC5A__C5C7F13C89895BF74FF4BB6FC151A5B56568D056.udd" 3536
"C:/Users/yarik/AppData/Local/UnrealEngine/Common/DerivedDataCache/4/1/3/MATSM_EEC7EF19B1AF435984C9604C80FF9350_PCD3D_SM5_8__BC5N_NOCCBN_NOIRIS_DEV_SL___67EF457F99166B029C99FD0ACC7F9747E86996BC.udd" 3537
"../../../../../../Users/Yaroslav/OneDrive/Unreal/Unreal Projects/Project/JamProject05/Content/Hell/Meshes/SM_SkySphere.uasset" 3538
"../../../../../../Users/Yaroslav/OneDrive/Unreal/Unreal Projects/Project/JamProject05/Content/Hell/Materials/M_Sky.uasset" 3539
"C:/Users/yarik/AppData/Local/UnrealEngine/Common/DerivedDataCache/9/2/1/STATICMESH_F9378A28F161444987BACE79B2590E57_228332BAE0224DD294E232B87D83948FQU__314691E7DE728C8D1628152EDBFAD8AE4C500CE6.udd" 3540
"C:/Users/yarik/AppData/Local/UnrealEngine/Common/DerivedDataCache/5/0/3/NAVCOLLISION_2EE6412E1E884D1AAA7F79FF760363BC_NAVCOLLISION_X_2D53EDBF4828074B2__41096770ACD8EB955CBB7D6CC3E99EA126BC23D1.udd" 3541
"C:/Users/yarik/AppData/Local/UnrealEngine/Common/DerivedDataCache/1/8/1/MATSM_EEC7EF19B1AF435984C9604C80FF9350_PCD3D_SM5_8__BC5N_NOCCBN_NOIRIS_DEV_SL___A5F9FE8CCD051EFBE83B55C5921D037578DA205C.udd" 3542
"../../../../../../Users/Yaroslav/OneDrive/Unreal/Unreal Projects/Project/JamProject05/Content/Hell/Meshes/SM_Ruins_Circle_BorderSection01_Top02_Broken.uasset" 3543
"C:/Users/yarik/AppData/Local/UnrealEngine/Common/DerivedDataCache/7/5/7/STATICMESH_F9378A28F161444987BACE79B2590E57_228332BAE0224DD294E232B87D83948FQU__6DE554C1A6B18FE55A1C28DAFCD71D7ED59A409A.udd" 3544
"C:/Users/yarik/AppData/Local/UnrealEngine/Common/DerivedDataCache/1/6/9/NAVCOLLISION_2EE6412E1E884D1AAA7F79FF760363BC_NAVCOLLISION_X_9440A8D647D4A6C7C__B9AEBDCC25DEF8633507398FA5393A3D161F1B97.udd" 3545
"C:/Users/yarik/AppData/Local/UnrealEngine/Common/DerivedDataCache/4/4/8/PHYSX_A08609EF508D460CBB6710540B03AACF_PHYSXPC_9440A8D647D4A6C7C9F2D6AEAD25EC9__279D6F61DE774AC7CBDFAE10D23345323EFA0161.udd" 3546
"../../../../../../Users/Yaroslav/OneDrive/Unreal/Unreal Projects/Project/JamProject05/Content/Hell/Meshes/SM_Ruins_Circle_BorderSection01_Top01.uasset" 3547
"C:/Users/yarik/AppData/Local/UnrealEngine/Common/DerivedDataCache/4/4/1/STATICMESH_F9378A28F161444987BACE79B2590E57_228332BAE0224DD294E232B87D83948FQU__BA2C6CB4CD6D24463D3F3D02311CEFAAF67AEBDB.udd" 3548
"C:/Users/yarik/AppData/Local/UnrealEngine/Common/DerivedDataCache/0/5/8/NAVCOLLISION_2EE6412E1E884D1AAA7F79FF760363BC_NAVCOLLISION_X_466BF33845C776D95__DCD51765A576E795A2CE0839B2D70F6D71999BEC.udd" 3549
"C:/Users/yarik/AppData/Local/UnrealEngine/Common/DerivedDataCache/1/4/5/PHYSX_A08609EF508D460CBB6710540B03AACF_PHYSXPC_466BF33845C776D955414AA9BB841DC__3C33A681B52C88F6CF0665ED47BF69DDC4678A3F.udd" 3550
"../../../../../../Users/Yaroslav/OneDrive/Unreal/Unreal Projects/Project/JamProject05/Content/Hell/Materials/M_LavaFlow02.uasset" 3551
"C:/Users/yarik/AppData/Local/UnrealEngine/Common/DerivedDataCache/6/5/9/MATSM_EEC7EF19B1AF435984C9604C80FF9350_PCD3D_SM5_8__BC5N_NOCCBN_NOIRIS_DEV_SL___38DECCE1198772EE01BDB093FF8C6F3C59B424FA.udd" 3552
"../../../../../../Users/Yaroslav/OneDrive/Unreal/Unreal Projects/Project/JamProject05/Content/Hell/Materials/MI_LavaFlow02.uasset" 3553
